i_amp,i_pi,rep,amp,pi,n_inj_variants,n_Pa,pi_edge_realised,amp_recovered,amp_background,resid_mad_oof,n_iter_used,pi_hat,rho_hat,dBIC,pi_ci_lo,pi_ci_hi,s1,s2,TR,TR_ref_p995,TR_pctile,clause1_TR,clause2_sweep,clause3_mixture,run_sigma,run_mad,T_max,supported,refuted,DMS_id,n_Pa_obs,sigma_bias_ratio
0,0,0,2.0,0.001,46,183690,0.0005008438129457238,1.7508066293738156,0.7019016625292812,0.1885042579619026,10.0,0.1165176025227477,5.863324192507799,-145413.9333925516,0.11460494297270091,0.1184302620727945,0.9550915942247719,5.600011650478946,12.065368776127928,19.014652077609615,34.5,False,False,False,0,0,1.0032973527607632,False,True,GB1_IgG-Fc_fitness_1FCC,183690,0.9938412113964118
0,1,0,2.0,0.005,261,183690,0.00560727312319669,1.7290625475990211,0.7593093101335038,0.1953285226006154,10.0,0.11578985020152885,7.219341780435745,-193238.17751098634,0.1139727729225652,0.11760692748049249,1.0453678848146233,7.546868046767951,14.017775193997046,19.014652077609615,74.5,False,False,False,0,0,1.3466974504218072,False,True,GB1_IgG-Fc_fitness_1FCC,183690,1.0298204275093907
0,2,0,2.0,0.02,944,183690,0.01933148238880723,1.4205474243475542,0.6955472497585862,0.19588980756558275,10.0,0.14849937085555623,5.494506353878642,-136106.19859204988,0.14634656503835103,0.15065217667276143,0.9335911589007422,5.129622554505053,11.172304076085979,19.014652077609615,23.0,False,False,False,0,0,1.0383883942846566,False,True,GB1_IgG-Fc_fitness_1FCC,183690,1.0327796610861437
1,0,0,3.0,0.001,51,183690,0.0005552833578311285,2.3971441864430045,0.7389113513380523,0.1859379358435607,10.0,0.14116552593977416,5.36581693197569,-130436.03949353402,0.13904486433097557,0.14328618754857275,0.9820968565179156,5.269751941543931,11.2894909059611,19.014652077609615,24.0,False,False,False,0,0,1.0355133318747651,False,True,GB1_IgG-Fc_fitness_1FCC,183690,0.980310924545057
1,1,0,3.0,0.005,236,183690,0.0035657901899940115,2.4788105420828797,0.7802583501894772,0.18982254857585124,10.0,0.1124431431570653,7.428895507200315,-199824.57686503662,0.11065427694078857,0.11423200937334203,1.081771743635392,8.036369246109215,15.000968781546293,19.014652077609615,86.5,False,False,False,0,0,1.4101751698524914,False,True,GB1_IgG-Fc_fitness_1FCC,183690,1.0007915665496838
1,2,0,3.0,0.02,945,183690,0.01682726332407861,2.5755116628814343,0.725008279570993,0.19973473255111146,10.0,0.11992479162769394,6.3162166005334734,-163054.83703225316,0.118018268254364,0.12183131500102388,1.0255315891313357,6.477479647642816,12.5042151880574,19.014652077609615,43.0,False,False,False,0,0,1.0811049090538403,False,True,GB1_IgG-Fc_fitness_1FCC,183690,1.0530510594442564
2,0,0,4.0,0.001,51,183690,0.0005607273123196691,3.0926256881042526,0.7029575190191965,0.19456440441144446,10.0,0.10364752281524628,7.318511508115424,-193529.4537405481,0.10191868130456608,0.10537636432592648,0.9819233437122586,7.186217291045343,14.244659510477769,19.014652077609615,77.5,False,False,False,0,0,1.1311376948551088,False,True,GB1_IgG-Fc_fitness_1FCC,183690,1.0257918068565397
2,1,0,4.0,0.005,246,183690,0.007305786923621318,6.115389143441482,0.7394575976787259,0.18799386361428988,10.0,0.12580353220325036,5.826090679289195,-145800.87551392592,0.12382465717532959,0.12778240723117112,1.0197503024103503,5.94115773207528,11.11343493135392,19.014652077609615,20.5,False,False,False,0,0,1.0557287005647007,False,True,GB1_IgG-Fc_fitness_1FCC,183690,0.9911502857791039
2,2,0,4.0,0.02,926,183690,0.02367575807066253,3.6726573658909576,0.7248590776005364,0.1975047751019907,10.0,0.17819434818939703,5.381602990273204,-131971.42812350346,0.17587453163319441,0.18051416474559964,0.9380669370078698,5.048303833277978,10.62012553042081,19.014652077609615,15.0,False,False,False,0,0,1.239502516030226,False,True,GB1_IgG-Fc_fitness_1FCC,183690,1.0412941705731067
3,0,0,6.0,0.001,50,183690,0.005008438129457238,8.746911467631975,0.70191068923528,0.18821587294623854,10.0,0.12226400782544777,6.365184656210858,-165068.85905687942,0.12034903765725748,0.12417897799363807,0.961708137926349,6.121449883281913,12.684454866498845,19.014652077609615,46.5,False,False,False,0,0,0.9867257845784047,False,True,GB1_IgG-Fc_fitness_1FCC,183690,0.9923207740523702
3,1,0,6.0,0.005,235,183690,0.00584136316620393,4.066928772046457,0.7129751087767163,0.19187002172509532,10.0,0.13155074204136114,5.3730982724826655,-129437.25719880825,0.1294927574901139,0.13360872659260836,0.9631748192584136,5.175232957456186,11.221710928964567,19.014652077609615,23.5,False,False,False,0,0,1.0524657368819663,False,True,GB1_IgG-Fc_fitness_1FCC,183690,1.011586352921871
3,2,0,6.0,0.02,927,183690,0.018493113397571995,5.028941656713773,0.7292044892808432,0.1993566561585577,10.0,0.1197215035698806,8.030459493518114,-220149.09716065985,0.11791745515749391,0.12152555198226728,1.0140298050390957,8.143125274586529,15.706865589604588,19.014652077609615,94.5,False,False,False,0,0,1.4064282211360968,False,True,GB1_IgG-Fc_fitness_1FCC,183690,1.0510577469109557
0,0,1,2.0,0.001,46,183690,0.0005008438129457238,1.7874842340466872,0.6719727302952152,0.19361326667958323,10.0,0.12824476700402912,5.363395539834695,-128979.60877433885,0.1261985791553194,0.13029095485273884,0.9230691854031988,4.950785151950362,11.19284921463515,19.014652077609615,23.5,False,False,False,0,0,0.9907893253102814,False,True,GB1_IgG-Fc_fitness_1FCC,183690,1.0207771727795267
0,1,1,2.0,0.005,220,183690,0.0070335891991942946,1.6258928442325926,0.6871090447744692,0.1920667151432058,10.0,0.10408682923073119,7.9999451527099685,-216020.39853170863,0.10238335189239765,0.10579030656906473,0.9651881673767623,7.721452401058747,15.035116092837752,19.014652077609615,86.5,False,False,False,0,0,1.2680115273775214,False,True,GB1_IgG-Fc_fitness_1FCC,183690,1.0126233694171063
0,2,1,2.0,0.02,906,183690,0.018580216669388645,1.4982161860122611,0.7305666195585806,0.19643110339482178,10.0,0.08995738775272712,7.092916957124782,-180706.80684243224,0.08832045321321672,0.09159432229223752,1.0442505573828889,7.406782485948097,14.057038126893273,19.014652077609615,74.5,False,False,False,0,0,1.0172449230124512,False,True,GB1_IgG-Fc_fitness_1FCC,183690,1.0356335069805078
1,0,1,3.0,0.001,49,183690,0.002760084925690021,3.1652850496806106,0.7427981923080199,0.19129373922685441,10.0,0.11190599313236577,7.219470532827227,-192242.06155572378,0.11011693057297552,0.11369505569175602,1.0145215895141062,7.3243087204141295,14.54877835935894,19.014652077609615,80.0,False,False,False,0,0,1.1141662212573216,False,True,GB1_IgG-Fc_fitness_1FCC,183690,1.0085480486291687
1,1,1,3.0,0.005,223,183690,0.009015188633023028,2.1325861006747724,0.773068616784347,0.18906196099363096,10.0,0.1270123123889956,5.710593010463525,-141617.5385016686,0.12501714999398034,0.12900747478401087,1.0546804188957442,6.02285062841878,12.472393698361529,19.014652077609615,42.5,False,False,False,0,0,1.0632822273459108,False,True,GB1_IgG-Fc_fitness_1FCC,183690,0.9967815601325363
1,2,1,3.0,0.02,916,183690,0.01661494909902553,2.8119746241928496,0.7616807750275931,0.20499119983666944,10.0,0.11222260815630028,7.140545397004791,-190780.59935551393,0.11041061721275269,0.11403459909984787,1.092403481373413,7.800356650592932,14.092202501567336,19.014652077609615,75.0,False,False,False,0,0,1.2267950914971815,False,True,GB1_IgG-Fc_fitness_1FCC,183690,1.0807644589781829
2,0,1,4.0,0.001,47,183690,0.0008111492187925309,3.0998711496312863,0.7921795415223177,0.19100108700893575,10.0,0.10822168757777631,6.45737069930082,-164715.53838806576,0.1064165997262483,0.11002677542930432,1.089357482734943,7.03438509007672,11.839769484080747,19.014652077609615,32.5,False,False,False,0,0,1.1564847008777779,False,True,GB1_IgG-Fc_fitness_1FCC,183690,1.0070051135362494
2,1,1,4.0,0.005,216,183690,0.005329631444281125,3.045482416669548,0.7059048454862118,0.1893575386358425,10.0,0.1260927470000796,5.664072935566792,-140081.16629198682,0.12409311744029346,0.12809237655986574,0.9686004341097288,5.4862235042191605,11.54773983544012,19.014652077609615,27.500000000000004,False,False,False,0,0,0.9950085621617466,False,True,GB1_IgG-Fc_fitness_1FCC,183690,0.9983399187880558
2,2,1,4.0,0.02,925,183690,0.020534596330774674,2.874335022512971,0.7474131675181271,0.1996805268281012,10.0,0.12016549418646034,6.619476142897606,-173968.24544637487,0.11827717129419059,0.1220538170787301,1.0541283377250292,6.977777383123141,13.249168772947227,19.014652077609615,56.99999999999999,False,False,False,0,0,1.1641990070585901,False,True,GB1_IgG-Fc_fitness_1FCC,183690,1.0527652734253963
3,0,1,6.0,0.001,31,183690,0.0003375251782895095,4.251126336995302,0.7459188469284497,0.19209963810134406,10.0,0.10321873268800419,7.941098053730928,-213763.32064293977,0.1015212902495883,0.10491617512642008,1.0314924219368276,8.191182464280743,14.953537651922595,19.014652077609615,86.0,False,False,False,0,0,1.3301667943200666,False,True,GB1_IgG-Fc_fitness_1FCC,183690,1.0127969474198137
3,1,1,6.0,0.005,244,183690,0.003397027600849257,4.5372832600440764,0.6817912719280443,0.19374436782841273,10.0,0.10876504445715428,6.824130957197134,-178640.44189366756,0.10696559409406743,0.11056449482024112,0.968188821955988,6.6070473123220825,14.361085147702003,19.014652077609615,77.5,False,False,False,0,0,0.9779613994595316,False,True,GB1_IgG-Fc_fitness_1FCC,183690,1.0214683705592316
3,2,1,6.0,0.02,934,183690,0.015711252653927813,4.613147171512226,0.7115816562834771,0.20455914362235303,10.0,0.14085684526276218,6.541530022655195,-173154.879056209,0.13884512118085773,0.14286856934466663,0.9594353242980117,6.276174978691366,13.562251693334009,19.014652077609615,66.5,False,False,False,0,0,1.1510334228411423,False,True,GB1_IgG-Fc_fitness_1FCC,183690,1.07848655143344
0,0,2,2.0,0.001,50,183690,0.0005443954488540476,1.5244365830311308,0.715285823205259,0.19393792718815125,10.0,0.12644937869298356,5.396366136962082,-129593.57967597421,0.12442542792837774,0.12847332945758938,0.9713398157679745,5.241705289293285,10.70257257371666,19.014652077609615,16.0,False,False,False,0,0,1.004208706206031,False,True,GB1_IgG-Fc_fitness_1FCC,183690,1.0224888635212448
0,1,2,2.0,0.005,243,183690,0.012341444825521259,1.8615545845842973,0.7385840537074262,0.18879355097950368,10.0,0.18231236490317798,4.8823062302107685,-113591.0085155369,0.1798963561388195,0.18472837366753647,0.9603854228002529,4.688895733141277,9.42415718796105,19.014652077609615,3.5000000000000004,False,False,False,0,0,1.1974284319830357,False,True,GB1_IgG-Fc_fitness_1FCC,183690,0.9953664359519191
0,2,2,2.0,0.02,921,183690,0.02757362948445751,1.9295202507010236,0.758563473218478,0.19684858894903692,10.0,0.13160722525401608,5.539541194516016,-136047.1945725266,0.12956124264820135,0.1336532078598308,1.0545891263902998,5.841939908927722,10.664246006144937,19.014652077609615,15.5,False,False,False,0,0,1.0726787727831166,False,True,GB1_IgG-Fc_fitness_1FCC,183690,1.0378345943905627
1,0,2,3.0,0.001,41,183690,0.000446404268060319,2.409100854730392,0.7325016239996287,0.185074366220525,10.0,0.10776513599142142,6.395963509793424,-162243.74086114345,0.10596258026448278,0.10956769171836005,0.9951803348709519,6.365137107498609,12.398445459009299,19.014652077609615,42.5,False,False,False,0,0,0.9921684971699977,False,True,GB1_IgG-Fc_fitness_1FCC,183690,0.9757579712613366
1,1,2,3.0,0.005,247,183690,0.00904240840546573,2.5638786353143983,0.7931413103082534,0.1959574893474456,10.0,0.13468551053774439,6.409363273616455,-168802.99838109175,0.13268799359848024,0.13668302747700853,1.1018102180123721,7.061901945823837,12.408121105837811,19.014652077609615,42.5,False,False,False,0,0,1.4132608923248164,False,True,GB1_IgG-Fc_fitness_1FCC,183690,1.0331364962303644
1,2,2,3.0,0.02,934,183690,0.015526158201317437,3.0102185740987393,0.7241202837813154,0.19630840714852343,10.0,0.12128906784200559,6.921643635236769,-184018.25928439095,0.11942149083186654,0.12315664485214464,0.9984137288388892,6.910664031550707,13.445006271710854,19.014652077609615,61.5,False,False,False,0,0,1.20541544293893,False,True,GB1_IgG-Fc_fitness_1FCC,183690,1.0349866219320036
2,0,2,4.0,0.001,38,183690,0.004012194458054331,3.62871831983503,0.7067733586199586,0.18765107692870248,10.0,0.11595160887548357,5.984121995883566,-149573.57584306877,0.11405594955001752,0.11784726820094962,0.9636133447198816,5.7663798116651765,11.808930330851517,19.014652077609615,32.0,False,False,False,0,0,1.0179806893330678,False,True,GB1_IgG-Fc_fitness_1FCC,183690,0.9893430293354665
2,1,2,4.0,0.005,233,183690,0.0025695465185911048,3.0886881687893935,0.7229195633545022,0.1895060216567585,10.0,0.138508344421967,5.641640713305233,-140625.77012233506,0.13643191014176254,0.14058477870217145,0.9709079123697318,5.477513607295269,11.581912012723667,19.014652077609615,28.999999999999996,False,False,False,0,0,1.0335498746192295,False,True,GB1_IgG-Fc_fitness_1FCC,183690,0.9991227581094296
2,2,2,4.0,0.02,953,183690,0.02480265664979041,3.6135860224330374,0.7521750376099774,0.20092907932407303,10.0,0.13440406034356028,7.154912582011706,-194074.92331900145,0.13246150547188124,0.13634661521523933,1.041146192449263,7.449309992068813,13.625895849472302,19.014652077609615,68.5,False,False,False,0,0,1.3993751411993542,False,True,GB1_IgG-Fc_fitness_1FCC,183690,1.0593479519203268
3,0,2,6.0,0.001,44,183690,0.0017747291632641952,2.9384405765916615,0.7255824151564043,0.19078828566904937,10.0,0.1230358541555897,7.062208528500917,-188996.4163875928,0.1211671166132276,0.12490459169795179,0.9802517660800782,6.922742382488814,13.707214032391803,19.014652077609615,69.0,False,False,False,0,0,1.270436023605777,False,True,GB1_IgG-Fc_fitness_1FCC,183690,1.0058831720814192
3,1,2,6.0,0.005,249,183690,0.004278948227992814,5.763945734973094,0.7327944258246804,0.19090486087897438,10.0,0.16685919392005708,4.855197092990158,-112394.13083296397,0.1645224797251016,0.16919590811501256,0.955042277503669,4.636918489418513,10.503620790085208,19.014652077609615,12.5,False,False,False,0,0,1.096731124163427,False,True,GB1_IgG-Fc_fitness_1FCC,183690,1.0064977855076798
3,2,2,6.0,0.02,894,183690,0.0283793347487615,4.594889948465703,0.7037128614491726,0.19986509913560396,10.0,0.16156436796970955,6.280200000999102,-164361.823074969,0.15941968469819912,0.16370905124121998,0.9437596584793962,5.926999408125216,11.876370505100256,19.014652077609615,33.5,False,False,False,0,0,1.316874869613981,False,True,GB1_IgG-Fc_fitness_1FCC,183690,1.0537383844185486
0,0,3,2.0,0.001,52,183690,0.002803636561598345,1.254482033557137,0.7168829125915064,0.18970587352776638,10.0,0.13418797681043304,5.069011152015158,-118182.62613152794,0.1320735995667441,0.13630235405412197,0.9792572698337325,4.963866021479107,9.991154709017652,19.014652077609615,9.0,False,False,False,0,0,1.0216928826924478,False,True,GB1_IgG-Fc_fitness_1FCC,183690,1.0001764267518771
0,1,3,2.0,0.005,238,183690,0.004055746093962654,1.8394145498197825,0.7475600365272728,0.18889298599509496,10.0,0.11133873134656797,6.8184404311785185,-178587.71260234946,0.10952918297108585,0.11314827972205008,1.033095774346501,7.044101997083862,13.621701220424516,19.014652077609615,68.5,False,False,False,0,0,1.1414969060121996,False,True,GB1_IgG-Fc_fitness_1FCC,183690,0.9958906820215779
0,2,3,2.0,0.02,887,183690,0.015738472426370515,1.7816852308784699,0.76469159182702,0.19150117377904063,10.0,0.11907811464045838,8.145765629081822,-224516.12161103496,0.11727231297600108,0.12088391630491568,1.0889688441508094,8.870484981824621,15.473622309573885,19.014652077609615,93.0,False,False,False,0,0,1.4811467867159647,False,True,GB1_IgG-Fc_fitness_1FCC,183690,1.0096416950478713
1,0,3,3.0,0.001,52,183690,0.0005661712668082095,2.181866722357653,0.7216263118636692,0.18914891462540365,10.0,0.13653866392569375,5.043456326978697,-117235.4205300376,0.13441048454344628,0.1386668433079412,0.9684066302969174,4.884116546659108,9.160342699988714,19.014652077609615,2.5,False,False,False,0,0,0.9909380725892667,False,True,GB1_IgG-Fc_fitness_1FCC,183690,0.997240001250369
1,1,3,3.0,0.005,198,183690,0.002553214655125483,2.3403061485134584,0.7596462535990047,0.19069212479290557,10.0,0.121884559950147,7.383459825311028,-200538.19919321418,0.12002597278254988,0.12374314711774413,1.0559185600090537,7.79633226662712,15.122767586429237,19.014652077609615,87.5,False,False,False,0,0,1.3039381533053047,False,True,GB1_IgG-Fc_fitness_1FCC,183690,1.0053761880871637
1,2,3,3.0,0.02,873,183690,0.01855299689694594,2.9679492713024285,0.7666232099074406,0.1982468916347202,10.0,0.14442565336137864,5.641505256768993,-141441.92269413464,0.1423096133941604,0.14654169332859687,1.0570290992946683,5.963235220228665,11.877734290320964,19.014652077609615,33.5,False,False,False,0,0,1.1923795418973728,False,True,GB1_IgG-Fc_fitness_1FCC,183690,1.045206793035111
2,0,3,4.0,0.001,32,183690,0.00034841308726659044,3.332244846847483,0.7757554495623289,0.19327084092489805,10.0,0.13205448810335704,7.54616653742887,-206385.27426463808,0.13015028382682434,0.13395869237988975,1.0406361017063273,7.852813328336712,14.392994588782832,19.014652077609615,77.5,False,False,False,0,0,1.612289991789774,False,True,GB1_IgG-Fc_fitness_1FCC,183690,1.0189718192531443
2,1,3,4.0,0.005,240,183690,0.007066252926125538,2.241486844844366,0.7311637360187229,0.19314259754288857,10.0,0.09191261915541775,7.998576915088013,-211616.7030454568,0.09029866044678,0.0935265778640555,1.0325064689496541,8.258582407219741,15.230475982105661,19.014652077609615,88.0,False,False,False,0,0,1.192411326805561,False,True,GB1_IgG-Fc_fitness_1FCC,183690,1.0182956883290584
2,2,3,4.0,0.02,932,183690,0.02024606674288203,3.3872793443851092,0.6976881297952966,0.2001381285498558,10.0,0.12984958459400353,6.487898331356392,-170510.3638053789,0.12789556151884615,0.1318036076691609,0.9676175902791587,6.277804549363247,11.913962164776432,19.014652077609615,33.5,False,False,False,0,0,1.1243050236663892,False,True,GB1_IgG-Fc_fitness_1FCC,183690,1.0551778632225857
3,0,3,6.0,0.001,43,183690,0.0011377864881049595,5.50192707082385,0.7009247784348124,0.18900196054510718,10.0,0.11199997975374365,6.040861870547,-151066.07471313735,0.11012997118112036,0.11386998832636694,0.9798531662214601,5.91915763056197,12.072141898969116,19.014652077609615,35.0,False,False,False,0,0,0.9685486376145387,False,True,GB1_IgG-Fc_fitness_1FCC,183690,0.9964652228832352
3,1,3,6.0,0.005,211,183690,0.004360607545320921,5.649523020336735,0.7240865323064708,0.19255345235464624,10.0,0.13334958593966875,7.832840905750979,-215593.93963013752,0.13145122552719482,0.13524794635214268,0.9743371586684229,7.6318279524112045,15.60594976820539,19.014652077609615,94.0,False,False,False,0,0,1.4441181170480655,False,True,GB1_IgG-Fc_fitness_1FCC,183690,1.0151895687437416
3,2,3,6.0,0.02,951,183690,0.023283793347487616,6.150601830735483,0.7254924478241164,0.19989258359287757,10.0,0.15235114240235606,6.4047157060990605,-169053.39707239124,0.15026037966365124,0.15444190514106088,0.9870350221033302,6.321678708535033,15.209381775974737,19.014652077609615,88.0,False,False,False,0,0,1.287209059746941,False,True,GB1_IgG-Fc_fitness_1FCC,183690,1.053883289295535
0,0,4,2.0,0.001,36,183690,0.0003919647231749143,1.9455225411522181,0.747799434876271,0.19064253973494863,10.0,0.09955781271813416,6.955674502167307,-179927.63786475465,0.09783949951388483,0.10127612592238348,1.052221129695054,7.318907682461567,13.691769617388847,19.014652077609615,69.0,False,False,False,0,0,1.0698640629046565,False,True,GB1_IgG-Fc_fitness_1FCC,183690,1.0051147633607416
0,1,4,2.0,0.005,235,183690,0.00469268876912189,1.179100229511393,0.7119409661724769,0.19202167933314518,10.0,0.1354640345527283,5.809619295130168,-146596.05206689704,0.13342204631205792,0.13750602279339866,0.9618096679463012,5.587748005143571,10.999164334417667,19.014652077609615,18.5,False,False,False,0,0,1.022680736240372,False,True,GB1_IgG-Fc_fitness_1FCC,183690,1.0123859294541537
0,2,4,2.0,0.02,920,183690,0.01259186673199412,1.6312554045928975,0.6880811750884385,0.19735797654787368,10.0,0.10841555613700611,9.06480892658376,-250454.02004995593,0.10670709858397164,0.11012401369004059,0.9934030999098404,9.0050092877587,18.242798571929033,19.014652077609615,99.0,False,False,False,0,0,1.376893448900987,False,True,GB1_IgG-Fc_fitness_1FCC,183690,1.0405202121785733
1,0,4,3.0,0.001,39,183690,0.0030213947411399642,5.3309174850294125,0.7121174297987578,0.19461235009105707,10.0,0.12445211981452473,6.228436299085596,-160510.28989592695,0.1225126352330323,0.12639160439601715,0.9684552603388498,6.031961897534883,12.6685951253746,19.014652077609615,46.5,False,False,False,0,0,1.008969924483928,False,True,GB1_IgG-Fc_fitness_1FCC,183690,1.0260445883736398
1,1,4,3.0,0.005,231,183690,0.0029234035603462353,2.4693125794446575,0.711739756241191,0.19382822701154856,10.0,0.13781872555843028,6.234779472509673,-162416.83780519862,0.13579717993921964,0.13984027117764092,0.9592005039641718,5.980403612136751,13.513347453355253,19.014652077609615,64.5,False,False,False,0,0,1.078779514969959,False,True,GB1_IgG-Fc_fitness_1FCC,183690,1.0219104969761916
1,2,4,3.0,0.02,923,183690,0.01476400457292177,2.8540380637816227,0.7055756790017176,0.1996660373524174,10.0,0.1235215290364864,6.236999368535077,-160552.4047515915,0.12159086226642672,0.1254521958065461,0.9677656214647331,6.035953569965497,12.647052795153055,19.014652077609615,46.0,False,False,False,0,0,0.9832012207094252,False,True,GB1_IgG-Fc_fitness_1FCC,183690,1.052688881315097
2,0,4,4.0,0.001,47,183690,0.0005117317219228047,3.1474409646876804,0.7298030808169131,0.1905274622276971,10.0,0.1455049553095808,4.881475480081161,-111911.09343664127,0.14329782084015405,0.14771208977900754,0.9683009260939446,4.72673722806747,9.582974674529932,19.014652077609615,4.5,False,False,False,0,0,1.0365000773597304,False,True,GB1_IgG-Fc_fitness_1FCC,183690,1.00450804619452
2,1,4,4.0,0.005,262,183690,0.004164625183733464,2.7732284153943643,0.7318526858694231,0.19499568394409514,10.0,0.09741026172828735,9.107222815334044,-247882.63227678149,0.09579006698695955,0.09903045646961514,1.0336082492896044,9.413300630047763,17.322148902883892,19.014652077609615,98.5,False,False,False,0,0,1.296885073368562,False,True,GB1_IgG-Fc_fitness_1FCC,183690,1.0280656195428646
2,2,4,4.0,0.02,886,183690,0.017311775273558712,3.199858484998069,0.7389349462998609,0.1999228754912583,10.0,0.12913706742198572,7.64709053029648,-209293.25264733122,0.1272561415903964,0.13101799325357505,1.018201623635484,7.786279994035412,14.737988764047364,19.014652077609615,81.0,False,False,False,0,0,1.4696855318187578,False,True,GB1_IgG-Fc_fitness_1FCC,183690,1.0540429956984976
3,0,4,6.0,0.001,49,183690,0.002760084925690021,3.4389139784019247,0.7503857572868737,0.19205401089066168,10.0,0.14107631503432308,6.080550796929135,-157380.15793387813,0.1390189775646951,0.14313365250395105,1.0171387859783214,6.184764055668016,12.241093803014444,19.014652077609615,37.5,False,False,False,0,0,1.1598422502342125,False,True,GB1_IgG-Fc_fitness_1FCC,183690,1.012556389446071
3,1,4,6.0,0.005,218,183690,0.0023735641570036474,4.305755554402779,0.7545912771992327,0.1954135793037362,10.0,0.1368343188343696,6.21570438049743,-161495.56982029346,0.1348193327607899,0.13884930490794933,1.0108636892348375,6.283229861262772,12.190591673568871,19.014652077609615,37.0,False,False,False,0,0,1.1769827144439362,False,True,GB1_IgG-Fc_fitness_1FCC,183690,1.0302688675487879
3,2,4,6.0,0.02,943,183690,0.024105830475257228,3.9133348003763713,0.7036664070470325,0.20396321615351976,10.0,0.14084011748938435,6.802200653566725,-182373.46781077888,0.13884222908499907,0.14283800589376963,0.967368434088503,6.580234194596635,16.270810287639605,19.014652077609615,96.5,False,False,False,0,0,1.1769670824345868,False,True,GB1_IgG-Fc_fitness_1FCC,183690,1.0753446739823251
0,0,5,2.0,0.001,46,183690,0.0005008438129457238,1.7535194568376933,0.7271374719602703,0.1904867137854955,10.0,0.1063861953864563,8.51878489043784,-232744.6911264119,0.10468688245159936,0.10808550832131324,1.002372964976586,8.53899966862592,16.994656622052567,19.014652077609615,98.5,False,False,False,0,0,1.334795378028554,False,True,GB1_IgG-Fc_fitness_1FCC,183690,1.0042932102985143
0,1,5,2.0,0.005,238,183690,0.006031901573302847,1.6150784944660281,0.7014003258883921,0.1934313882880762,10.0,0.12240082536417385,5.682617916433588,-139540.41894418723,0.12043607518925187,0.12436557553909583,0.9497542696968764,5.397090629188767,10.698876672478413,19.014652077609615,16.0,False,False,False,0,0,0.9475071880581153,False,True,GB1_IgG-Fc_fitness_1FCC,183690,1.0198182647798004
0,2,5,2.0,0.02,979,183690,0.02745930644019816,2.081079242864018,0.7636748607099317,0.1956422151680547,10.0,0.12859503257367805,6.131753997031409,-157563.14143090055,0.12662230194594157,0.13056776320141453,1.0670579770810846,6.542937016031191,11.83800173730784,19.014652077609615,32.5,False,False,False,0,0,1.1437009934924316,False,True,GB1_IgG-Fc_fitness_1FCC,183690,1.031474292544593
1,0,5,3.0,0.001,41,183690,0.000446404268060319,2.26362965104326,0.7290764725930411,0.19032575781476,10.0,0.1212687009183197,7.758846180149406,-211912.14963929006,0.11944246045492811,0.1230949413817113,0.9968563218012512,7.734454864565424,15.173096971658854,19.014652077609615,88.0,False,False,False,0,0,1.3636689240195943,False,True,GB1_IgG-Fc_fitness_1FCC,183690,1.00344461049145
1,1,5,3.0,0.005,255,183690,0.005683488486036257,2.4373737329119676,0.6964432349620314,0.19201615178403442,10.0,0.108987016701679,6.433059591742988,-164182.2746833237,0.10717281828413223,0.11080121511922576,0.9614297338214354,6.184934770946892,12.955631197642685,19.014652077609615,50.5,False,False,False,0,0,0.964941534568621,False,True,GB1_IgG-Fc_fitness_1FCC,183690,1.0123567868439884
1,2,5,3.0,0.02,974,183690,0.023822744841853122,2.4188287105101023,0.7395918200005862,0.2001585678356401,10.0,0.11230701354093145,7.533051085105834,-203774.17232270655,0.11051634874110174,0.11409767834076116,1.068593908899169,8.049772504970369,15.729275295934954,19.014652077609615,94.5,False,False,False,0,0,1.295562620880423,False,True,GB1_IgG-Fc_fitness_1FCC,183690,1.055285624207741
2,0,5,4.0,0.001,39,183690,0.0004246284501061571,3.003648018624177,0.6872140311593045,0.19023850126832959,10.0,0.11319172105319399,7.3621341434615575,-197852.4655344279,0.1113934918869316,0.11498995021945638,0.952972346584319,7.0159102505630955,14.432132069951505,19.014652077609615,78.0,False,False,False,0,0,1.1474479422088262,False,True,GB1_IgG-Fc_fitness_1FCC,183690,1.0029845723323958
2,1,5,4.0,0.005,212,183690,0.0066960640209047856,3.6111383821377054,0.7297910394199143,0.1932291429981352,10.0,0.12299750701989218,6.5323581230802095,-171266.51494309865,0.1210872731936203,0.12490774084616406,1.0105151400502708,6.601046783602922,12.857025178262385,19.014652077609615,49.0,False,False,False,0,0,1.1364275048076657,False,True,GB1_IgG-Fc_fitness_1FCC,183690,1.018751977438987
2,2,5,4.0,0.02,961,183690,0.022456312265229462,3.1146323213444,0.6901012918321884,0.20068109230084802,10.0,0.12360408744822227,6.5229437063778315,-171471.30826280988,0.12168354299509414,0.12552463190135038,0.987366929185346,6.440538896615158,13.985262366797961,19.014652077609615,74.0,False,False,False,0,0,1.0291320957942747,False,True,GB1_IgG-Fc_fitness_1FCC,183690,1.0580405028142044
3,0,5,6.0,0.001,40,183690,0.0004355163590832381,5.2330634556382005,0.7605043296585429,0.18793200237580196,10.0,0.1253876324276609,6.4897575599213315,-170015.16736544867,0.12346135634763539,0.12731390850768642,1.0411078351803416,6.756537444054953,13.025850381991278,19.014652077609615,52.5,False,False,False,0,0,1.196819501766025,False,True,GB1_IgG-Fc_fitness_1FCC,183690,0.9908241379834942
3,1,5,6.0,0.005,239,183690,0.007959061462246175,4.48263726723971,0.7249647936094794,0.18471075110365945,10.0,0.12787805569384383,6.236447019581646,-161057.49391112372,0.12592140579717404,0.12983470559051363,0.9884069450238568,6.164147546427832,12.437689894176307,19.014652077609615,42.5,False,False,False,0,0,1.0680447889750215,False,True,GB1_IgG-Fc_fitness_1FCC,183690,0.9738409021609624
3,2,5,6.0,0.02,924,183690,0.012325112962055637,4.766238946108295,0.7557070418285061,0.19969599616817704,10.0,0.12695849993653216,7.478596290391863,-204180.36863803596,0.12507491053369343,0.12884208933937089,1.0484669607604613,7.841061123341617,14.87451056998956,19.014652077609615,84.5,False,False,False,0,0,1.468803896826665,False,True,GB1_IgG-Fc_fitness_1FCC,183690,1.0528468316238513
0,0,6,2.0,0.001,40,183690,0.0004355163590832381,1.52963038439957,0.7193111961939633,0.18672689686327545,10.0,0.12392296662073664,6.883360730671037,-183981.7986744648,0.12202400825852498,0.1258219249829483,1.0011870651324033,6.891531728188171,13.584955345760664,19.014652077609615,67.0,False,False,False,0,0,1.1996848154903268,False,True,GB1_IgG-Fc_fitness_1FCC,183690,0.9844705227634503
0,1,6,2.0,0.005,239,183690,0.008449017366214819,2.0912309382835996,0.7434745476210571,0.19023032379985463,10.0,0.13230732851319868,5.107337252787053,-119400.29101237457,0.13021108853375607,0.1344035684926413,1.0185607465931554,5.202133245301816,9.965304701906428,19.014652077609615,9.0,False,False,False,0,0,0.9985891799192571,False,True,GB1_IgG-Fc_fitness_1FCC,183690,1.0029414586899605
0,2,6,2.0,0.02,909,183690,0.018253579400076214,1.5749910055392324,0.6919084733142477,0.19368188487281604,10.0,0.1329452279685916,6.363480047041206,-166258.4476228382,0.1309668131948645,0.1349236427423187,0.9433465656408062,6.002967047900117,12.783117702986335,19.014652077609615,47.5,False,False,False,0,0,1.064240528990145,False,True,GB1_IgG-Fc_fitness_1FCC,183690,1.0211389449167911
1,0,6,3.0,0.001,58,183690,0.0017583972997985736,1.6692850246408104,0.6699147564551164,0.18827564543156652,10.0,0.10520568025715522,6.315437743477533,-159418.540579531,0.10340187761729834,0.1070094828970121,0.9435189718280791,5.9587353263701655,13.332276719411915,19.014652077609615,58.5,False,False,False,0,0,1.0090235341255616,False,True,GB1_IgG-Fc_fitness_1FCC,183690,0.9926359094231507
1,1,6,3.0,0.005,254,183690,0.005291523762861343,3.448289382635753,0.748797892280118,0.19139040654783798,10.0,0.09552462648015979,7.929929050267144,-210732.57337957853,0.09388274526167745,0.09716650769864213,1.0588434815080494,8.396553683696682,14.619347594503608,19.014652077609615,80.5,False,False,False,0,0,1.2794727822747285,False,True,GB1_IgG-Fc_fitness_1FCC,183690,1.0090577027262564
1,2,6,3.0,0.02,973,183690,0.019059284664380206,2.6731532665729,0.7116147211974737,0.20201761975102198,10.0,0.13994063624318928,6.531961223641037,-173107.05063908536,0.1379282533394841,0.14195301914689445,0.9672941025134637,6.3183275694746035,13.118612368642378,19.014652077609615,55.50000000000001,False,False,False,0,0,1.1664030945388222,False,True,GB1_IgG-Fc_fitness_1FCC,183690,1.0650870070921816
2,0,6,4.0,0.001,36,183690,0.0008547008547008547,4.094529012776585,0.7775521725941881,0.1904649461823879,10.0,0.10220278732664037,7.059183567493017,-184421.81637443532,0.10046917272277517,0.10393640193050557,1.0788127200219189,7.615537025581174,13.496910914443824,19.014652077609615,64.5,False,False,False,0,0,1.2397992076305508,False,True,GB1_IgG-Fc_fitness_1FCC,183690,1.0041784460949066
2,1,6,4.0,0.005,228,183690,0.008737546954107464,4.228589602348352,0.7196526293616249,0.1926954442667679,10.0,0.13150668325341627,6.509298475329416,-171577.81711681618,0.12954206200975432,0.13347130449707822,0.986145781378508,6.419117231179658,12.962015279372315,19.014652077609615,51.0,False,False,False,0,0,1.1353254610675496,False,True,GB1_IgG-Fc_fitness_1FCC,183690,1.0159381853292617
2,2,6,4.0,0.02,905,183690,0.019037508846426045,3.555723005611422,0.726426314246704,0.19986731298718968,10.0,0.13946293229437615,6.326510039460693,-166047.05528407195,0.13743552137459697,0.14149034321415532,0.9963397926516394,6.303353700924783,12.50320918471779,19.014652077609615,43.0,False,False,False,0,0,1.171472495743356,False,True,GB1_IgG-Fc_fitness_1FCC,183690,1.0537500563933124
3,0,6,6.0,0.001,42,183690,0.0005933910392509118,4.576699243690346,0.8229158578193014,0.1861493121633248,10.0,0.10984914434592118,7.195486793371098,-191087.79369713948,0.10807086859248717,0.11162742009935518,1.1470562759038454,8.253628284519555,14.312540740925211,19.014652077609615,77.5,False,False,False,0,0,1.410836396096561,False,True,GB1_IgG-Fc_fitness_1FCC,183690,0.981425352940289
3,1,6,6.0,0.005,214,183690,0.002330012521095324,4.506167723858731,0.7482589913651199,0.19286317904457817,10.0,0.13323029403259526,5.234288801749197,-124242.11479756201,0.13114687157297003,0.1353137164922205,1.0083674517295955,5.2780864606365965,9.947148213068706,19.014652077609615,8.5,False,False,False,0,0,1.011134863567331,False,True,GB1_IgG-Fc_fitness_1FCC,183690,1.016822524688885
3,2,6,6.0,0.02,910,183690,0.01622842833033916,4.350854905604132,0.6864129435596442,0.20420187956111693,10.0,0.14741595440571462,7.0945430008461745,-192651.80571093678,0.14539503140156798,0.14943687740986125,0.9365798895837081,6.644606300379379,14.590836213202113,19.014652077609615,80.5,False,False,False,0,0,1.2309828577096225,False,True,GB1_IgG-Fc_fitness_1FCC,183690,1.0766029666738903
0,0,7,2.0,0.001,52,183690,0.0029451793783003975,2.592634804722058,0.6997300200890487,0.193023401391523,10.0,0.14149575872863665,6.58636427189663,-174698.15438641084,0.13948335748373675,0.14350815997353655,0.9313017370294732,6.133892487126194,12.790111594581182,19.014652077609615,48.0,False,False,False,0,0,1.1572536732971348,False,True,GB1_IgG-Fc_fitness_1FCC,183690,1.01766725664933
0,1,7,2.0,0.005,269,183690,0.011127442974576733,1.7301312109230333,0.7048456433627686,0.19146978445567947,10.0,0.12409270906172358,6.865819659562413,-183087.51222970535,0.12219643536510684,0.1259889827583403,0.981078202071644,6.735906007351639,13.611083448308422,19.014652077609615,68.0,False,False,False,0,0,1.1664030945388222,False,True,GB1_IgG-Fc_fitness_1FCC,183690,1.009476202748167
0,2,7,2.0,0.02,948,183690,0.029723991507430998,1.5580289905910392,0.69701228958268,0.1971035936210282,10.0,0.12423371969621512,7.659622162185914,-209460.93447347358,0.12237918012948776,0.12608825926294248,0.9790396377210677,7.499073706746759,14.911388204538271,19.014652077609615,85.5,False,False,False,0,0,1.3766730401529639,False,True,GB1_IgG-Fc_fitness_1FCC,183690,1.0391790422818923
1,0,7,3.0,0.001,52,183690,0.0005661712668082095,2.493599746627827,0.7373102482667201,0.1882790004082236,10.0,0.1147068257379466,8.226009827373357,-225826.64069268887,0.11293755269049698,0.11647609878539623,1.0134210978658853,8.33641191031227,16.140039587047994,19.014652077609615,96.0,False,False,False,0,0,1.4132608923248164,False,True,GB1_IgG-Fc_fitness_1FCC,183690,0.9926535976923767
1,1,7,3.0,0.005,214,183690,0.002395339974957809,2.2283058388661487,0.7665681686435342,0.1928812123672992,10.0,0.12955684754942057,5.860207347455085,-147603.65512819984,0.12755847148438262,0.1315552236144585,1.0291778762295727,6.031195752118761,11.430254712621117,19.014652077609615,24.5,False,False,False,0,0,1.0721177849958208,False,True,GB1_IgG-Fc_fitness_1FCC,183690,1.0169176008399083
1,2,7,3.0,0.02,969,183690,0.018623768305296967,2.640272943253595,0.7148251262865942,0.2001158997683926,10.0,0.1429877318522706,5.732251416945105,-144623.62887558842,0.14089046056950225,0.14508500313503894,0.9717941831877974,5.570568583557264,12.009642844650541,19.014652077609615,34.5,False,False,False,0,0,1.0728190197299405,False,True,GB1_IgG-Fc_fitness_1FCC,183690,1.05506066757228
2,0,7,4.0,0.001,55,183690,0.001611410528607981,3.278886640611599,0.7422856648956018,0.1892768723997904,10.0,0.11985716115121273,6.265466913320266,-160245.68322613637,0.1179629709477778,0.12175135135464765,0.9962031533720724,6.241677896398034,11.882458982761596,19.014652077609615,33.5,False,False,False,0,0,1.0815152434590474,False,True,GB1_IgG-Fc_fitness_1FCC,183690,0.9979146263802153
2,1,7,4.0,0.005,197,183690,0.0060972290271653325,2.9385662351690516,0.6618022064040485,0.19194924108197745,10.0,0.12776725943330308,6.8283966762593895,-182164.0708522722,0.12584798605387984,0.12968653281272632,0.9042243880422148,6.17440280590014,14.420075527969965,19.014652077609615,78.0,False,False,False,0,0,1.0176271896231561,False,True,GB1_IgG-Fc_fitness_1FCC,183690,1.012004017023791
2,2,7,4.0,0.02,926,183690,0.02368120202515107,3.258623564035335,0.7717686486263703,0.20065791478458772,10.0,0.1395019130230203,6.726387032767407,-179924.0672177726,0.1375036800969675,0.14150014594907312,1.0670443513842178,7.177353288538511,12.784845519263238,19.014652077609615,47.5,False,False,False,0,0,1.452934466968994,False,True,GB1_IgG-Fc_fitness_1FCC,183690,1.0579183051986898
3,0,7,6.0,0.001,43,183690,0.0035167945995971473,4.660505815197349,0.776956543659268,0.18923856147838272,10.0,0.09631525997862724,7.924904007979842,-210506.1126836805,0.0946731571129991,0.09795736284425537,1.0672711212913932,8.458021186723302,16.460666791849654,19.014652077609615,97.0,False,False,False,0,0,1.2801340085187982,False,True,GB1_IgG-Fc_fitness_1FCC,183690,0.9977126416985259
3,1,7,6.0,0.005,230,183690,0.0066960640209047856,9.544699860623883,0.7021461258687821,0.19045198766907337,10.0,0.13518173671394923,6.924067566273016,-186136.1415454368,0.13322435173167413,0.13713912169622433,0.9486118419387877,6.568252487750865,13.672245734320216,19.014652077609615,68.5,False,False,False,0,0,1.18205211564847,False,True,GB1_IgG-Fc_fitness_1FCC,183690,1.0041101255980136
3,2,7,6.0,0.02,953,183690,0.022151450813871196,4.320740100713002,0.6940344492856975,0.20105711856451233,10.0,0.1610442894439551,6.247715184242527,-163711.70283402142,0.15889371081777712,0.1631948680701331,0.9347441757402061,5.840015380154351,17.266559561291544,19.014652077609615,98.5,False,False,False,0,0,1.2239351049327658,False,True,GB1_IgG-Fc_fitness_1FCC,183690,1.0600230065594118
0,0,8,2.0,0.001,48,183690,0.001039795307311231,1.067984253163547,0.7155041927685731,0.19040553976049618,10.0,0.1474164735665429,5.689197792123789,-143566.3803429599,0.14528511262842572,0.14954783450466005,0.9604350677989457,5.464105067200023,11.781822089715861,19.014652077609615,31.5,False,False,False,0,0,1.106551283363174,False,True,GB1_IgG-Fc_fitness_1FCC,183690,1.0038652407013737
0,1,8,2.0,0.005,241,183690,0.0027981926071098044,1.659839910557785,0.723893647748645,0.19445070468167697,10.0,0.1413033537610529,8.135845821222182,-225583.17085832928,0.13936905150590512,0.1432376560162007,0.975243930449108,7.9344342562166705,15.470482701118188,19.014652077609615,93.0,False,False,False,0,0,1.5463877761308347,False,True,GB1_IgG-Fc_fitness_1FCC,183690,1.0251923536750078
0,2,8,2.0,0.02,905,183690,0.02816157656921988,1.7096412476114577,0.7730226873321646,0.1949712840477223,10.0,0.13333567269602736,5.672899218186089,-141182.38216793397,0.13129474238463062,0.1353766030074241,1.0662792534936807,6.0488947435123475,10.8454831213436,19.014652077609615,17.5,False,False,False,0,0,1.1207834755437374,False,True,GB1_IgG-Fc_fitness_1FCC,183690,1.0279369772361533
1,0,8,3.0,0.001,42,183690,0.00045729217703739997,2.688408862769427,0.7411701621731748,0.19108309232944376,10.0,0.13576034852626911,5.672218239465824,-141498.42888812313,0.1337038533429526,0.13781684370958563,1.0011321880548556,5.6786402572010815,11.039865505945603,19.014652077609615,18.5,False,False,False,0,0,1.0580229668400118,False,True,GB1_IgG-Fc_fitness_1FCC,183690,1.0074374659295364
1,1,8,3.0,0.005,219,183690,0.0040884098208938974,2.3739397558965205,0.7451231321534243,0.19309872692044863,10.0,0.11990971340977943,6.00134145454551,-151032.29633617925,0.11798813651786412,0.12183129030169475,1.0203649151632632,6.123558264133104,11.322107380621363,19.014652077609615,24.0,False,False,False,0,0,1.0053293232372225,False,True,GB1_IgG-Fc_fitness_1FCC,183690,1.0180643915242975
1,2,8,3.0,0.02,921,183690,0.026403179269421307,2.8115324967947544,0.7313203219842128,0.1986624429544952,10.0,0.1320980909270246,6.650296628854926,-176779.68989278458,0.1301367445687144,0.1340594372853348,1.0233165434754568,6.805358559326306,13.125220413318699,19.014652077609615,55.50000000000001,False,False,False,0,0,1.2783707385346124,False,True,GB1_IgG-Fc_fitness_1FCC,183690,1.0473976826813598
2,0,8,4.0,0.001,54,183690,0.0013882083945778213,9.104452131105617,0.7603995611403169,0.1917674693149572,10.0,0.11465599984083209,6.504336572508461,-168340.03384842223,0.11280351600766488,0.11650848367399931,1.04322625305743,6.78549467116241,12.209285211311014,19.014652077609615,37.0,False,False,False,0,0,1.1992439979942804,False,True,GB1_IgG-Fc_fitness_1FCC,183690,1.0110456711748097
2,1,8,4.0,0.005,239,183690,0.0027056453808046166,3.142628456045008,0.6841663932596554,0.1903882489659853,10.0,0.14050505625685353,5.002544217359468,-116281.15435643762,0.13834290325955528,0.14266720925415177,0.9178691557116245,4.591681037197803,9.826845510064276,19.014652077609615,7.5,False,False,False,0,0,0.9778654299394512,False,True,GB1_IgG-Fc_fitness_1FCC,183690,1.0037740793432777
2,2,8,4.0,0.02,886,183690,0.018335238717404324,2.9828431560190714,0.7649239414706523,0.19796724346161973,10.0,0.15854603737056203,5.091588858477475,-121339.88977254124,0.15628626808973564,0.1608058066513884,1.0192540077434185,5.189622349784902,10.799748887810038,19.014652077609615,17.5,False,False,False,0,0,1.1586501511862088,False,True,GB1_IgG-Fc_fitness_1FCC,183690,1.0437324184924672
3,0,8,6.0,0.001,43,183690,0.0004681800860144809,4.30285036585434,0.7560821263939321,0.19025975594950148,10.0,0.11526180583532018,5.618687648354892,-135821.94775960967,0.11333682986016543,0.11718678181047494,1.0440278549377384,5.866066413077124,10.733041613875159,19.014652077609615,16.0,False,False,False,0,0,1.0165411465318615,False,True,GB1_IgG-Fc_fitness_1FCC,183690,1.0030966322843147
3,1,8,6.0,0.005,215,183690,0.003935979095214764,4.249353263628224,0.7506501409815606,0.19426612573059945,10.0,0.12219004165031397,6.426042975846564,-167013.54244067927,0.12028279440055022,0.12409728890007772,1.0288893095207226,6.611686920369261,12.598452522402187,19.014652077609615,44.5,False,False,False,0,0,1.1626561458224276,False,True,GB1_IgG-Fc_fitness_1FCC,183690,1.0242192076552812
3,2,8,6.0,0.02,904,183690,0.01556426588273722,5.802611285755952,0.7085676687468765,0.20245994014537924,10.0,0.1299527417884592,6.193913361377863,-160088.54323435843,0.12797504823815045,0.13193043533876794,0.976767273886115,6.050011868679837,13.411589750094034,19.014652077609615,61.0,False,False,False,0,0,1.045767645893582,False,True,GB1_IgG-Fc_fitness_1FCC,183690,1.0674190299403987
0,0,9,2.0,0.001,48,183690,0.0032663726931242854,4.02916412390025,0.75068407966236,0.18837121666905138,10.0,0.11557823433562353,5.609090482303532,-135516.8067237743,0.11365114385048891,0.11750532482075815,1.0268444364644915,5.759663355379313,10.988754653422061,19.014652077609615,18.5,False,False,False,0,0,0.9943721873932838,False,True,GB1_IgG-Fc_fitness_1FCC,183690,0.993139784696121
0,1,9,2.0,0.005,256,183690,0.007294899014644238,2.33068119968218,0.7760953636810816,0.18708581507129804,10.0,0.1300747488024035,6.099149553817508,-156409.6725213225,0.12809284793521417,0.13205664966959282,1.044888611851564,6.372931910763461,11.49449702894913,19.014652077609615,25.5,False,False,False,0,0,1.193136475411954,False,True,GB1_IgG-Fc_fitness_1FCC,183690,0.9863628285952128
0,2,9,2.0,0.02,926,183690,0.017349882954978496,1.7698428931277619,0.7292725709374585,0.19764114220268383,10.0,0.1194962116605911,5.9892033770585895,-150666.08837160654,0.11757295639301367,0.12141946692816853,1.0112326453770375,6.056477974684044,11.691053271690915,19.014652077609615,31.0,False,False,False,0,0,1.0381069865884727,False,True,GB1_IgG-Fc_fitness_1FCC,183690,1.042013131757394
1,0,9,3.0,0.001,48,183690,0.0005552833578311285,2.9220665090949756,0.7499426841303249,0.19095155067989972,10.0,0.11478883558107361,6.9141762971829275,-182797.0426281055,0.1129593856752497,0.11661828548689752,1.0420831261592929,7.20514645058487,13.107012466851394,19.014652077609615,55.50000000000001,False,False,False,0,0,1.2486155575514792,False,True,GB1_IgG-Fc_fitness_1FCC,183690,1.0067439457207867
1,1,9,3.0,0.005,237,183690,0.0034024715553377972,3.005568394125767,0.7206354050588677,0.18934423349108553,10.0,0.1091689129944275,6.7794183542172,-176880.55587295128,0.10736879007086297,0.11096903591799204,1.0041743351139525,6.807717918305384,13.573477994282017,19.014652077609615,66.5,False,False,False,0,0,1.0634722092119837,False,True,GB1_IgG-Fc_fitness_1FCC,183690,0.9982697707642073
1,2,9,3.0,0.02,962,183690,0.023615874571288584,2.312449646915213,0.734722856823887,0.19365118976100706,10.0,0.14760506954542274,5.433672472281703,-133672.11278018483,0.14545081927599157,0.1497593198148539,1.0014120308267813,5.441344985315197,11.041778456594148,19.014652077609615,18.5,False,False,False,0,0,1.1099844606382918,False,True,GB1_IgG-Fc_fitness_1FCC,183690,1.0209771126726075
2,0,9,4.0,0.001,47,183690,0.0012684413958299308,5.100379386083599,0.729688948351963,0.1922963391767941,10.0,0.11677822223077136,7.039539902507869,-187619.94268933637,0.11494063276659608,0.11861581169494664,1.0080688252448842,7.096340719785593,13.799075585068122,19.014652077609615,70.0,False,False,False,0,0,1.2316440839536922,False,True,GB1_IgG-Fc_fitness_1FCC,183690,1.013834004286443
2,1,9,4.0,0.005,257,183690,0.008046164734062822,5.17444406347108,0.7058807804093039,0.19517016525512773,10.0,0.15738785474983885,5.6027424869645195,-140351.24401892826,0.155198914358656,0.15957679514102172,0.9295850100494065,5.20822543104915,11.60395617114336,19.014652077609615,28.999999999999996,False,False,False,0,0,1.10956371979782,False,True,GB1_IgG-Fc_fitness_1FCC,183690,1.0289855282992901
2,2,9,4.0,0.02,906,183690,0.020632587511568403,3.2216967105548795,0.6695239258765129,0.19973223951775815,10.0,0.14744675084302183,5.520127293155651,-136719.58998835378,0.1453080546928563,0.14958544699318738,0.8936638856078454,4.9331384058513965,12.35967567497689,19.014652077609615,41.5,False,False,False,0,0,0.9906343088910955,False,True,GB1_IgG-Fc_fitness_1FCC,183690,1.0530379155539555
3,0,9,6.0,0.001,48,183690,0.0005226196308998857,3.821526611001061,0.7233997587991707,0.18926104567869553,10.0,0.10240920866728945,8.142172731855883,-219819.73930865026,0.10072613101510187,0.10409228631947702,1.0046834007108136,8.180305789415824,15.274947388072537,19.014652077609615,90.0,False,False,False,0,0,1.274844198566241,False,True,GB1_IgG-Fc_fitness_1FCC,183690,0.9978311839803702
3,1,9,6.0,0.005,258,183690,0.004257172410038652,6.356805472466158,0.707725339098948,0.1918352996331926,10.0,0.13544934528836394,6.4026505631940696,-167764.4033037147,0.1334601279563218,0.13743856262040607,0.9476435813119206,6.0674307095940145,12.781366041464377,19.014652077609615,47.5,False,False,False,0,0,1.1028025577669875,False,True,GB1_IgG-Fc_fitness_1FCC,183690,1.0114032894396348
3,2,9,6.0,0.02,945,183690,0.016663944689422398,4.287510293166783,0.685477057065948,0.20155966018169827,10.0,0.13793558117156315,6.458195607818089,-170168.3247962091,0.13593262344635762,0.1399385388967687,0.9296692957693538,6.0039861626609765,14.97513256114868,19.014652077609615,86.5,False,False,False,0,0,1.077538771299573,False,True,GB1_IgG-Fc_fitness_1FCC,183690,1.0626725306338343
0,0,10,2.0,0.001,36,183690,0.0003919647231749143,1.6264721415728922,0.7151097258695482,0.19228353906484408,10.0,0.12652621515724854,5.598264658378893,-137582.02888208732,0.12451877289329259,0.1285336574212045,0.9773594634365125,5.471516942688786,11.33164435894944,19.014652077609615,24.0,False,False,False,0,0,0.9990790517342265,False,True,GB1_IgG-Fc_fitness_1FCC,183690,1.0137665189208394
0,1,10,2.0,0.005,229,183690,0.005231640263487397,2.228206355786303,0.786987848595532,0.19106667301461847,10.0,0.13457626472184792,5.751605051542034,-143843.12237028487,0.13254214545392068,0.13661038398977515,1.0481226600368452,6.028387586103593,10.761132032344053,19.014652077609615,16.5,False,False,False,0,0,1.1318941906688587,False,True,GB1_IgG-Fc_fitness_1FCC,183690,1.007350899228536
0,2,10,2.0,0.02,932,183690,0.01843322989819805,1.6901770945695533,0.7499010778223687,0.20150821118205015,10.0,0.13150281672682682,6.872259943368689,-184402.0325666821,0.12955813023749735,0.13344750321615628,1.0487972926419364,7.207607622936709,13.122081255727979,19.014652077609615,55.50000000000001,False,False,False,0,0,1.3363382392647163,False,True,GB1_IgG-Fc_fitness_1FCC,183690,1.0624012787444166
1,0,10,3.0,0.001,53,183690,0.003478686918177364,1.6977073241387557,0.7048725304426002,0.1899793368072988,10.0,0.11885682231340337,6.767303939537774,-178659.71589265042,0.11699033270782722,0.12072331191897953,0.9684504244098504,6.553798372355811,13.570966991086788,19.014652077609615,66.5,False,False,False,0,0,1.1150478562494146,False,True,GB1_IgG-Fc_fitness_1FCC,183690,1.0016181930013053
1,1,10,3.0,0.005,251,183690,0.004093853775382438,2.315685643047507,0.724592939427574,0.1929526032763101,10.0,0.1261020963247344,7.043190242232345,-189327.55532650766,0.12420466901993572,0.1279995236295331,0.9989976327042733,7.03613037867595,13.42964934117991,19.014652077609615,61.0,False,False,False,0,0,1.28850954094368,False,True,GB1_IgG-Fc_fitness_1FCC,183690,1.0172939914225998
1,2,10,3.0,0.02,938,183690,0.019919429473569603,2.551698694260019,0.7639955317154161,0.19923739361406403,10.0,0.1357895029691445,7.188324809698802,-194899.9026907985,0.1338454213254598,0.1377335846128292,1.0374240685056655,7.457341169817945,13.414653385621603,19.014652077609615,61.0,False,False,False,0,0,1.5142080989194462,False,True,GB1_IgG-Fc_fitness_1FCC,183690,1.0504289651901855
2,0,10,4.0,0.001,53,183690,0.0005770591757852904,2.9635258571658207,0.7257975180034137,0.18834181562679803,10.0,0.1268480724261312,5.027631046911766,-115405.75851476216,0.12477819090258807,0.1289179539496743,0.9847074891072147,4.950745944361963,9.984734014882136,19.014652077609615,9.0,False,False,False,0,0,1.049168687306687,False,True,GB1_IgG-Fc_fitness_1FCC,183690,0.9929847751076623
2,1,10,4.0,0.005,209,183690,0.003173825466819097,4.1437305421003146,0.7095677480923251,0.19202321855831225,10.0,0.13311168101775503,6.9616568942644905,-186806.72630872088,0.1311746267797309,0.13504873525577915,0.9497799630468654,6.612042227779484,13.469652963401833,19.014652077609615,63.5,False,False,False,0,0,1.2047542166948606,False,True,GB1_IgG-Fc_fitness_1FCC,183690,1.0123940446310797
2,2,10,4.0,0.02,895,183690,0.020115411835157058,3.227668968296484,0.6769813289075072,0.19780356183554748,10.0,0.14590231448056273,5.543329164445837,-137255.3235896899,0.14377847544751013,0.14802615351361534,0.9063033916178962,5.023938022591662,11.824849386919036,19.014652077609615,32.0,False,False,False,0,0,1.0395012745720473,False,True,GB1_IgG-Fc_fitness_1FCC,183690,1.0428694483542975
3,0,10,6.0,0.001,48,183690,0.0005226196308998857,4.542169016895034,0.7278385006021966,0.18740926448753223,10.0,0.11180315783444235,6.6861217355959655,-174700.51349981164,0.1099717241516223,0.11363459151726239,1.033599805517766,6.910774125580098,12.472199145299868,19.014652077609615,42.5,False,False,False,0,0,1.195717458025909,False,True,GB1_IgG-Fc_fitness_1FCC,183690,0.9880681341577038
3,1,10,6.0,0.005,257,183690,0.005215308400021776,5.137333637412993,0.6796295954823862,0.1913564185181982,10.0,0.14404094734875267,6.370141138373821,-167579.8686997064,0.1419951448988879,0.14608674979861744,0.9086604538897596,5.788295338136586,11.919105652118185,19.014652077609615,33.5,False,False,False,0,0,1.0874991307808726,False,True,GB1_IgG-Fc_fitness_1FCC,183690,1.008878509402374
3,2,10,6.0,0.02,906,183690,0.01521585279547063,4.547110766435772,0.7231318312175914,0.20284644203015434,10.0,0.11910173618328346,7.941187483196517,-217077.96144779306,0.11730032463682853,0.12090314772973838,0.9979288826643905,7.924740352134744,15.527766810570402,19.014652077609615,93.0,False,False,False,0,0,1.3552933915947125,False,True,GB1_IgG-Fc_fitness_1FCC,183690,1.0694567637588543
0,0,11,2.0,0.001,36,183690,0.0003919647231749143,1.8011663117382812,0.7337417897959106,0.18913576982914412,10.0,0.11011602163687394,7.187499345006533,-191136.3651586445,0.10833276791844838,0.11189927535529949,1.0135119781335917,7.284616678991466,14.099408813926173,19.014652077609615,75.0,False,False,False,0,0,1.113504995013252,False,True,GB1_IgG-Fc_fitness_1FCC,183690,0.9971706986235777
0,1,11,2.0,0.005,212,183690,0.007262235287712995,2.0671169802835427,0.6965686431984434,0.19253524263698063,10.0,0.11159121078190214,6.712090447066855,-175042.19399624236,0.10977214775332754,0.11341027381047673,0.9632345488702372,6.465317413756672,13.124044066155262,19.014652077609615,55.50000000000001,False,False,False,0,0,0.9947046798287424,False,True,GB1_IgG-Fc_fitness_1FCC,183690,1.0150935625948108
0,2,11,2.0,0.02,936,183690,0.020529152376286133,1.9347912687898954,0.7335535892494944,0.19168638605992447,10.0,0.11812087722964207,5.801040280195214,-143967.56952316954,0.11618175556702878,0.12005999889225535,1.041024056341361,6.039022483488447,11.484143416223029,19.014652077609615,25.5,False,False,False,0,0,0.990373457389933,False,True,GB1_IgG-Fc_fitness_1FCC,183690,1.010618180139451
1,0,11,3.0,0.001,59,183690,0.0006423866296477762,2.4143684771368203,0.7340592925337928,0.18946950091407053,10.0,0.12589805632680665,5.570631458702094,-136591.25625394576,0.12388810264002637,0.12790801001358693,1.0151802736137683,5.655195168446657,11.134637981838187,19.014652077609615,21.0,False,False,False,0,0,0.9846627344983602,False,True,GB1_IgG-Fc_fitness_1FCC,183690,0.9989302116940513
1,1,11,3.0,0.005,207,183690,0.006549077249714192,2.457627549740082,0.6836921224167861,0.19279463426540008,10.0,0.12205715185750769,6.378313679683273,-165364.46600976726,0.12014695091728897,0.12396735279772642,0.929287562928925,5.9272875749890925,14.247398973321125,19.014652077609615,77.5,False,False,False,0,0,0.978750423640108,False,True,GB1_IgG-Fc_fitness_1FCC,183690,1.0164611396087293
1,2,11,3.0,0.02,942,183690,0.030377266046055854,2.1606579781098896,0.6853205175480372,0.19506060864847977,10.0,0.1299756938191239,4.839242296756424,-108558.03235745279,0.12785780766607058,0.13209357997217724,0.954870675842959,4.620850562471641,9.477384513134641,19.014652077609615,3.5000000000000004,False,False,False,0,0,0.9680445490512213,False,True,GB1_IgG-Fc_fitness_1FCC,183690,1.0284079186906547
2,0,11,4.0,0.001,44,183690,0.00047906799499156187,2.891102795073981,0.7129442932848118,0.19204387484457905,10.0,0.11499461950604994,6.854240965540837,-180995.4693058962,0.1131580625857024,0.1168311764263975,0.9883987639037605,6.774723297839081,14.394395824782622,19.014652077609615,77.5,False,False,False,0,0,1.0462803268661733,False,True,GB1_IgG-Fc_fitness_1FCC,183690,1.0125029496966116
2,1,11,4.0,0.005,239,183690,0.00480701181338124,3.7637290913325696,0.7398903048388074,0.1926331932030858,10.0,0.14096670067882838,5.4152130066371855,-132145.22447948158,0.1388550633208037,0.14307833803685308,0.9841430138997034,5.329344049260794,10.455579779722816,19.014652077609615,12.5,False,False,False,0,0,1.0542891577634943,False,True,GB1_IgG-Fc_fitness_1FCC,183690,1.015609982278522
2,2,11,4.0,0.02,925,183690,0.02335456475583864,4.194361426325403,0.6962568077801305,0.19882934980771422,10.0,0.14253553625783486,6.0156284619916605,-154416.60342715087,0.140475026745261,0.14459604577040872,0.9376887678942584,5.640787240634593,12.025120409795434,19.014652077609615,34.5,False,False,False,0,0,1.104763805489915,False,True,GB1_IgG-Fc_fitness_1FCC,183690,1.0482776570171495
3,0,11,6.0,0.001,46,183690,0.0005008438129457238,4.338391634746243,0.6925430554204343,0.19048916761732998,10.0,0.11093585858669214,6.760282421525909,-176454.52447599696,0.10912598447659096,0.11274573269679332,0.9545441728833313,6.452988192513172,13.740107659737797,19.014652077609615,69.0,False,False,False,0,0,1.0119026197279744,False,True,GB1_IgG-Fc_fitness_1FCC,183690,1.004306147508683
3,1,11,6.0,0.005,201,183690,0.0027818607436441833,4.690074833453191,0.7060443887626602,0.19245838794287437,10.0,0.11465454856666404,6.762330488925791,-177723.96225814533,0.11281428701894386,0.11649481011438423,0.9749094446073949,6.592659861210296,13.344721065507988,19.014652077609615,59.5,False,False,False,0,0,1.0749334641091903,False,True,GB1_IgG-Fc_fitness_1FCC,183690,1.0146883655816614
3,2,11,6.0,0.02,961,183690,0.022728509989656486,5.415025115736826,0.689414985687515,0.20591655635277437,10.0,0.13678559897686873,6.956114069735614,-187335.95140188315,0.13482068689961352,0.13875051105412395,0.9346897842335367,6.50180875894505,15.39878854706928,19.014652077609615,92.5,False,False,False,0,0,1.1193579935960127,False,True,GB1_IgG-Fc_fitness_1FCC,183690,1.0856431680900225
0,0,12,2.0,0.001,46,183690,0.002330012521095324,0.6824780563589784,0.7026007506019918,0.19043577362915384,10.0,0.11393041816881155,6.247490777026728,-158853.51649954868,0.11206699428879072,0.11579384204883239,0.964713979034495,6.027041686486764,12.715954117929792,19.014652077609615,46.5,False,False,False,0,0,1.0352293635123366,False,True,GB1_IgG-Fc_fitness_1FCC,183690,1.0040246411572402
0,1,12,2.0,0.005,241,183690,0.0031847133757961785,1.6281405070608868,0.7197198846886637,0.18992631214494396,10.0,0.10006665302580162,7.057933826414086,-183532.95735190425,0.09835096359832547,0.10178234245327776,1.011338608063599,7.137960971810614,13.587811926353131,19.014652077609615,67.0,False,False,False,0,0,1.0539946330469856,False,True,GB1_IgG-Fc_fitness_1FCC,183690,1.0013386338272132
0,2,12,2.0,0.02,893,183690,0.019505688932440524,1.6411767883452415,0.7672000056831874,0.19547784749066707,10.0,0.10938854210286231,7.499694311702516,-201326.95317101153,0.10762565779848114,0.11115142640724347,1.0826021099747987,8.11918488601514,15.352386912020213,19.014652077609615,92.0,False,False,False,0,0,1.2521420975198505,False,True,GB1_IgG-Fc_fitness_1FCC,183690,1.0306077053736955
1,0,12,3.0,0.001,47,183690,0.0005117317219228047,2.678213375682083,0.7203556100143359,0.1888044647671205,10.0,0.09746113823815358,6.65521176295069,-168756.57454901654,0.0957398551227936,0.09918242135351357,1.0078965809839535,6.7077651816021895,13.411564792067681,19.014652077609615,61.0,False,False,False,0,0,0.9851911033055901,False,True,GB1_IgG-Fc_fitness_1FCC,183690,0.9954239761476861
1,1,12,3.0,0.005,226,183690,0.0024987751102400783,2.593206595094606,0.7196740475203273,0.19174713643962196,10.0,0.14487972364586663,6.547692543103977,-174079.88957823836,0.14283823195073247,0.14692121534100078,0.9661317339052945,6.3259335497478135,13.04203468166057,19.014652077609615,52.5,False,False,False,0,0,1.174848673544377,False,True,GB1_IgG-Fc_fitness_1FCC,183690,1.0109384712119398
1,2,12,3.0,0.02,948,183690,0.02207523545103163,2.239317678368606,0.7327442919378567,0.19921761751510955,10.0,0.13792711423041826,5.915726387730643,-150631.74370719085,0.13588171029840151,0.139972518162435,0.9989953872671768,5.909783373677631,11.44359287478235,19.014652077609615,24.5,False,False,False,0,0,1.0996758407212266,False,True,GB1_IgG-Fc_fitness_1FCC,183690,1.0503247006905179
2,0,12,4.0,0.001,53,183690,0.0011867820785018237,3.458430586322472,0.7657276097226818,0.19190665835539783,10.0,0.10485557414161024,8.407812439961026,-228692.15310518374,0.10316650264756912,0.10654464563565137,1.0513732872425103,8.839749403520294,15.712211105845387,19.014652077609615,94.5,False,False,False,0,0,1.4745345242752685,False,True,GB1_IgG-Fc_fitness_1FCC,183690,1.011779510325502
2,1,12,4.0,0.005,238,183690,0.0025913223365452666,2.9822832513912063,0.7019275415974864,0.19541966613693088,10.0,0.10833647540133624,7.594865947129246,-204405.07161626918,0.10658287412671405,0.11009007667595844,0.9790108783308699,7.435456381704216,15.39257042061085,19.014652077609615,92.5,False,False,False,0,0,1.1509744821771977,False,True,GB1_IgG-Fc_fitness_1FCC,183690,1.0303009588433887
2,2,12,4.0,0.02,929,183690,0.022597855081931514,3.55172504853819,0.7017752481644066,0.2038694473549575,10.0,0.13207612428453944,7.3119218003389586,-198830.46307428426,0.13015884373063905,0.13399340483843983,0.9805473442111954,7.1696855024023085,14.503887024032434,19.014652077609615,79.5,False,False,False,0,0,1.3447137716895983,False,True,GB1_IgG-Fc_fitness_1FCC,183690,1.074850301614497
3,0,12,6.0,0.001,47,183690,0.0005117317219228047,5.190678876426886,0.7486364968844463,0.19388658821058605,10.0,0.10175147308145539,8.51457470576819,-231613.2360645826,0.10008036545046754,0.10342258071244324,1.0589352205008593,9.016383043523678,16.550521781955265,19.014652077609615,97.0,False,False,False,0,0,1.3890159300422635,False,True,GB1_IgG-Fc_fitness_1FCC,183690,1.0222181916955422
3,1,12,6.0,0.005,256,183690,0.0038379879144210356,4.282582001078275,0.7352348108773021,0.19653472691689747,10.0,0.10112340079292742,7.695563991799988,-205009.87286757655,0.0994330414981522,0.10281376008770264,1.013904184413416,7.802564532707218,14.88132159901465,19.014652077609615,84.5,False,False,False,0,0,1.1813908894044005,False,True,GB1_IgG-Fc_fitness_1FCC,183690,1.036179835895421
3,2,12,6.0,0.02,933,183690,0.028428330339158366,4.739412154062299,0.6950167914503322,0.2013943205268245,10.0,0.15330716988172308,7.163524957787382,-194776.50410933304,0.15125991896299207,0.15535442080045408,0.9478501611023015,6.789948285299127,15.003077208124424,19.014652077609615,86.5,False,False,False,0,0,1.3101761383536816,False,True,GB1_IgG-Fc_fitness_1FCC,183690,1.0618008189565051
0,0,13,2.0,0.001,42,183690,0.00045729217703739997,1.5156251925601851,0.7153129522477486,0.19141546992386665,10.0,0.11478681413673691,6.672878033524872,-174425.2390739841,0.11294314257900041,0.11663048569447342,0.9855380238740938,6.576375030712952,12.768969755733634,19.014652077609615,47.5,False,False,False,0,0,1.0841906315261653,False,True,GB1_IgG-Fc_fitness_1FCC,183690,1.0091898430623067
0,1,13,2.0,0.005,231,183690,0.010321737710272743,2.3770789207044425,0.7454916422091518,0.188244916541224,10.0,0.11917881634789299,6.525585725071848,-170178.1249274523,0.11729605543551547,0.1210615772602705,1.0281995547488225,6.709604336994146,12.595622762010752,19.014652077609615,44.5,False,False,False,0,0,1.117692761225693,False,True,GB1_IgG-Fc_fitness_1FCC,183690,0.9924738990901584
0,2,13,2.0,0.02,902,183690,0.019266154934944744,1.7977192895862089,0.7139341516860631,0.1968923055286243,10.0,0.1184992265862974,7.774989647420022,-212409.22753121192,0.11668472078538097,0.12031373238721382,1.0073230951007344,7.8319266360153055,15.048213479826343,19.014652077609615,87.0,False,False,False,0,0,1.3751301789168013,False,True,GB1_IgG-Fc_fitness_1FCC,183690,1.0380650790431907
1,0,13,3.0,0.001,47,183690,0.0005117317219228047,2.63308311904252,0.6992331505867259,0.18854941328034264,10.0,0.11387444604199233,5.99201694756046,-149858.5436559139,0.11198556342597506,0.1157633286580096,0.9649214959355424,5.781825956711162,13.48742677641897,19.014652077609615,64.0,False,False,False,0,0,1.0051847860929461,False,True,GB1_IgG-Fc_fitness_1FCC,183690,0.9940792814371878
1,1,13,3.0,0.005,217,183690,0.002493331155751538,2.371926606811212,0.7183205853297886,0.19067194975475177,10.0,0.13000130853489528,8.53147772111917,-236856.91912079218,0.12815089446959194,0.13185172260019862,0.9658486764113325,8.240116464775722,16.46069485778741,19.014652077609615,97.0,False,False,False,0,0,1.4877590491566608,False,True,GB1_IgG-Fc_fitness_1FCC,183690,1.00526982028107
1,2,13,3.0,0.02,961,183690,0.01773640372366487,2.8648237811729826,0.743702484847812,0.2000341589196947,10.0,0.1512342139360338,6.213886616274519,-163033.09862904227,0.1491256750225355,0.15334275284953214,1.0164738611126092,6.316253321360525,12.783708984842706,19.014652077609615,47.5,False,False,False,0,0,1.2506521483027315,False,True,GB1_IgG-Fc_fitness_1FCC,183690,1.054629709539985
2,0,13,4.0,0.001,48,183690,0.0005226196308998857,2.7619348204121676,0.7045487695712758,0.18539428697534274,10.0,0.11254594770034397,5.6481725060206145,-136018.4478869139,0.11064863226068133,0.1144432631400066,0.9475382193396475,5.351859318877928,11.567933204295565,19.014652077609615,28.000000000000004,False,False,False,0,0,0.96695689449031,False,True,GB1_IgG-Fc_fitness_1FCC,183690,0.977444672845463
2,1,13,4.0,0.005,220,183690,0.002395339974957809,2.9315516688299827,0.7404486063457613,0.18939742813354454,10.0,0.11869156952190635,6.710511446789687,-176840.1875910752,0.11681971905185208,0.12056341999196062,1.0317135410948088,6.923325527324637,12.94446410529107,19.014652077609615,50.5,False,False,False,0,0,1.213790975363812,False,True,GB1_IgG-Fc_fitness_1FCC,183690,0.9985502261155763
2,2,13,4.0,0.02,929,183690,0.025227285099896565,3.468182722973409,0.7166920925586854,0.1934749147512145,10.0,0.18219517093423013,4.772215853754178,-109216.9403509117,0.17976527609349435,0.1846250657749659,0.9376416547947285,4.474628370151705,9.380344606156,19.014652077609615,3.5000000000000004,False,False,False,0,0,1.148832864908531,False,True,GB1_IgG-Fc_fitness_1FCC,183690,1.0200477470913454
3,0,13,6.0,0.001,41,183690,0.000446404268060319,3.8676683703052523,0.7305142765296604,0.1886234086639811,10.0,0.10623266677850876,7.989327023733885,-216846.9318739206,0.1045056975282199,0.10795963602879761,1.0346086533222558,8.26582687297642,15.963263217262632,19.014652077609615,95.5,False,False,False,0,0,1.265366622401243,False,True,GB1_IgG-Fc_fitness_1FCC,183690,0.9944694034562239
3,1,13,6.0,0.005,227,183690,0.0051663128096249115,4.0290733529885925,0.7278820737101505,0.19468711312566994,10.0,0.14312146732623054,7.067499500036288,-191490.83226573258,0.14112507670857036,0.14511785794389073,0.9771872484639087,6.906270389960511,13.523540362321441,19.014652077609615,65.0,False,False,False,0,0,1.4765182030074773,False,True,GB1_IgG-Fc_fitness_1FCC,183690,1.0264387576390488
3,2,13,6.0,0.02,891,183690,0.023512439436006314,5.309422018236749,0.7519477696631284,0.19912788096839731,10.0,0.13554885054676863,6.904477793056816,-185379.35829872126,0.1335893478591583,0.13750835323437896,1.0321578009341195,7.126510615479987,14.884046724979177,19.014652077609615,84.5,False,False,False,0,0,1.345154589185645,False,True,GB1_IgG-Fc_fitness_1FCC,183690,1.0498515873547487
0,0,14,2.0,0.001,49,183690,0.0005335075398769666,1.7129158427093722,0.6937833395250672,0.19237862084010443,10.0,0.12009553364916174,6.593593380410335,-172940.21856688813,0.11820770971073538,0.1219833575875881,0.956249733239469,6.3051219111069114,12.650387353758981,19.014652077609615,46.0,False,False,False,0,0,1.0451782831260574,False,True,GB1_IgG-Fc_fitness_1FCC,183690,1.014267813627538
0,1,14,2.0,0.005,246,183690,0.004861451358266645,2.0474043806795046,0.7345779735573277,0.19233134721275874,10.0,0.1266956032996852,6.3210900736845,-163580.20060358837,0.12475766847968735,0.12863353811968306,0.9905606913699004,6.261423353600334,11.869027759391017,19.014652077609615,33.0,False,False,False,0,0,1.1290576200315816,False,True,GB1_IgG-Fc_fitness_1FCC,183690,1.0140185753367095
0,2,14,2.0,0.02,929,183690,0.024078610702814526,1.824307682500021,0.6993488854148973,0.19691627562110503,10.0,0.16684645761453887,5.0090305878986,-118600.33361254749,0.16452752936415196,0.16916538586492577,0.9308047193995713,4.662429310832826,10.366694982201237,19.014652077609615,12.0,False,False,False,0,0,1.0719074145755847,False,True,GB1_IgG-Fc_fitness_1FCC,183690,1.0381914553171585
1,0,14,3.0,0.001,43,183690,0.0004681800860144809,2.420676167923529,0.7269745306408382,0.19229226567179214,10.0,0.14226439899538992,5.669746025276663,-142057.6389618097,0.14016797151975754,0.1443608264710223,0.9713364959202015,5.507231236949725,11.024256605966169,19.014652077609615,18.5,False,False,False,0,0,1.066157289755802,False,True,GB1_IgG-Fc_fitness_1FCC,183690,1.0138125277575332
1,1,14,3.0,0.005,243,183690,0.005046545810877021,2.9379891704683687,0.7349134622474693,0.19053977701461952,10.0,0.12726793996316127,5.750660185162826,-143601.50797134172,0.12526757328736923,0.1292683066389533,1.0052003921130999,5.780565873034864,11.795034094898277,19.014652077609615,32.0,False,False,False,0,0,1.0107000485780397,False,True,GB1_IgG-Fc_fitness_1FCC,183690,1.0045729728061807
1,2,14,3.0,0.02,910,183690,0.016751047961239045,2.5078052650824882,0.7112722631039524,0.20002517386376265,10.0,0.1320691030800307,7.288971152504455,-198189.72568763013,0.13014863391690745,0.13398957224315394,0.9782775543295126,7.1306368726504274,14.810753361649857,19.014652077609615,83.5,False,False,False,0,0,1.326640254351695,False,True,GB1_IgG-Fc_fitness_1FCC,183690,1.0545823380961326
2,0,14,4.0,0.001,45,183690,0.0004899559039686428,3.3508817699838804,0.7370770946086214,0.190999087886866,10.0,0.11123412413064694,6.333149758903802,-161576.4006150039,0.10939100828059414,0.11307723998069974,1.018424304229824,6.4498336367948825,14.054445956864022,19.014652077609615,74.5,False,False,False,0,0,1.032728005585426,False,True,GB1_IgG-Fc_fitness_1FCC,183690,1.006994573668763
2,1,14,4.0,0.005,236,183690,0.0025695465185911048,3.200248958324581,0.6978088780381737,0.1965881142310447,10.0,0.1489380788620649,6.775722205787996,-181629.03844805714,0.1468945980494943,0.15098155967463547,0.9231618931230252,6.255088538770967,13.588538828652402,19.014652077609615,67.0,False,False,False,0,0,1.1958192261242861,False,True,GB1_IgG-Fc_fitness_1FCC,183690,1.0364613070597277
2,2,14,4.0,0.02,958,183690,0.021705046545810878,3.684914082009167,0.6936584210667835,0.2024892603919445,10.0,0.13808589821474307,7.332763120995002,-200149.7607547727,0.1361308355029437,0.14004096092654245,0.9718071907374068,7.126031928957013,13.599016502460152,19.014652077609615,67.0,False,False,False,0,0,1.4278078696943481,False,True,GB1_IgG-Fc_fitness_1FCC,183690,1.0675736135539462
3,0,14,6.0,0.001,42,183690,0.00045729217703739997,4.085609545707706,0.6973527888819575,0.18649196973492474,10.0,0.11260194691696825,6.97010671137208,-184864.8270237845,0.11078081656681951,0.11442307726711698,0.9755653400935455,6.799794524368006,14.38265812931426,19.014652077609615,77.5,False,False,False,0,0,1.0304108970085024,False,True,GB1_IgG-Fc_fitness_1FCC,183690,0.9832319286629544
3,1,14,6.0,0.005,252,183690,0.0033262561924982306,4.707342291596285,0.7252262155306223,0.19251501066390447,10.0,0.12773033653177462,6.539944035830386,-172208.4377680322,0.12579046309866343,0.12967020996488582,0.9959045087573317,6.5131597523041025,12.77210564892488,19.014652077609615,47.5,False,False,False,0,0,1.0854815526510708,False,True,GB1_IgG-Fc_fitness_1FCC,183690,1.014986894613682
3,2,14,6.0,0.02,901,183690,0.01797593772116065,4.659468390459576,0.7251303730025922,0.2025627620127521,10.0,0.12579106314439525,6.382984983647318,-165635.0885241091,0.12386464270309326,0.12771748358569726,0.9848234583842301,6.28611334641016,13.964507659595606,19.014652077609615,73.5,False,False,False,0,0,1.0634714356529444,False,True,GB1_IgG-Fc_fitness_1FCC,183690,1.0679611323328473
0,0,15,2.0,0.001,49,183690,0.0005335075398769666,1.5460227257626615,0.7453698545258673,0.1884746916263347,10.0,0.09967086914953331,7.261701930409392,-190538.95017167646,0.09796539516038207,0.10137634313868456,1.036019465103556,7.523264549684197,14.288963887371764,19.014652077609615,77.5,False,False,False,0,0,1.1406152710201067,False,True,GB1_IgG-Fc_fitness_1FCC,183690,0.9936853303405935
0,1,15,2.0,0.005,258,183690,0.003750884642604388,1.6612469074006366,0.7263429591244132,0.19241064517370865,10.0,0.10178203751656222,7.825741307903362,-210126.61729588558,0.10008193283463472,0.10348214219848971,1.036006176052337,8.107516327175777,14.702166859977652,19.014652077609615,81.0,False,False,False,0,0,1.2530237325119433,False,True,GB1_IgG-Fc_fitness_1FCC,183690,1.0144366538587748
0,2,15,2.0,0.02,880,183690,0.024323588654798847,2.1675025119223275,0.756496947321201,0.19358777864394364,10.0,0.11911778172604494,6.769364532034239,-178703.02426753798,0.11725031645264924,0.12098524699944063,1.0645241400667351,7.206151957262005,14.26240301578131,19.014652077609615,77.5,False,False,False,0,0,1.2254726390090422,False,True,GB1_IgG-Fc_fitness_1FCC,183690,1.0206427935326596
1,0,15,3.0,0.001,47,183690,0.0005117317219228047,2.4114073405031062,0.7496263997024575,0.194089657771097,10.0,0.11964747890910188,6.865788593921298,-182151.336985118,0.1177822824803981,0.12151267533780566,1.0251869334295116,7.038716754177494,13.216154453532257,19.014652077609615,56.49999999999999,False,False,False,0,0,1.2530237325119433,False,True,GB1_IgG-Fc_fitness_1FCC,183690,1.0232888247952823
1,1,15,3.0,0.005,234,183690,0.003957754913168926,2.951721399754491,0.7079899648088237,0.19588481890092624,10.0,0.11478501413479499,7.776584903006287,-211864.5453267179,0.1129939215526673,0.11657610671692267,0.9987462658081857,7.7668351326178415,15.019905054453726,19.014652077609615,86.5,False,False,False,0,0,1.2869666797075177,False,True,GB1_IgG-Fc_fitness_1FCC,183690,1.0327533596085055
1,2,15,3.0,0.02,914,183690,0.02002286460885187,2.2567426044472114,0.7171857694635435,0.19998667060106967,10.0,0.14327713408730972,6.067450493827408,-156784.3942525267,0.14120991525574178,0.14534435291887765,0.980806807272437,5.950996747134431,13.468399653098382,19.014652077609615,63.0,False,False,False,0,0,1.1339789110219696,False,True,GB1_IgG-Fc_fitness_1FCC,183690,1.054379339343472
2,0,15,4.0,0.001,50,183690,0.0006968261745331809,3.19929992953554,0.754356663981194,0.1919261667716752,10.0,0.11012352102857195,9.199714183941943,-254102.55382927402,0.10841631334155868,0.11183072871558522,1.050071776906107,9.660360220160232,17.036920858481434,19.014652077609615,98.5,False,False,False,0,0,1.5984042406643117,False,False,GB1_IgG-Fc_fitness_1FCC,183690,1.0118823635356902
2,1,15,4.0,0.005,211,183690,0.002471555337797376,3.1259615946995543,0.73251691770647,0.19402533163456184,10.0,0.140230507215695,6.206280498232943,-161839.92966603115,0.13818896203036854,0.14227205240102145,0.9845589032514409,6.110448720611033,13.07418244334735,19.014652077609615,54.50000000000001,False,False,False,0,0,1.122746932799273,False,True,GB1_IgG-Fc_fitness_1FCC,183690,1.0229496814456849
2,2,15,4.0,0.02,936,183690,0.02310414284936578,3.5215263139369446,0.6748482154073887,0.20144592624574387,10.0,0.17358211944070792,5.361612046041448,-131525.4254587239,0.17127917460015632,0.17588506428125952,0.8893823580262334,4.7685231643302,10.915169008201973,19.014652077609615,17.5,False,False,False,0,0,1.137444567998821,False,True,GB1_IgG-Fc_fitness_1FCC,183690,1.0620728971087992
3,0,15,6.0,0.001,44,183690,0.00047906799499156187,3.80998760588718,0.6983831920916904,0.18867040138814445,10.0,0.1123391278496744,6.531509476256116,-168577.48063437024,0.11050756285412486,0.11417069284522394,0.9541958839874951,6.232339458468906,12.816217620268016,19.014652077609615,48.5,False,False,False,0,0,0.9930925937922115,False,True,GB1_IgG-Fc_fitness_1FCC,183690,0.9947171607557899
3,1,15,6.0,0.005,242,183690,0.008302030595024226,3.519440189318432,0.7270067491950626,0.19513088187086666,10.0,0.12973035995713925,7.159616529623699,-193809.5410624328,0.12781574860714448,0.131644971307134,1.0044119004643344,7.191204045115201,15.003037319811883,19.014652077609615,86.5,False,False,False,0,0,1.2539053675040361,False,True,GB1_IgG-Fc_fitness_1FCC,183690,1.028778416552193
3,2,15,6.0,0.02,944,183690,0.01622842833033916,4.543088699063873,0.7101225583984703,0.19888488270453,10.0,0.13328410481677458,5.5002935301294835,-134813.5173768635,0.13122357657799225,0.1353446330555569,0.983238500432878,5.4081003625051745,12.125898885035461,19.014652077609615,35.0,False,False,False,0,0,1.020158060292518,False,True,GB1_IgG-Fc_fitness_1FCC,183690,1.048570440225553
0,0,16,2.0,0.001,44,183690,0.0018291687081495999,0.8836531476899723,0.7161553059464293,0.1891752563563259,10.0,0.0986457474453081,8.451509992566717,-228429.8864547572,0.09699806194002081,0.1002934329505954,0.9977617975616161,8.432593802293328,15.486082329275597,19.014652077609615,93.0,False,False,False,0,0,1.3026157008171655,False,True,GB1_IgG-Fc_fitness_1FCC,183690,0.9973788813905479
0,1,16,2.0,0.005,229,183690,0.0037998802330012522,1.5323323920538563,0.733244391551614,0.19449869072936032,10.0,0.12153470097017863,7.539964962298525,-205329.58743182034,0.11968962346850488,0.12337977847185237,1.0159933881783636,7.660554548791826,15.882794206276657,19.014652077609615,95.5,False,False,False,0,0,1.225252230261019,False,True,GB1_IgG-Fc_fitness_1FCC,183690,1.0254453480225911
0,2,16,2.0,0.02,895,183690,0.0160324459687517,1.6292725127757783,0.7450253687594702,0.1972036097155173,10.0,0.12105154237950033,6.949483049814129,-185537.32087957638,0.11917761403583813,0.12292547072316254,1.0490876438205172,7.290616798500127,13.086998924115845,19.014652077609615,55.50000000000001,False,False,False,0,0,1.3303872030680897,False,True,GB1_IgG-Fc_fitness_1FCC,183690,1.0397063519436522
1,0,16,3.0,0.001,55,183690,0.0005988349937394523,2.3668831015608434,0.7808981056295214,0.19352633133003844,10.0,0.15320122754191406,5.0238680440173065,-118259.94835041056,0.15096468346769792,0.1554377716161302,1.0387604593556923,5.218595477145801,10.22507706864836,19.014652077609615,10.0,False,False,False,0,0,1.1359301458007258,False,True,GB1_IgG-Fc_fitness_1FCC,183690,1.020318828050135
1,1,16,3.0,0.005,238,183690,0.0026022102455223474,2.4344099990317414,0.7383582872880908,0.19228773198957722,10.0,0.12062253390314231,7.334881233816034,-197992.01461049495,0.11878020753547883,0.1224648602708058,1.0000577264351924,7.3353046503622235,13.744822008015856,19.014652077609615,69.0,False,False,False,0,0,1.4273670521983017,False,True,GB1_IgG-Fc_fitness_1FCC,183690,1.0137886250601973
1,2,16,3.0,0.02,899,183690,0.019815994338287332,2.3013026957091105,0.727978871023884,0.1974285137069111,10.0,0.1321080126884196,5.282161282559859,-126283.72773240507,0.13003209438522922,0.13418393099160997,1.0043902372820617,5.3053512239524165,11.536483084496094,19.014652077609615,27.500000000000004,False,False,False,0,0,1.0501468779237897,False,True,GB1_IgG-Fc_fitness_1FCC,183690,1.0408921015796095
2,0,16,4.0,0.001,47,183690,0.0008655887636779357,4.496541882829296,0.7439718260984387,0.19042162899191306,10.0,0.09908931986376189,7.076595778394552,-183706.93408219272,0.09738352001662283,0.10079511971090095,1.0291299177116058,7.282736431097481,13.3984303535753,19.014652077609615,60.5,False,False,False,0,0,1.143039767248362,False,True,GB1_IgG-Fc_fitness_1FCC,183690,1.0039500671207588
2,1,16,4.0,0.005,261,183690,0.009526920354945833,3.4262766387029973,0.7320572820762197,0.19168822481405126,10.0,0.13601328693749973,6.101930234889135,-156994.06961170607,0.13399915434944798,0.13802741952555148,0.9706742981872026,5.922986848338283,11.853191875366132,19.014652077609615,33.0,False,False,False,0,0,1.1289099728993688,False,True,GB1_IgG-Fc_fitness_1FCC,183690,1.0106278745073585
2,2,16,4.0,0.02,907,183690,0.019238935162502042,3.240944978000511,0.7057658663004135,0.19891103267660562,10.0,0.1392355754507206,5.803594085131062,-146874.86409148574,0.13716814628596916,0.14130300461547204,0.9663165380829942,5.608108944782789,11.854766920627682,19.014652077609615,33.0,False,False,False,0,0,1.0472239519345665,False,True,GB1_IgG-Fc_fitness_1FCC,183690,1.0487083093655214
3,0,16,6.0,0.001,49,183690,0.0005335075398769666,3.9034673646540767,0.7460797811709916,0.19052573208327153,10.0,0.12828492106228234,6.919150780348639,-185251.80108385778,0.12636882124596813,0.13020102087859656,1.003055491135596,6.940292184223846,13.62854967451958,19.014652077609615,68.5,False,False,False,0,0,1.2168766978361372,False,True,GB1_IgG-Fc_fitness_1FCC,183690,1.0044989244439009
3,1,16,6.0,0.005,268,183690,0.01018563884805923,5.148176316332872,0.7039169041976494,0.1921611297784672,10.0,0.12759142866318754,6.551848045189847,-172413.20093621244,0.1256563719476353,0.1295264853787398,0.9594424208909292,6.28612094978645,12.730673762427744,19.014652077609615,47.0,False,False,False,0,0,1.0772258730627153,False,True,GB1_IgG-Fc_fitness_1FCC,183690,1.0131211467962289
3,2,16,6.0,0.02,923,183690,0.01875442321302194,4.790986558659496,0.7261054661590051,0.2046812839548399,10.0,0.1425465724367715,6.678266230712494,-178158.9716160769,0.14053086703507234,0.14456227783847064,0.9923911973335799,6.627452620809187,13.390319195966224,19.014652077609615,60.5,False,False,False,0,0,1.2486752512589245,False,True,GB1_IgG-Fc_fitness_1FCC,183690,1.079130505566421
0,0,17,2.0,0.001,48,183690,0.0005226196308998857,1.8141303717290822,0.7844590760704029,0.1870307719755155,10.0,0.13651700780162898,5.589778875974006,-138151.66836514114,0.13445386693409694,0.13858014866916102,1.0369932447605408,5.796562934090213,11.071154699668751,19.014652077609615,19.0,False,False,False,0,0,1.1094935963244081,False,True,GB1_IgG-Fc_fitness_1FCC,183690,0.9860726277393649
0,1,17,2.0,0.005,243,183690,0.003456911100223202,1.5881850209306965,0.7245058860707323,0.1920697859355866,10.0,0.10480875548146772,7.051163447371979,-184874.75756951282,0.10305769881552547,0.10655981214740996,1.0029288329936703,7.071815127520405,13.642349556322436,19.014652077609615,68.5,False,False,False,0,0,1.1505336646811513,False,True,GB1_IgG-Fc_fitness_1FCC,183690,1.0126395593963284
0,2,17,2.0,0.02,906,183690,0.01776362349610757,2.3160335465706945,0.7337724895691398,0.195187050272327,10.0,0.10358063889372175,6.81272764121094,-175770.61566629715,0.10183242586308616,0.10532885192435734,1.015316318233052,6.917073545798837,13.819954804557472,19.014652077609615,70.0,False,False,False,0,0,1.0368027507011752,False,True,GB1_IgG-Fc_fitness_1FCC,183690,1.0290745502987357
1,0,17,3.0,0.001,34,183690,0.002585878382056726,2.643486667948412,0.75900795582604,0.19029530936991565,10.0,0.14606613904149832,5.3928725739221575,-131678.3193044283,0.14392181912019122,0.1482104589628054,1.003727041743914,5.412972035124774,10.525376368947747,19.014652077609615,12.5,False,False,False,0,0,1.1001671743606143,False,True,GB1_IgG-Fc_fitness_1FCC,183690,1.003284078736696
1,1,17,3.0,0.005,239,183690,0.008966193042626164,2.157791188985969,0.7406761526636508,0.19392685871333734,10.0,0.09850308501534567,7.553244340856323,-199700.54861224652,0.09682178358414097,0.10018438644655038,1.048790722403856,7.9217725887395405,14.580732267558345,19.014652077609615,80.5,False,False,False,0,0,1.2118072966316034,False,True,GB1_IgG-Fc_fitness_1FCC,183690,1.0224305077762006
1,2,17,3.0,0.02,915,183690,0.016669388643910935,2.835862724077913,0.7186125171748019,0.20039282517468926,10.0,0.12505561605748725,7.384771630953152,-200498.1360637917,0.12318299652897964,0.12692823558599484,1.0116042694100107,7.4704665104901355,14.63534175545712,19.014652077609615,80.5,False,False,False,0,0,1.3746893614207547,False,True,GB1_IgG-Fc_fitness_1FCC,183690,1.0565206870128803
2,0,17,4.0,0.001,51,183690,0.0026947574718275357,3.222192047376874,0.7405148190107447,0.19011034690580525,10.0,0.1234866564994771,5.6795913248553545,-139771.2662966689,0.12151328658714709,0.12546002641180712,1.000298067189612,5.681284224679699,10.867036218464637,19.014652077609615,17.5,False,False,False,0,0,0.9812563529822927,False,True,GB1_IgG-Fc_fitness_1FCC,183690,1.0023089107411194
2,1,17,4.0,0.005,243,183690,0.002907071696880614,3.151421613329255,0.7587232247353377,0.19005306627370455,10.0,0.10970660461596678,6.1002321074479555,-152225.1519251716,0.10786534099896973,0.11154786823296382,1.049905829940367,6.40466925359902,11.82527834849891,19.014652077609615,32.0,False,False,False,0,0,1.0200600289348103,False,True,GB1_IgG-Fc_fitness_1FCC,183690,1.0020069130387226
2,2,17,4.0,0.02,952,183690,0.01922804725352496,3.681547451056847,0.7233698873185699,0.20016290765479933,10.0,0.13897810422551074,7.273444382938153,-198454.89854594902,0.13701262955005397,0.1409435789009675,1.0094493209495865,7.342173493321502,15.011939659202563,19.014652077609615,86.5,False,False,False,0,0,1.290493219675889,False,True,GB1_IgG-Fc_fitness_1FCC,183690,1.0553085048109545
3,0,17,6.0,0.001,52,183690,0.0008057052643039905,3.665060303606433,0.6967841662603075,0.18964315640684593,10.0,0.10706582409853448,6.625471386020383,-171155.24564005889,0.10526673144304716,0.1088649167540218,0.9827464684288004,6.511158606287601,13.627790360305335,19.014652077609615,68.5,False,False,False,0,0,0.9559431691814189,False,True,GB1_IgG-Fc_fitness_1FCC,183690,0.999845766531759
3,1,17,6.0,0.005,222,183690,0.0024171157929119714,4.210738158124748,0.7750858518549465,0.1919147183902248,10.0,0.127027656760823,7.4476022866598734,-203372.49564844766,0.12513979329495792,0.1289155202266881,1.077584336619395,8.025419569475467,14.117013852751805,19.014652077609615,75.0,False,False,False,0,0,1.472991663039106,False,True,GB1_IgG-Fc_fitness_1FCC,183690,1.0118220048286126
3,2,17,6.0,0.02,892,183690,0.02183025749904731,4.6485450664162835,0.7384301432961238,0.20366287035645747,10.0,0.16042794359894186,5.772492030555181,-147022.61136043502,0.15823319037355776,0.16262269682432595,1.0021872506589824,5.785117917552983,11.247259554110961,19.014652077609615,24.0,False,False,False,0,0,1.2551482709413464,False,True,GB1_IgG-Fc_fitness_1FCC,183690,1.0737611764315667
0,0,18,2.0,0.001,40,183690,0.0004355163590832381,1.8141358309854714,0.6694308448557207,0.19136670889893828,10.0,0.11325852043516442,7.771285453553781,-211108.93883884256,0.11148168843160505,0.11503535243872379,0.9209521144046253,7.156981770092262,15.844562784858287,19.014652077609615,95.5,False,False,False,0,0,1.110198863792904,False,True,GB1_IgG-Fc_fitness_1FCC,183690,1.0089327628424343
0,1,18,2.0,0.005,245,183690,0.0026675376993848332,1.5405567911733489,0.6812152382784418,0.19042868208731661,10.0,0.13815173630112948,5.66921644826399,-141506.34042166627,0.1360818122405355,0.14022166036172345,0.9161672494254642,5.193950439803619,10.598550834356319,19.014652077609615,14.000000000000002,False,False,False,0,0,1.0447201947538296,False,True,GB1_IgG-Fc_fitness_1FCC,183690,1.0039872527894316
0,2,18,2.0,0.02,943,183690,0.013865752082312591,1.7815864046721135,0.7197543774574484,0.19682089084933974,10.0,0.12456474832640274,7.220921584952032,-195042.24641101214,0.12268736216048946,0.12644213449231603,0.9886169379674397,7.138725386618269,14.019687159895723,19.014652077609615,74.5,False,False,False,0,0,1.2402400251265973,False,True,GB1_IgG-Fc_fitness_1FCC,183690,1.0376885631377195
1,0,18,3.0,0.001,33,183690,0.0003593009962436714,2.3911350448447175,0.7418868057495046,0.19109975147331645,10.0,0.12075385030517527,6.86117510498809,-182812.28706901078,0.11887177034790987,0.12263593026244067,1.0346844583223247,7.09915124695922,13.170086718511488,19.014652077609615,56.49999999999999,False,False,False,0,0,1.2364930764102027,False,True,GB1_IgG-Fc_fitness_1FCC,183690,1.0075252970687705
1,1,18,3.0,0.005,222,183690,0.004932222766617671,2.988333591057745,0.7567608485942199,0.1935288000586086,10.0,0.15292096760225365,5.816832491342784,-148320.09865612013,0.15077508739015558,0.15506684781435173,1.0023890984198152,5.83072947665618,10.896672540772107,19.014652077609615,17.5,False,False,False,0,0,1.2038096680635264,False,True,GB1_IgG-Fc_fitness_1FCC,183690,1.0203318437995896
1,2,18,3.0,0.02,939,183690,0.02736675921389297,2.5564921330543964,0.6872533437769984,0.19973058411998976,10.0,0.11682581273639214,7.577821188171275,-205495.43777884566,0.11501758427511939,0.1186340411976649,0.9761649868226709,7.397203720295769,14.944105531015513,19.014652077609615,86.0,False,False,False,0,0,1.2428849301028757,False,True,GB1_IgG-Fc_fitness_1FCC,183690,1.0530291878862557
2,0,18,4.0,0.001,49,183690,0.0007131580379988023,3.7716419505869783,0.7122192865903183,0.19051142873807309,10.0,0.12293355941417829,6.214877817596944,-159590.42970749992,0.12100525153861365,0.12486186728974293,0.9683082640300885,6.017917550716402,12.757215670737642,19.014652077609615,47.0,False,False,False,0,0,1.0208455188175938,False,True,GB1_IgG-Fc_fitness_1FCC,183690,1.004423513659695
2,1,18,4.0,0.005,238,183690,0.004191844956176166,2.2972091844476337,0.7267175268697289,0.18917358489939248,10.0,0.09652659348157923,7.842961749823781,-208349.45284784166,0.09487322541925972,0.09817996154389874,1.0321245539050241,8.094913397331037,14.916479783140286,19.014652077609615,85.5,False,False,False,0,0,1.219962420308462,False,True,GB1_IgG-Fc_fitness_1FCC,183690,0.9973700690549462
2,2,18,4.0,0.02,883,183690,0.015308400021775819,3.0181140943887845,0.7586440048658516,0.20112857773215445,10.0,0.12489780255627553,6.778213217830994,-179715.38255222444,0.12299788755231626,0.12679771756023478,1.042361640693678,7.065349450709889,13.152006144835743,19.014652077609615,56.49999999999999,False,False,False,0,0,1.3226728968872774,False,True,GB1_IgG-Fc_fitness_1FCC,183690,1.0603997570185404
3,0,18,6.0,0.001,51,183690,0.0005552833578311285,4.343078086691634,0.7005283132731517,0.1922753034215281,10.0,0.11746976108191406,5.658505070480936,-137750.8564136232,0.11553575925279083,0.1194037629110373,0.9484647506145406,5.366892600524813,11.894428602720344,19.014652077609615,33.5,False,False,False,0,0,1.004321027641621,False,True,GB1_IgG-Fc_fitness_1FCC,183690,1.0137230985662105
3,1,18,6.0,0.005,237,183690,0.00538407098916653,7.082283975912757,0.7476491433384602,0.19557286820759348,10.0,0.14662687133703373,7.884252950243022,-217863.17375450418,0.14465157386643385,0.1486021688076336,1.0073475131011291,7.9421826020875494,17.116103600181173,19.014652077609615,98.5,False,False,False,0,0,1.672020762504064,False,False,GB1_IgG-Fc_fitness_1FCC,183690,1.0311086781657106
3,2,18,6.0,0.02,942,183690,0.01751320158963471,5.425736146101732,0.6950836555766449,0.20212888311742946,10.0,0.12300287421590256,7.5036939444937145,-204116.11093802657,0.12115026590786039,0.12485548252394472,0.9770247378598674,7.331294609099646,15.077759339085151,19.014652077609615,87.0,False,False,False,0,0,1.292697307156121,False,True,GB1_IgG-Fc_fitness_1FCC,183690,1.0656736151616757
0,0,19,2.0,0.001,40,183690,0.0004355163590832381,1.7013057052602412,0.7225197293355723,0.18765934271339282,10.0,0.14895934429892535,4.58234674313478,-100154.6042183413,0.14668969015249103,0.15122899844535967,0.946890494959606,4.338980575683429,9.154024223240988,19.014652077609615,2.5,False,False,False,0,0,0.9989631630528965,False,True,GB1_IgG-Fc_fitness_1FCC,183690,0.9893866086028985
0,1,19,2.0,0.005,269,183690,0.004545701997931298,1.9825728224624128,0.7697055086578796,0.19041706755176385,10.0,0.09753654159950868,7.732763851106887,-205222.81582435558,0.09587056381445087,0.09920251938456649,1.0851145602817658,8.390934646056584,15.37794254082006,19.014652077609615,92.5,False,False,False,0,0,1.2433257475989221,False,True,GB1_IgG-Fc_fitness_1FCC,183690,1.0039260180767076
0,2,19,2.0,0.02,985,183690,0.021841145408024388,1.5939342506207241,0.7231828324116456,0.19622127009036758,10.0,0.1298984713095954,5.827996106832205,-146749.44661864697,0.12788949815323433,0.13190744446595645,1.0012023817749562,5.835003583135576,11.281132621882097,19.014652077609615,24.0,False,False,False,0,0,1.027589379379211,False,True,GB1_IgG-Fc_fitness_1FCC,183690,1.034527213744775
1,0,19,3.0,0.001,38,183690,0.0004137405411290762,2.5213204056454313,0.7157981737611645,0.19000269943245185,10.0,0.11072817875609758,8.1903493116667,-223883.08112644195,0.10898460465828012,0.11247175285391504,0.9860382815844764,8.075997960852431,16.111832588470797,19.014652077609615,96.0,False,False,False,0,0,1.295783029628446,False,True,GB1_IgG-Fc_fitness_1FCC,183690,1.0017413665568236
1,1,19,3.0,0.005,215,183690,0.0035549022810169306,2.647035622964351,0.7451432716116261,0.18920639387591887,10.0,0.1330537410028131,6.089641123377675,-156917.12044629396,0.13104556799519912,0.13506191401042705,1.0215766214179884,6.221035004468209,11.838902294593819,19.014652077609615,32.5,False,False,False,0,0,1.10107877951497,False,True,GB1_IgG-Fc_fitness_1FCC,183690,0.9975430461183197
1,2,19,3.0,0.02,905,183690,0.01865098807773967,2.288791457919327,0.6864594035895544,0.19951884944887097,10.0,0.15019750830812392,6.337157867544092,-167157.8864911229,0.14810612136343626,0.15228889525281158,0.9412952738197019,5.965136750168594,12.703124995262774,19.014652077609615,46.5,False,False,False,0,0,1.156870888653689,False,True,GB1_IgG-Fc_fitness_1FCC,183690,1.0519128701737834
2,0,19,4.0,0.001,45,183690,0.0004899559039686428,2.950295798788861,0.7049128003613284,0.1946979452677081,10.0,0.125902129293858,7.029749896153862,-188461.68416563107,0.12401128114627383,0.12779297744144216,0.9468456597938198,6.65608817860934,13.152562781419908,19.014652077609615,56.49999999999999,False,False,False,0,0,1.248395148803456,False,True,GB1_IgG-Fc_fitness_1FCC,183690,1.0264958673790707
2,1,19,4.0,0.005,234,183690,0.0025477707006369425,3.005561779602194,0.7090184015315131,0.19260044837333162,10.0,0.11579897444607959,6.815266539737026,-179686.55068047007,0.11395582033413035,0.11764212855802883,0.9834418496684816,6.702418331822693,13.077461592719533,19.014652077609615,55.50000000000001,False,False,False,0,0,1.0688427202403399,False,True,GB1_IgG-Fc_fitness_1FCC,183690,1.0154373434128448
2,2,19,4.0,0.02,938,183690,0.014829332026784256,3.0378461371708196,0.7383543199829493,0.2009532638152042,10.0,0.12169515738820111,6.151933320750724,-157123.30835833878,0.11976989030768109,0.12362042446872112,1.0264450818668653,6.314621701057474,12.275782237560007,19.014652077609615,37.5,False,False,False,0,0,1.027519255905799,False,True,GB1_IgG-Fc_fitness_1FCC,183690,1.059475458557167
3,0,19,6.0,0.001,53,183690,0.0009418041265175023,5.160038579890389,0.7139271808324781,0.19025796369626646,10.0,0.11951557503344443,7.0320240541628865,-187910.38872905052,0.11766039084264841,0.12137075922424044,0.9862186678964595,6.935113395312382,15.025867939329284,19.014652077609615,86.5,False,False,False,0,0,1.0894804414787223,False,True,GB1_IgG-Fc_fitness_1FCC,183690,1.0030871830806443
3,1,19,6.0,0.005,243,183690,0.004093853775382438,4.893742920587613,0.6770555977115683,0.19096535891457414,10.0,0.11154249470276877,7.74233078945178,-209391.2703117918,0.10978109637128101,0.11330389303425652,0.9319021524511194,7.2150947276786885,14.91658520670087,19.014652077609615,85.5,False,False,False,0,0,1.1937337792937002,False,True,GB1_IgG-Fc_fitness_1FCC,183690,1.0068167461594848
3,2,19,6.0,0.02,945,183690,0.023185802166693886,3.9900637919004773,0.7092113202817695,0.20324223087357668,10.0,0.1252298218105603,5.993383217270978,-152364.14365010802,0.1232625550461603,0.12719708857496032,1.0022714335898801,6.006996789227712,13.260027222684132,19.014652077609615,56.99999999999999,False,False,False,0,0,1.0130036969095184,False,True,GB1_IgG-Fc_fitness_1FCC,183690,1.0715434607271719
0,0,20,2.0,0.001,53,183690,0.0015079753933257118,6.487093136244351,0.7575505458000686,0.1965730660445175,10.0,0.12618993108720286,7.180977178518695,-193528.25766882382,0.12430561247537195,0.12807424969903378,1.022977300606575,7.345976649798474,14.036445411359507,19.014652077609615,74.5,False,False,False,0,0,1.3568362528308748,False,True,GB1_IgG-Fc_fitness_1FCC,183690,1.0363819692872593
0,1,20,2.0,0.005,205,183690,0.003935979095214764,1.5343163294780489,0.7446134707502847,0.1876659515634308,10.0,0.09822391377132249,6.962276983621935,-179491.16370145243,0.09651814141384697,0.099929686128798,1.0475473915480684,7.293315093428312,13.638366559455807,19.014652077609615,68.5,False,False,False,0,0,1.064794661700123,False,True,GB1_IgG-Fc_fitness_1FCC,183690,0.9894214520997971
0,2,20,2.0,0.02,881,183690,0.013343132451412706,1.8883209791482132,0.690973608940359,0.20038963254539097,10.0,0.11160561124364685,7.818947129191563,-212864.29346757394,0.10983305168538948,0.11337817080190421,0.9846729348823355,7.6991056173908685,15.654535749998097,19.014652077609615,94.0,False,False,False,0,0,1.2677911186294983,False,True,GB1_IgG-Fc_fitness_1FCC,183690,1.0565038546792043
1,0,20,3.0,0.001,38,183690,0.0006859382655561,2.150352626947416,0.7363714173391472,0.19106656337486674,10.0,0.1038866285599338,6.637437481751722,-169874.33316726587,0.10212375116002292,0.10564950595984468,1.0167878413629001,6.748865729251538,14.661574655141045,19.014652077609615,80.5,False,False,False,0,0,0.9419767565582201,False,True,GB1_IgG-Fc_fitness_1FCC,183690,1.007350321180566
1,1,20,3.0,0.005,233,183690,0.007142468288965104,1.8238068999465558,0.6859807991982039,0.19288743262544292,10.0,0.14520392192888992,5.768643938703879,-145874.4903638881,0.14310117538850553,0.14730666846927432,0.9156957586222046,5.282322787672832,11.664978595238972,19.014652077609615,30.5,False,False,False,0,0,1.0388793942206962,False,True,GB1_IgG-Fc_fitness_1FCC,183690,1.0169503955839403
1,2,20,3.0,0.02,853,183690,0.01736621481844412,2.5734997040891168,0.7196334856637885,0.20227324688273246,10.0,0.14018560259750165,6.853687390362678,-184351.909630795,0.13819075407206946,0.14218045112293384,0.9885005745293836,6.774873923018299,14.200674191793743,19.014652077609615,76.5,False,False,False,0,0,1.2860850447154248,False,True,GB1_IgG-Fc_fitness_1FCC,183690,1.0664347367455684
2,0,20,4.0,0.001,48,183690,0.0005226196308998857,3.397142269375348,0.7442200524180662,0.1898977369676971,10.0,0.10637012048390114,7.218281219385889,-190509.6169033728,0.10462445465881558,0.1081157863089867,1.011292066762243,7.29979053282384,13.750929548066049,19.014652077609615,69.0,False,False,False,0,0,1.2096032091513713,False,True,GB1_IgG-Fc_fitness_1FCC,183690,1.0011879784039464
2,1,20,4.0,0.005,226,183690,0.006238771843867385,3.7460732438323485,0.7073670138663608,0.19106430756605197,10.0,0.13613504752574432,6.248148747695828,-162527.76303348446,0.13412804327013864,0.13814205178135,0.952325237752644,5.950269741663315,12.920751957464194,19.014652077609615,50.5,False,False,False,0,0,1.073542298319554,False,True,GB1_IgG-Fc_fitness_1FCC,183690,1.007338427996882
2,2,20,4.0,0.02,906,183690,0.01854210898796886,2.972339719682271,0.7144553440632992,0.20008231053034253,10.0,0.1361935904921212,6.769043131685935,-180850.17360464856,0.13422110530013195,0.13816607568411046,0.9744790891941265,6.596290985681067,14.113560901926402,19.014652077609615,75.0,False,False,False,0,0,1.1686415164396435,False,True,GB1_IgG-Fc_fitness_1FCC,183690,1.0548835767765892
3,0,20,6.0,0.001,51,183690,0.0025151069737057,1.3076609837278736,0.7288741054744222,0.1924899449906666,10.0,0.12465792641048219,6.305502362740591,-163160.97499367816,0.12272518670938684,0.12659066611157754,0.9918908612128666,6.25437016895853,12.244805745386465,19.014652077609615,37.5,False,False,False,0,0,1.0748711225094696,False,True,GB1_IgG-Fc_fitness_1FCC,183690,1.0148547421661749
3,1,20,6.0,0.005,246,183690,0.004077521911916816,4.961481891463199,0.6920726562858461,0.19563426337964382,10.0,0.10925007650796359,6.389393657837805,-162815.6661870503,0.10742991170241734,0.11107024131350984,0.9551436636793087,6.102788867036541,13.258938814223898,19.014652077609615,56.99999999999999,False,False,False,0,0,0.9622543880063691,False,True,GB1_IgG-Fc_fitness_1FCC,183690,1.0314323687434412
3,2,20,6.0,0.02,925,183690,0.02083945778213294,4.062403236888361,0.763941970804098,0.20202551408500122,10.0,0.1420122060207707,6.338947353607015,-166980.33287864178,0.1399661442750398,0.14405826776650157,1.0662977024631142,6.759204999185798,13.09718136495881,19.014652077609615,55.50000000000001,False,False,False,0,0,1.2796931910227516,False,True,GB1_IgG-Fc_fitness_1FCC,183690,1.0651286279793166
0,0,21,2.0,0.001,38,183690,0.0004137405411290762,1.598244183351146,0.7176908194395308,0.18809116769434225,10.0,0.11871904494168409,7.281043142873708,-195811.01491144602,0.11688673491571401,0.12055135496765416,0.9741090307215285,7.0925298785463395,13.726520337124121,19.014652077609615,69.0,False,False,False,0,0,1.2719788848419395,False,True,GB1_IgG-Fc_fitness_1FCC,183690,0.9916632970279671
0,1,21,2.0,0.005,245,183690,0.0038053241874897925,1.8136259252914284,0.6826569373543313,0.19037406255471445,10.0,0.11123875823004499,7.203640930276731,-191605.92987812904,0.10945306886351167,0.11302444759657831,0.9476930204950882,6.826840231776003,13.353033537609505,19.014652077609615,59.5,False,False,False,0,0,1.1531785696574297,False,True,GB1_IgG-Fc_fitness_1FCC,183690,1.0036992850637465
0,2,21,2.0,0.02,979,183690,0.020948336871903752,1.7774256614971304,0.7212437938945981,0.19392239793008587,10.0,0.10062008821306458,6.701695130579966,-171390.45650141663,0.09887976485369945,0.1023604115724297,1.0236778646865552,6.860376961052385,13.176589747865068,19.014652077609615,56.49999999999999,False,False,False,0,0,1.060015339128293,False,True,GB1_IgG-Fc_fitness_1FCC,183690,1.0224069894202847
1,0,21,3.0,0.001,44,183690,0.00047906799499156187,2.479537470500432,0.7020866170650185,0.19340415339695088,10.0,0.1165898373995082,5.926587723743976,-148162.6784827581,0.11467504958671358,0.11850462521230283,0.9733563867685603,5.768682012650343,13.937989963123748,19.014652077609615,73.0,False,False,False,0,0,0.9760420090579233,False,True,GB1_IgG-Fc_fitness_1FCC,183690,1.019674675677459
1,1,21,3.0,0.005,216,183690,0.0037399967336273067,2.350196987498117,0.7073077718262003,0.1917123142816876,10.0,0.1404867652981153,5.024419079623191,-117104.7190480039,0.138329006622233,0.1426445239739976,0.9504845797095501,4.775632857180293,9.510930521449406,19.014652077609615,3.5000000000000004,False,False,False,0,0,1.0510343283607404,False,True,GB1_IgG-Fc_fitness_1FCC,183690,1.0107548801567612
1,2,21,3.0,0.02,910,183690,0.02047471283140073,2.718894279506344,0.773996419372533,0.2067567406810865,10.0,0.14550198176698395,6.915684394976304,-186416.19854114065,0.14348461227356774,0.14751935126040017,1.044151537964652,7.221022497092651,12.857763652742864,19.014652077609615,49.0,False,False,False,0,0,1.588045029507221,False,True,GB1_IgG-Fc_fitness_1FCC,183690,1.090072828298625
2,0,21,4.0,0.001,53,183690,0.002368120202515107,3.0433435951454655,0.6923621052772138,0.19126499774605635,10.0,0.11701489851556397,6.2075899033417095,-158431.1213455199,0.11512252496889283,0.11890727206223511,0.9516570413408355,5.907496641271415,12.362095891525907,19.014652077609615,41.5,False,False,False,0,0,0.9677566404909801,False,True,GB1_IgG-Fc_fitness_1FCC,183690,1.0083965164123236
2,1,21,4.0,0.005,226,183690,0.002460667428820295,3.2278008336585473,0.7239285752651813,0.19735178462676464,10.0,0.12444302782123537,9.042184931020056,-251731.9351167907,0.12263936765535231,0.12624668798711844,0.9959278608953649,9.005363896171108,18.158169399644777,19.014652077609615,99.0,False,False,False,0,0,1.5296367112810707,False,False,GB1_IgG-Fc_fitness_1FCC,183690,1.0404875668344182
2,2,21,4.0,0.02,956,183690,0.022935380260221024,3.5069540706968465,0.7813887699986733,0.2003092016826966,10.0,0.1445141667511039,7.1648994584522105,-194762.85174205003,0.14251470578839387,0.14651362771381393,1.0864032986768746,7.783970406350634,13.020251865140597,19.014652077609615,52.5,False,False,False,0,0,1.7205106870691698,False,True,GB1_IgG-Fc_fitness_1FCC,183690,1.0560798032180965
3,0,21,6.0,0.001,44,183690,0.0022810169306984596,29.143615090116725,0.7254066569310488,0.1881916094581281,10.0,0.1059006619291633,8.523094723244501,-233009.63614444586,0.10420163748533619,0.1075996863729904,1.0192937105833368,8.687536846109147,21.63738899348865,19.014652077609615,100.0,True,False,False,0,0,1.2995299783448404,False,True,GB1_IgG-Fc_fitness_1FCC,183690,0.9921928509238578
3,1,21,6.0,0.005,230,183690,0.005237084217975938,5.1800540758783695,0.765861989726069,0.1912033978495721,10.0,0.11106918995168275,7.12844255397639,-189221.75896086567,0.10927776734540606,0.11286061255795943,1.0494560879416932,7.480987435813155,14.0216949678834,19.014652077609615,74.5,False,False,False,0,0,1.2772686947944962,False,True,GB1_IgG-Fc_fitness_1FCC,183690,1.00807174647659
3,2,21,6.0,0.02,913,183690,0.017758179541619033,4.631619172916059,0.7144705871887449,0.19721068441758982,10.0,0.1300116112994613,6.080324690148289,-156036.97499949078,0.1280233494844048,0.13199987311451777,1.0020946706721594,6.093060967953949,14.931830871713885,19.014652077609615,85.5,False,False,False,0,0,1.0614618162748546,False,True,GB1_IgG-Fc_fitness_1FCC,183690,1.0397436515280438
0,0,22,2.0,0.001,52,183690,0.0005661712668082095,1.648832777492573,0.7539879014006252,0.1865008786831137,10.0,0.09412177877136302,7.29155466226905,-189510.43477755808,0.0924580194168492,0.09578553812587684,1.0654555125090965,7.768827109675963,13.909940042692034,19.014652077609615,73.0,False,False,False,0,0,1.1448030372325477,False,True,GB1_IgG-Fc_fitness_1FCC,183690,0.9832788988479048
0,1,22,2.0,0.005,239,183690,0.003168381512330557,1.6279983720981661,0.7126931755818131,0.18964043200355307,10.0,0.11406707160056845,8.518124188552077,-234875.06921985513,0.11230957852352752,0.11582456467760938,1.0125312612786017,8.6248670283624,15.272522019659773,19.014652077609615,90.0,False,False,False,0,0,1.498118260313752,False,True,GB1_IgG-Fc_fitness_1FCC,183690,0.9998314028017395
0,2,22,2.0,0.02,925,183690,0.02095378082639229,1.812966455819489,0.7524405212136754,0.19698703022762604,10.0,0.1312948497076607,5.578515970055373,-137966.4064884131,0.1292472397288683,0.13334245968645309,1.0491567960967263,5.852737942117717,10.49621415628483,19.014652077609615,12.5,False,False,False,0,0,1.0728190197299405,False,True,GB1_IgG-Fc_fitness_1FCC,183690,1.0385644911552718
1,0,22,3.0,0.001,53,183690,0.0005770591757852904,2.356479230270175,0.693139098253896,0.194253099376178,10.0,0.15990144453946853,5.400776836717402,-132429.8268397801,0.15768375200020895,0.1621191370787281,0.8874687184885407,4.793020498124187,10.191300209005766,19.014652077609615,10.0,False,False,False,0,0,1.0769836993852995,False,True,GB1_IgG-Fc_fitness_1FCC,183690,1.0241505294832427
1,1,22,3.0,0.005,235,183690,0.005438510534051935,2.5537941628175878,0.6738950918167462,0.19503760818604784,10.0,0.13603866055908992,6.070184572507315,-156002.30044460634,0.134019516093427,0.13805780502475284,0.9028319224084285,5.480356406970763,12.241119170976804,19.014652077609615,37.5,False,False,False,0,0,1.0138911110118614,False,True,GB1_IgG-Fc_fitness_1FCC,183690,1.028286654546846
1,2,22,3.0,0.02,940,183690,0.031133975719962983,2.487293522482069,0.7666899205562151,0.1978174881708809,10.0,0.12273085234148928,6.6409418171922985,-174978.14900019392,0.1208303311380197,0.12463137354495886,1.0930320550303327,7.258762281782571,12.510757717022146,19.014652077609615,43.0,False,False,False,0,0,1.3993751411993542,False,True,GB1_IgG-Fc_fitness_1FCC,183690,1.0429428714489677
2,0,22,4.0,0.001,62,183690,0.0009526920354945833,2.9882164203821566,0.7580201602197106,0.1952535833173611,10.0,0.12094259232208192,7.519145102231278,-204800.29107383033,0.11909605800773368,0.12278912663643016,1.0700352208191914,8.045750089837588,15.41450906159647,19.014652077609615,92.5,False,False,False,0,0,1.3354566042726237,False,True,GB1_IgG-Fc_fitness_1FCC,183690,1.029425329017421
2,1,22,4.0,0.005,251,183690,0.011954924056834884,3.354968993692928,0.678605938155741,0.1909514290836307,10.0,0.12848920076489437,6.5494519389113774,-172819.76390001306,0.12654380534622145,0.1304345961835673,0.9429217913450261,6.17562095456647,15.554754408739106,19.014652077609615,93.5,False,False,False,0,0,1.043380170355708,False,True,GB1_IgG-Fc_fitness_1FCC,183690,1.0067433046350913
2,2,22,4.0,0.02,907,183690,0.01728999945560455,3.169073205657218,0.6859195929801993,0.20084990696200333,10.0,0.11273257513190225,7.804147272934444,-212491.3434641055,0.11095415030536554,0.11451099995843897,0.9804467404593927,7.651550755813634,15.439857389509246,19.014652077609615,93.0,False,False,False,0,0,1.212468522875673,False,True,GB1_IgG-Fc_fitness_1FCC,183690,1.058930535586716
3,0,22,6.0,0.001,42,183690,0.00045729217703739997,4.348365999688955,0.7125548507443475,0.18572781437078578,10.0,0.1335799807468004,4.8019950143995755,-107827.20316662686,0.1314287301360672,0.13573123135753357,0.9696082735126531,4.65605409532834,10.566015193306265,19.014652077609615,12.5,False,False,False,0,0,1.0431194875253627,False,True,GB1_IgG-Fc_fitness_1FCC,183690,0.9792031120144498
3,1,22,6.0,0.005,213,183690,0.002330012521095324,4.363837909327442,0.7692152409166381,0.19702270132934763,10.0,0.13323757829648195,6.7273555704921115,-179823.93217174197,0.13127065071302416,0.13520450587993973,1.0641911376242448,7.159192177764801,12.792916875607757,19.014652077609615,48.0,False,False,False,0,0,1.3702811864602906,False,True,GB1_IgG-Fc_fitness_1FCC,183690,1.0387525580526995
3,2,22,6.0,0.02,904,183690,0.016898034732429637,4.395497805738998,0.7034685608265914,0.20511781403371276,10.0,0.14907942094713733,6.684236727194276,-178697.46559101786,0.1470261560964387,0.15113268579783595,0.9570503886419085,6.3971513575358,14.196658622012734,19.014652077609615,76.5,False,False,False,0,0,1.226824782243386,False,True,GB1_IgG-Fc_fitness_1FCC,183690,1.0814320004349651
0,0,23,2.0,0.001,50,183690,0.0005443954488540476,1.4071105388263527,0.7236538749153785,0.19521195116944995,10.0,0.11945014981649064,5.941747741079788,-149332.71659727592,0.1175167384125885,0.12138356122039279,1.0043213221882032,5.967423947430023,11.62226836345091,19.014652077609615,29.5,False,False,False,0,0,0.9899575894695843,False,True,GB1_IgG-Fc_fitness_1FCC,183690,1.029205834005688
0,1,23,2.0,0.005,220,183690,0.003843431868909576,1.327283500151717,0.7162373110002338,0.19230677281270797,10.0,0.12407588271554024,7.243763595518785,-195543.53951749706,0.12220627314926481,0.12594549228181567,0.9756699976190287,7.06752280999262,14.373103371620534,19.014652077609615,77.5,False,False,False,0,0,1.2146726103559051,False,True,GB1_IgG-Fc_fitness_1FCC,183690,1.0138890130033178
0,2,23,2.0,0.02,913,183690,0.017545865316565955,1.9498003250718141,0.7124881623010655,0.19281533075896823,10.0,0.10630666647528995,6.835053321310491,-177782.15399526968,0.1045336908221356,0.10807964212844431,1.0049767088876096,6.8690693919219425,13.580780326593612,19.014652077609615,66.5,False,False,False,0,0,1.0187292333632723,False,True,GB1_IgG-Fc_fitness_1FCC,183690,1.0165702566571282
1,0,23,3.0,0.001,40,183690,0.001339212804180957,2.839326022882994,0.7586679877013068,0.1892134824444779,10.0,0.1270905406603267,6.208926529855259,-160171.94876566913,0.12513412349421643,0.129046957826437,1.0311547856765586,6.402364305174398,13.04710231437285,19.014652077609615,52.5,False,False,False,0,0,1.0897889002956405,False,True,GB1_IgG-Fc_fitness_1FCC,183690,0.997580418810268
1,1,23,3.0,0.005,216,183690,0.0030486145135826663,2.4515922060104405,0.746026258265293,0.19761883262756832,10.0,0.12783140806969806,7.015108744471073,-188365.80466683814,0.1259257315079658,0.12973708463143033,1.0055666671671974,7.05415951999324,14.042620655019052,19.014652077609615,74.5,False,False,False,0,0,1.2622808999289181,False,True,GB1_IgG-Fc_fitness_1FCC,183690,1.0418955101429102
1,2,23,3.0,0.02,957,183690,0.01555882192824868,2.612199828568054,0.7278842048118624,0.19729724452815622,10.0,0.12975078226205974,7.252973096096187,-196447.86699527863,0.12784664842194107,0.13165491610217842,0.9949677961894088,7.2164746572438965,13.754183905672026,19.014652077609615,69.0,False,False,False,0,0,1.3905587912784256,False,True,GB1_IgG-Fc_fitness_1FCC,183690,1.040200017904454
2,0,23,4.0,0.001,39,183690,0.0004246284501061571,2.8823138688580907,0.7314745684157299,0.18680463388279,10.0,0.13360078545828186,5.403069613682425,-131400.3821061988,0.13152295219617854,0.13567861872038517,0.9976012218943847,5.390108848590009,10.416771027129046,19.014652077609615,12.5,False,False,False,0,0,0.989091592476032,False,True,GB1_IgG-Fc_fitness_1FCC,183690,0.9848803716150358
2,1,23,4.0,0.005,233,183690,0.007420109967880668,3.1994542484668447,0.708307308676908,0.19093772490693184,10.0,0.10546330561144736,7.710865820611382,-207248.44842540973,0.10373684869578803,0.10718976252710669,1.000753919465555,7.716679192449823,15.51257972701984,19.014652077609615,93.0,False,False,False,0,0,1.158909197106033,False,True,GB1_IgG-Fc_fitness_1FCC,183690,1.006671052815855
2,2,23,4.0,0.02,928,183690,0.016892590777941096,3.758633350693243,0.708193390377185,0.19600111179084342,10.0,0.12276636557920424,5.750174599459869,-142326.34065159247,0.12080344578889628,0.12472928536951221,0.9759258141444078,5.611743827450367,12.111784774725058,19.014652077609615,35.0,False,False,False,0,0,0.9584795868832058,False,True,GB1_IgG-Fc_fitness_1FCC,183690,1.0333664845736479
3,0,23,6.0,0.001,39,183690,0.0004246284501061571,4.412094054535076,0.7066941879881976,0.19171810965352554,10.0,0.10810702666704143,6.278481470565944,-158834.48115902673,0.10628050035337656,0.1099335529807063,0.9959032836208007,6.252760312688977,12.591665338190918,19.014652077609615,44.5,False,False,False,0,0,0.9213181050081168,False,True,GB1_IgG-Fc_fitness_1FCC,183690,1.0107854347947844
3,1,23,6.0,0.005,210,183690,0.0028907398334149926,4.8326192008293924,0.7634508979485892,0.1902522601922864,10.0,0.14623364961787688,5.246449728005822,-126170.20322611276,0.1440706817808156,0.14839661745493815,1.0090662687750314,5.294015451354612,10.3416945618106,19.014652077609615,11.5,False,False,False,0,0,1.0865632205186895,False,True,GB1_IgG-Fc_fitness_1FCC,183690,1.0030571127927577
3,2,23,6.0,0.02,900,183690,0.021699602591322337,5.111253120383422,0.7734139398770629,0.20197359073653673,10.0,0.13878162863402344,6.7383609362075685,-179787.47066017252,0.1367946026285897,0.14076865463945717,1.0533970558541155,7.098169571483434,12.646710060754513,19.014652077609615,46.0,False,False,False,0,0,1.4042241336558647,False,True,GB1_IgG-Fc_fitness_1FCC,183690,1.0648548752052645
0,0,24,2.0,0.001,47,183690,0.0005117317219228047,1.5103069926526653,0.7559421396239102,0.19474870465308014,10.0,0.09781012340069944,7.796862301462307,-207120.16319764464,0.09614922604872535,0.09947102075267354,1.0493738774349621,8.181823625111983,14.835104302348622,19.014652077609615,84.0,False,False,False,0,0,1.2402400251265973,False,True,GB1_IgG-Fc_fitness_1FCC,183690,1.0267634834509478
0,1,24,2.0,0.005,244,183690,0.00286352006097229,1.7650410688782765,0.7480001629519096,0.19706822579207534,10.0,0.10442225193555041,8.560305532888657,-233715.98680349498,0.10273490410357934,0.10610959976752148,1.054794417327162,9.029362486705772,16.191311345661784,19.014652077609615,96.0,False,False,False,0,0,1.43067318341865,False,True,GB1_IgG-Fc_fitness_1FCC,183690,1.038992574313736
0,2,24,2.0,0.02,937,183690,0.02336000871032718,1.7565337022976704,0.6984759866522141,0.19520780703941262,10.0,0.11106356644465935,7.763047356412641,-210646.27497704257,0.10929637313662963,0.11283075975268908,0.9949983488571914,7.724219301730763,14.820481040674617,19.014652077609615,83.5,False,False,False,0,0,1.2561094549842682,False,True,GB1_IgG-Fc_fitness_1FCC,183690,1.0291839851240712
1,0,24,3.0,0.001,39,183690,0.0004681800860144809,2.1878472547594168,0.7240682388328741,0.19362241052284093,10.0,0.10561519742259345,8.53305109151491,-233283.51097617508,0.10391751311358283,0.10731288173160408,1.023327717365021,8.732107695639053,16.9041851742886,19.014652077609615,98.5,False,False,False,0,0,1.30636264953356,False,True,GB1_IgG-Fc_fitness_1FCC,183690,1.0208253813895514
1,1,24,3.0,0.005,230,183690,0.00503565790189994,2.3351978356351912,0.7406282661649256,0.1899395861408978,10.0,0.12247667623174571,7.083283464682952,-190237.80255078746,0.12060263279097844,0.12435071967251299,1.0279902054083352,7.281546023824893,13.09091319738289,19.014652077609615,55.50000000000001,False,False,False,0,0,1.3962894187270292,False,True,GB1_IgG-Fc_fitness_1FCC,183690,1.0014086176268444
1,2,24,3.0,0.02,943,183690,0.02425281724644782,2.555939606405778,0.6937278112581602,0.19737299057282587,10.0,0.13373907196259308,5.868315366890333,-148199.22245065682,0.1317180196515049,0.13576012427368125,0.955718686690698,5.608458655531272,11.780927946896954,19.014652077609615,31.5,False,False,False,0,0,1.0465332151804734,False,True,GB1_IgG-Fc_fitness_1FCC,183690,1.0405993698427436
2,0,24,4.0,0.001,38,183690,0.0004137405411290762,3.2166795136030535,0.7363855520388145,0.19043083686067497,10.0,0.1246179474755601,6.241627703837462,-161014.811929164,0.12267837034923361,0.12655752460188657,1.0090174602404223,6.297911333492336,13.430318774808867,19.014652077609615,61.0,False,False,False,0,0,1.0400012341731322,False,True,GB1_IgG-Fc_fitness_1FCC,183690,1.0039986132891248
2,1,24,4.0,0.005,254,183690,0.004828787631335402,3.306542822421705,0.7051537394744233,0.1913389199193771,10.0,0.16461758288134998,4.8701368550031825,-112818.95785471657,0.16229595398756128,0.16693921177513868,0.9215115839920505,4.487887527512045,10.298652666705925,19.014652077609615,11.0,False,False,False,0,0,1.0349219738030075,False,True,GB1_IgG-Fc_fitness_1FCC,183690,1.008786252448403
2,2,24,4.0,0.02,908,183690,0.0178616146769013,3.6742162035789727,0.7603277535323844,0.2007383760653821,10.0,0.1294489448274381,6.539761642509255,-172279.68813556025,0.127501518725686,0.1313963709291902,1.0501721231587577,6.86787536906615,13.253394603257755,19.014652077609615,56.99999999999999,False,False,False,0,0,1.1950562317818394,False,True,GB1_IgG-Fc_fitness_1FCC,183690,1.0583425170315672
3,0,24,6.0,0.001,48,183690,0.0005226196308998857,4.100662800610056,0.7921204730226343,0.1922106413927521,10.0,0.1217630334380929,7.0509135874942315,-189191.45598313608,0.11988904625223824,0.12363702062394756,1.108063574596089,7.812860513926991,13.464674887493588,19.014652077609615,63.0,False,False,False,0,0,1.393864922498774,False,True,GB1_IgG-Fc_fitness_1FCC,183690,1.0133821843093924
3,1,24,6.0,0.005,266,183690,0.004796123904404159,5.3499886854633765,0.6946352059054675,0.19498240945877351,10.0,0.12410308608850353,7.100924142344238,-190887.43712900754,0.12222325007736298,0.12598292209964407,0.9545246875966454,6.778007398618611,13.812820191477567,19.014652077609615,70.0,False,False,False,0,0,1.2144522016078818,False,True,GB1_IgG-Fc_fitness_1FCC,183690,1.027995633163165
3,2,24,6.0,0.02,916,183690,0.017213784092764986,4.5475981696191745,0.7697803169780193,0.20305020144545716,10.0,0.14816517852789612,7.363031952645494,-201375.95241997892,0.14615631636512758,0.15017404069066467,1.0519047752787698,7.7452084715179605,14.342978817733401,19.014652077609615,77.5,False,False,False,0,0,1.6186818454824472,False,True,GB1_IgG-Fc_fitness_1FCC,183690,1.0705310339441936
0,0,25,2.0,0.001,45,183690,0.0004899559039686428,1.7421499845416264,0.6816428836079552,0.19219723565918065,10.0,0.11958163790277208,7.449180416234217,-201563.13052186684,0.11775215567016668,0.12141112013537748,0.9258471675782369,6.896802589149722,15.690829235452798,19.014652077609615,94.0,False,False,False,0,0,1.0936682076911632,False,True,GB1_IgG-Fc_fitness_1FCC,183690,1.0133115059563602
0,1,25,2.0,0.005,216,183690,0.004850563449289564,1.9640765082372103,0.6897633430537217,0.19391814781206812,10.0,0.1191918063110657,5.649803423788456,-137755.77856476535,0.11724466468437805,0.12113894793775334,0.9463337747748543,5.346599800769626,10.801293864035532,19.014652077609615,17.5,False,False,False,0,0,0.9525713869095785,False,True,GB1_IgG-Fc_fitness_1FCC,183690,1.022384581743742
0,2,25,2.0,0.02,950,183690,0.020654363329522564,1.801514592753961,0.7042932816726454,0.20070445653050867,10.0,0.12289046888856496,8.557310242417218,-237749.77229603904,0.1210734907480291,0.12470744702910082,1.0059327950360137,8.608079010145062,17.097532614487886,19.014652077609615,98.5,False,False,False,0,0,1.5144285076674693,False,False,GB1_IgG-Fc_fitness_1FCC,183690,1.058163684829085
1,0,25,3.0,0.001,50,183690,0.001981599433828733,2.130261522916844,0.7161959728717111,0.18863449322876763,10.0,0.09610571880811274,7.365967950748464,-192523.5113061373,0.09443462556822999,0.09777681204799549,1.0049296978119704,7.402279946838314,14.388613554025195,19.014652077609615,77.5,False,False,False,0,0,1.116590717485577,False,True,GB1_IgG-Fc_fitness_1FCC,183690,0.9945278440315952
1,1,25,3.0,0.005,226,183690,0.0026947574718275357,2.3565773550770737,0.7078388281653948,0.19368627110125886,10.0,0.1501658342193185,5.279428417225426,-127864.49210442393,0.14798165461732654,0.15235001382131047,0.9367805276022182,4.9456657381265785,10.693177833084889,19.014652077609615,16.0,False,False,False,0,0,1.0248904947788582,False,True,GB1_IgG-Fc_fitness_1FCC,183690,1.0211620702012607
1,2,25,3.0,0.02,908,183690,0.021960912406772278,2.6747456624596158,0.7234319706390303,0.19446002467258938,10.0,0.12716637684414558,6.269889670841854,-162483.03383280674,0.12521212583400712,0.12912062785428405,1.0164395939699375,6.3729641112668,14.97861403346601,19.014652077609615,86.5,False,False,False,0,0,1.0696634634264013,False,True,GB1_IgG-Fc_fitness_1FCC,183690,1.025241490979166
2,0,25,4.0,0.001,55,183690,0.0005988349937394523,3.16409150970091,0.7340646129032624,0.18535930696924574,10.0,0.12750323808248817,4.655160053781449,-101327.83010377013,0.12536448134957057,0.12964199481540578,1.0120045088547915,4.71104296386754,9.86173042986919,19.014652077609615,8.0,False,False,False,0,0,1.0621906482501158,False,True,GB1_IgG-Fc_fitness_1FCC,183690,0.9772602495756124
2,1,25,4.0,0.005,226,183690,0.00274919701671294,2.9914465314473775,0.7393108539578266,0.19407193398295738,10.0,0.11730173214094489,6.974114076842087,-185428.89456221845,0.11545898149976894,0.11914448278212084,1.025723713886752,7.153514191968342,13.341079956521334,19.014652077609615,59.5,False,False,False,0,0,1.2481747400554328,False,True,GB1_IgG-Fc_fitness_1FCC,183690,1.0231953805873601
2,2,25,4.0,0.02,865,183690,0.017034133594643147,2.9435522473042304,0.7821368752860748,0.20081781182646083,10.0,0.10570572347058402,8.112865577988787,-219963.60359741352,0.10399668313527323,0.1074147638058948,1.1050651232983393,8.965244800243033,16.032251395378776,19.014652077609615,96.0,False,False,False,0,0,1.4123792573327234,False,True,GB1_IgG-Fc_fitness_1FCC,183690,1.0587613220700964
3,0,25,6.0,0.001,35,183690,0.0020033752517828953,3.770591516610123,0.737963026228694,0.1892480231063809,10.0,0.1325133750298169,5.56752020789828,-136921.1432380625,0.13047008148807557,0.1345566685715582,0.9918229965224811,5.521994575797138,11.62293973081491,19.014652077609615,29.5,False,False,False,0,0,1.0187530846678792,False,True,GB1_IgG-Fc_fitness_1FCC,183690,0.9977625257485371
3,1,25,6.0,0.005,256,183690,0.0054493984430290165,8.51487365457386,0.7586615301932924,0.18669073663329108,10.0,0.12487485466966929,6.787064695470401,-179884.29803379835,0.12297772648801675,0.12677198285132182,1.0232202570832016,6.944662082539546,13.845493859191857,19.014652077609615,70.5,False,False,False,0,0,1.3076851020216993,False,True,GB1_IgG-Fc_fitness_1FCC,183690,0.9842798770604799
3,2,25,6.0,0.02,933,183690,0.019342370297784312,4.612153929809122,0.7347551342135549,0.20294942060707444,10.0,0.14244343500674597,6.920212459504966,-186296.61231338035,0.14044487050856083,0.1444419995049311,1.011030237960639,6.996544049671485,12.811967565466501,19.014652077609615,48.5,False,False,False,0,0,1.444338525796089,False,True,GB1_IgG-Fc_fitness_1FCC,183690,1.0699996923629118
0,0,26,2.0,0.001,38,183690,0.0009091403995862595,2.2098542678491566,0.7186931930933359,0.18581942969286838,10.0,0.12001710311937472,5.310744560893925,-125180.15117546776,0.11802691332759052,0.12200729291115892,0.981794138188865,5.214057879304053,10.900462968435281,19.014652077609615,17.5,False,False,False,0,0,0.9824079872232578,False,True,GB1_IgG-Fc_fitness_1FCC,183690,0.9796861307200508
0,1,26,2.0,0.005,249,183690,0.003707333006696064,1.399640658522789,0.7559477534981649,0.18992015246208904,10.0,0.11757510429610571,5.888946915819559,-146742.39785162325,0.11565415825788512,0.1194960503343263,1.0451863580895038,6.155046979927859,12.106900439659064,19.014652077609615,35.0,False,False,False,0,0,0.9939301121414588,False,True,GB1_IgG-Fc_fitness_1FCC,183690,1.0013061584511314
0,2,26,2.0,0.02,864,183690,0.013871196036801132,1.7865886840760283,0.6970837720699792,0.19426699064917616,10.0,0.14424421785211797,5.3503646430575635,-129999.94779269141,0.1421049483380344,0.14638348736620155,0.9296614390510703,4.974027693512861,10.698658672303184,19.014652077609615,16.0,False,False,False,0,0,1.0354894681283926,False,True,GB1_IgG-Fc_fitness_1FCC,183690,1.0242237677205832
1,0,26,3.0,0.001,35,183690,0.0003810768141978333,2.7065663257343644,0.718471577667499,0.18788328055871867,10.0,0.13408459252778573,5.984635224043698,-153211.71721397294,0.13206160893059193,0.13610757612497953,0.9813970462284609,5.873303331631289,12.250601799034396,19.014652077609615,37.5,False,False,False,0,0,1.0897605138766946,False,True,GB1_IgG-Fc_fitness_1FCC,183690,0.9905672644771075
1,1,26,3.0,0.005,235,183690,0.006908378245957864,3.4173796852421425,0.7503298559153246,0.18790769493339718,10.0,0.1374837100859969,6.162493508486634,-159491.09176516545,0.13546282833168166,0.13950459184031216,1.0097015983454787,6.222279545312591,11.627055802313983,19.014652077609615,29.5,False,False,False,0,0,1.1422293760418918,False,True,GB1_IgG-Fc_fitness_1FCC,183690,0.9906959831170381
1,2,26,3.0,0.02,976,183690,0.01556970983722576,2.483490666397012,0.7155685706302931,0.203411125457819,10.0,0.1364763254961008,6.37757423839438,-167358.78166398802,0.13447341285706793,0.1384792381351337,0.9797687859768673,6.248548169029006,12.333823990986058,19.014652077609615,40.0,False,False,False,0,0,1.158882340738575,False,True,GB1_IgG-Fc_fitness_1FCC,183690,1.0724339148740252
2,0,26,4.0,0.001,32,183690,0.001763841254287114,3.984416334118837,0.7663884342941607,0.19064299726830108,10.0,0.1155470348746167,7.449316961626618,-201052.81930904533,0.11374024717078737,0.11735382257844604,1.055733390121678,7.864492649988988,14.375944972060779,19.014652077609615,77.5,False,False,False,0,0,1.4271466434502786,False,True,GB1_IgG-Fc_fitness_1FCC,183690,1.005117175590079
2,1,26,4.0,0.005,238,183690,0.0025913223365452666,3.3081076414918074,0.7606295754186704,0.19371657298926423,10.0,0.14925938069380335,5.079969768125493,-120834.42801990162,0.1470436830049458,0.1514750783826609,1.0281813834611342,5.223130344132007,10.030534824083633,19.014652077609615,9.0,False,False,False,0,0,1.1066886573879289,False,True,GB1_IgG-Fc_fitness_1FCC,183690,1.0213218292720025
2,2,26,4.0,0.02,943,183690,0.015694920790462193,3.285377246544712,0.7567438191141529,0.2001114640520732,10.0,0.15479061568886937,6.30656672077485,-165838.9596442394,0.1526765872665409,0.15690464411119784,1.020348593661625,6.434896484375824,12.2793265781567,19.014652077609615,38.0,False,False,False,0,0,1.4368446283632998,False,True,GB1_IgG-Fc_fitness_1FCC,183690,1.0550372813754485
3,0,26,6.0,0.001,35,183690,0.0003810768141978333,4.5076041990367965,0.7334217519067714,0.18911735667184218,10.0,0.154855699727844,4.809606112097439,-109993.14140250941,0.15258144165061224,0.15712995780507574,0.962181449296013,4.627713779480876,9.842741972968437,19.014652077609615,7.5,False,False,False,0,0,1.0283639628251233,False,True,GB1_IgG-Fc_fitness_1FCC,183690,0.9970736198904155
3,1,26,6.0,0.005,204,183690,0.006788611247209973,4.790196020510515,0.7349853751859189,0.18718027996226336,10.0,0.14794228983600272,4.523281154159975,-98193.24479106767,0.1456602878482475,0.15022429182375793,0.9794885571079665,4.430502131081812,10.067643916648109,19.014652077609615,9.0,False,False,False,0,0,1.0358630099080532,False,True,GB1_IgG-Fc_fitness_1FCC,183690,0.9868608709348738
3,2,26,6.0,0.02,882,183690,0.02377374925145626,5.4424717995758085,0.7253977006734087,0.20233607942393605,10.0,0.15070789106630283,7.042239849732932,-190850.0127463201,0.14866706468352475,0.15274871744908092,0.9970047719226529,7.0211467352076,16.751701965692526,19.014652077609615,98.5,False,False,False,0,0,1.3318034707083621,False,True,GB1_IgG-Fc_fitness_1FCC,183690,1.0667660054900523
0,0,27,2.0,0.001,44,183690,0.00047906799499156187,1.8250374413307773,0.6976916158900142,0.19152986038797085,10.0,0.12670955932528477,6.3146231023278565,-163764.0007525637,0.12476493095479929,0.12865418769577025,0.9479359790535973,5.9858584328596205,11.775536540291988,19.014652077609615,31.5,False,False,False,0,0,1.0311675713744692,False,True,GB1_IgG-Fc_fitness_1FCC,183690,1.0097929379666164
0,1,27,2.0,0.005,239,183690,0.0038271000054439547,1.7433108809669497,0.6871449788321784,0.19377164543112513,10.0,0.1310928429661091,5.135378013810756,-120945.89083598799,0.12899593767330073,0.13318974825891747,0.9511347063809128,4.884436259320888,10.398569966023988,19.014652077609615,12.5,False,False,False,0,0,0.9915148947344442,False,True,GB1_IgG-Fc_fitness_1FCC,183690,1.0216121848476556
0,2,27,2.0,0.02,955,183690,0.023267461484021992,1.6676257415661095,0.7478921544234608,0.19867147539093052,10.0,0.11320818175228012,6.774301395134398,-177546.51481872972,0.11138168933387403,0.1150346741706862,1.0578569302847338,7.166241678680464,12.840811773179057,19.014652077609615,49.0,False,False,False,0,0,1.238917572638458,False,True,GB1_IgG-Fc_fitness_1FCC,183690,1.0474453039269795
1,0,27,3.0,0.001,42,183690,0.00045729217703739997,2.109904453680926,0.75276998011546,0.18719939882217443,10.0,0.1216917539223154,7.102761462677552,-190611.13780575653,0.11982653865758557,0.12355696918704524,1.0325933005463357,7.334263901739532,13.173368051917015,19.014652077609615,56.49999999999999,False,False,False,0,0,1.43618340211923,False,True,GB1_IgG-Fc_fitness_1FCC,183690,0.9869616703072592
1,1,27,3.0,0.005,253,183690,0.0041156295933365995,2.4667394487902228,0.7261676770804519,0.19055604644770757,10.0,0.11902472645671154,6.431990129443414,-167031.57020800025,0.1171325823713921,0.12091687054203099,1.0048954012805256,6.4634773021594185,12.611969047144095,19.014652077609615,45.0,False,False,False,0,0,1.071406924140819,False,True,GB1_IgG-Fc_fitness_1FCC,183690,1.0046587492934802
1,2,27,3.0,0.02,989,183690,0.02608742990908596,2.3021245254170095,0.753008201500548,0.19664578633701202,10.0,0.15035352032119695,6.552936998033863,-174367.29076247942,0.14828322973236516,0.15242381091002874,1.0111542415725348,6.626030040319534,13.04564284027947,19.014652077609615,52.5,False,False,False,0,0,1.3008524308329796,False,True,GB1_IgG-Fc_fitness_1FCC,183690,1.0367653687094647
2,0,27,4.0,0.001,46,183690,0.0005008438129457238,3.048115821275462,0.737144297045784,0.19236162442983473,10.0,0.1260632513013644,5.907678743249151,-148799.68464972894,0.1240915837574969,0.12803491884523188,0.9995764021930328,5.905176263489244,11.396329929688415,19.014652077609615,24.0,False,False,False,0,0,1.0650549035548376,False,True,GB1_IgG-Fc_fitness_1FCC,183690,1.0141782043361913
2,1,27,4.0,0.005,224,183690,0.006565409113179814,3.12437563839016,0.6639583358430019,0.19111067942886087,10.0,0.13525347793024198,4.913974557320206,-112054.88977644325,0.13311617439116513,0.13739078146931882,0.8887669105552748,4.367377985856703,10.295879780184404,19.014652077609615,11.0,False,False,False,0,0,0.9624783168865568,False,True,GB1_IgG-Fc_fitness_1FCC,183690,1.0075829119613664
2,2,27,4.0,0.02,987,183690,0.024241929337470738,3.866690323120148,0.7128138188440105,0.20120365959075434,10.0,0.12722675504015435,8.011035965749103,-221023.59479693114,0.12536804165191454,0.12908546842839416,1.0119073885736993,8.106426483871157,16.21787235133885,19.014652077609615,96.0,False,False,False,0,0,1.4538161019610867,False,True,GB1_IgG-Fc_fitness_1FCC,183690,1.0607956072031015
3,0,27,6.0,0.001,47,183690,0.0005117317219228047,4.212076525447456,0.7069750042562,0.19084881877208473,10.0,0.1279655989848479,6.331580811082241,-164534.12506242585,0.12601680347838576,0.12991439449131006,0.9454099720863659,5.985939637867832,13.603351413612966,19.014652077609615,68.0,False,False,False,0,0,1.0194202321342742,False,True,GB1_IgG-Fc_fitness_1FCC,183690,1.0062023176174442
3,1,27,6.0,0.005,211,183690,0.006516413522782949,3.672427439881025,0.7230417241281573,0.1911834753602167,10.0,0.12732443647569658,5.901963051862917,-148750.97468232992,0.12534466264624372,0.12930421030514944,0.9819284379655264,5.795305360446006,11.719150332306414,19.014652077609615,31.0,False,False,False,0,0,1.0053293232372225,False,True,GB1_IgG-Fc_fitness_1FCC,183690,1.0079667101704128
3,2,27,6.0,0.02,930,183690,0.012684413958299308,4.4927623279641775,0.7387225600513894,0.19912540436334583,10.0,0.14668974563598056,5.651136916696198,-141933.23274279293,0.14456116316846698,0.14881832810349413,1.0055396010862794,5.682441960898642,11.606658791489725,19.014652077609615,28.999999999999996,False,False,False,0,0,1.1322136017098907,False,True,GB1_IgG-Fc_fitness_1FCC,183690,1.0498385300785307
0,0,28,2.0,0.001,45,183690,0.0028090805160868857,2.4093623965956867,0.7485793910697423,0.19161664849288182,10.0,0.118860884617792,8.418375491548371,-232726.02033955057,0.11706818588771102,0.12065358334787298,1.0393092132989539,8.749295209376331,16.224171043810493,19.014652077609615,96.0,False,False,False,0,0,1.5417591924223473,False,False,GB1_IgG-Fc_fitness_1FCC,183690,1.010250506385771
0,1,28,2.0,0.005,209,183690,0.003832543959932495,2.5680945578295242,0.7171223547662557,0.19045035941012942,10.0,0.1473105547194856,5.35490522606163,-130740.18516306276,0.1451478498349261,0.1494732596040451,0.9600979524703896,5.141233543214761,10.29456601934072,19.014652077609615,11.0,False,False,False,0,0,1.036424937029121,False,True,GB1_IgG-Fc_fitness_1FCC,183690,1.0041015410129288
0,2,28,2.0,0.02,929,183690,0.020648919375034026,1.9665166180302776,0.706187460865857,0.1973424747370727,10.0,0.11055227268409303,7.506172830767687,-201804.70985607267,0.10878170264858336,0.11232284271960269,0.9971533103538172,7.484805086287882,15.052280225642512,19.014652077609615,87.0,False,False,False,0,0,1.2146726103559051,False,True,GB1_IgG-Fc_fitness_1FCC,183690,1.0404384827864002
1,0,28,3.0,0.001,48,183690,0.0006532745386248571,2.9623766386143373,0.7211912278652334,0.19118828091033468,10.0,0.13074691707990255,5.2861868504704415,-125984.43706494302,0.1286841430648441,0.132809691094961,0.9669693585184329,5.111580707807978,10.462000072512748,19.014652077609615,12.5,False,False,False,0,0,0.9824079872232578,False,True,GB1_IgG-Fc_fitness_1FCC,183690,1.0079920462227776
1,1,28,3.0,0.005,252,183690,0.006543633295225652,1.5355159765504331,0.7322028715213932,0.192804186200842,10.0,0.12735377092542002,5.780965501379083,-144620.9303069677,0.12535688086628816,0.1293506609845519,1.0052372887328875,5.811242086864667,11.52521875193174,19.014652077609615,26.5,False,False,False,0,0,1.0341355585466057,False,True,GB1_IgG-Fc_fitness_1FCC,183690,1.0165114997819868
1,2,28,3.0,0.02,902,183690,0.01795960585769503,3.1232768526581522,0.7180838005018363,0.19881798237630333,10.0,0.15234908703605776,6.182227323924431,-161606.95895835513,0.15023636905714777,0.15446180501496776,0.9755505471752063,6.0310752486159895,12.314991022947966,19.014652077609615,39.5,False,False,False,0,0,1.196657073775504,False,True,GB1_IgG-Fc_fitness_1FCC,183690,1.048217725098762
2,0,28,4.0,0.001,51,183690,0.0009690238989602047,2.124733961669317,0.7025221219142569,0.1950533340388919,10.0,0.11530161373898701,6.480446869059641,-168193.65932160488,0.11343427518017349,0.11716895229780053,0.9819312363498589,6.363353206235306,13.145502078547285,19.014652077609615,56.49999999999999,False,False,False,0,0,1.0121010830602883,False,True,GB1_IgG-Fc_fitness_1FCC,183690,1.02836956514425
2,1,28,4.0,0.005,228,183690,0.0027165332897816975,3.4190181909043327,0.7375249186248529,0.18949736944126266,10.0,0.13206739796762101,7.0700529810579456,-190921.48187966482,0.13013511941229391,0.1339996765229481,1.0006711126391135,7.074797782972736,13.938257234565482,19.014652077609615,73.0,False,False,False,0,0,1.4020200461756327,False,True,GB1_IgG-Fc_fitness_1FCC,183690,0.9990771414829267
2,2,28,4.0,0.02,907,183690,0.026980238445206597,3.4774190512339826,0.6921894746376513,0.19859637430204716,10.0,0.1557302660524024,5.775208310252859,-146767.24289665197,0.1535672675195133,0.1578932645852915,0.9370241398415918,5.4115095993206985,11.448291502870939,19.014652077609615,24.5,False,False,False,0,0,1.131372120028947,False,True,GB1_IgG-Fc_fitness_1FCC,183690,1.047049352355593
3,0,28,6.0,0.001,52,183690,0.0005661712668082095,4.3046220442526675,0.6818215609508186,0.19234138024770703,10.0,0.12869769030197106,6.452000287711039,-168883.17333376687,0.12675145926938045,0.13064392133456168,0.9213368098464506,5.94446536220807,12.621768142342088,19.014652077609615,45.0,False,False,False,0,0,1.00988158557055,False,True,GB1_IgG-Fc_fitness_1FCC,183690,1.014071471985914
3,1,28,6.0,0.005,225,183690,0.006195220207959062,2.992821044773045,0.7392795378673505,0.19164111089929725,10.0,0.1116863775108723,8.521930523523414,-234351.1587087313,0.10994740383325594,0.11342535118848868,1.0297703676428234,8.775631528235305,16.002916551683608,19.014652077609615,95.5,False,False,False,0,0,1.5115631939431677,False,False,GB1_IgG-Fc_fitness_1FCC,183690,1.010379478260934
3,2,28,6.0,0.02,927,183690,0.015161413250585225,4.658401255036886,0.7154562317234805,0.19920322095161583,10.0,0.1516504231601715,4.993674396504172,-117132.05224956002,0.14941796591118225,0.15388288040916073,0.9629365157757981,4.808591424288538,10.825701311752727,19.014652077609615,17.5,False,False,False,0,0,1.0217691310860162,False,True,GB1_IgG-Fc_fitness_1FCC,183690,1.050248798436334
0,0,29,2.0,0.001,39,183690,0.0004246284501061571,1.6131115118557577,0.7461998436396319,0.18958314741646484,10.0,0.13136983240867245,7.871167089113316,-216388.4798976992,0.12948844121065925,0.13325122360668565,0.9944803835354531,7.827721265653046,14.666442567197679,19.014652077609615,80.5,False,False,False,0,0,1.5664449722009466,False,True,GB1_IgG-Fc_fitness_1FCC,183690,0.9995293842476674
0,1,29,2.0,0.005,221,183690,0.005808699439272687,3.235379395085366,0.7292123397811454,0.19302121319845264,10.0,0.12790473633544458,5.939684082522539,-150279.41545049974,0.12592320037080473,0.12988627230008443,0.992163684311466,5.893138842961732,11.123302630674745,19.014652077609615,21.0,False,False,False,0,0,1.0255757559518228,False,True,GB1_IgG-Fc_fitness_1FCC,183690,1.0176557199526246
0,2,29,2.0,0.02,908,183690,0.016184876694430833,2.0019000073023725,0.7086642520463536,0.19600524587060417,10.0,0.1477673214543222,6.461619280881205,-170942.31531034596,0.14570685612037243,0.14982778678827197,0.9491747979874317,6.133206175602111,12.557066497541584,19.014652077609615,43.5,False,False,False,0,0,1.1932929617976538,False,True,GB1_IgG-Fc_fitness_1FCC,183690,1.0333882804677135
1,0,29,3.0,0.001,35,183690,0.00526430399041864,11.155238552913438,0.7016613705625245,0.19318499346216758,10.0,0.11376595853651227,8.11431947946572,-221764.29836366,0.11200446679888931,0.11552745027413522,0.9678641206134896,7.853558687369998,16.065540320008814,19.014652077609615,96.0,False,False,False,0,0,1.2896115846837959,False,True,GB1_IgG-Fc_fitness_1FCC,183690,1.0185192101329164
1,1,29,3.0,0.005,211,183690,0.0034296913277804997,2.13408811068949,0.7538592188838085,0.1918781286758486,10.0,0.09982603890525998,7.731699516944558,-206153.00155053928,0.09814047472637825,0.10151160308414171,1.0585749922913859,8.184583756548898,15.159942238490252,19.014652077609615,87.5,False,False,False,0,0,1.2360522589141563,False,True,GB1_IgG-Fc_fitness_1FCC,183690,1.0116290947773838
1,2,29,3.0,0.02,980,183690,0.021329413686101584,2.9945688557270644,0.7421269724801203,0.20454662773964857,10.0,0.14690635804322236,6.601097581220347,-176012.9093680809,0.1448566025439244,0.1489561135425203,1.0146107618460074,6.6975446459018135,13.262239534172695,19.014652077609615,57.49999999999999,False,False,False,0,0,1.2713176585978696,False,True,GB1_IgG-Fc_fitness_1FCC,183690,1.0784205645949294
2,0,29,4.0,0.001,53,183690,0.0005770591757852904,2.7494399968645586,0.7050185643041695,0.1890399752715279,10.0,0.11678803635706084,6.903874819195378,-182861.88801646105,0.11494514625179514,0.11863092646232654,0.9659294716456678,6.668656156413221,14.269174540458476,19.014652077609615,77.5,False,False,False,0,0,1.0528925893068695,False,True,GB1_IgG-Fc_fitness_1FCC,183690,0.9966656459514746
2,1,29,4.0,0.005,242,183690,0.0051663128096249115,4.412795938171145,0.7938806438072641,0.19626636508292244,10.0,0.14023289245610965,5.850827428854792,-148461.90673374827,0.1381674277143699,0.1422983571978494,1.0709321450343585,6.2658391686093236,11.287079719527748,19.014652077609615,24.0,False,False,False,0,0,1.2002212495239117,False,True,GB1_IgG-Fc_fitness_1FCC,183690,1.034764965732519
2,2,29,4.0,0.02,966,183690,0.025798900321193315,3.591711994999768,0.715066156524322,0.20141871983982074,10.0,0.13665119046303828,6.245908642215219,-162739.58090448042,0.13463682833899393,0.13866555258708263,0.9960855832296105,6.22145955267981,12.203336566753,19.014652077609615,37.0,False,False,False,0,0,1.1549418396416153,False,True,GB1_IgG-Fc_fitness_1FCC,183690,1.0619294581875105
3,0,29,6.0,0.001,39,183690,0.0019870433883172737,4.547769814366311,0.757621091930646,0.1851958636584868,10.0,0.1439622866658359,5.034704898514184,-117571.64033736987,0.14179076734887477,0.14613380598279704,0.9937521106415745,5.0032486193559444,10.332546696242789,19.014652077609615,11.5,False,False,False,0,0,1.0786232021297706,False,True,GB1_IgG-Fc_fitness_1FCC,183690,0.9763985358948948
3,1,29,6.0,0.005,232,183690,0.004676356905656268,4.688136224880754,0.7252475002263953,0.19388614202263585,10.0,0.09996826101030702,8.737502335677886,-237665.8036871316,0.09831885508519778,0.10161766693541627,1.0208283897850845,8.919490440073472,16.73972288679681,19.014652077609615,98.0,False,False,False,0,0,1.3795383538772654,False,True,GB1_IgG-Fc_fitness_1FCC,183690,1.0222158392819802
3,2,29,6.0,0.02,919,183690,0.014709565028036366,4.167979356491912,0.7339864004477394,0.20104287813747942,10.0,0.11043825417745405,8.986324385624117,-247963.73940401094,0.10872367312152051,0.1121528352333876,1.026903449003182,9.228087505458808,17.686119187859994,19.014652077609615,99.0,False,False,False,0,0,1.3416280492172734,False,True,GB1_IgG-Fc_fitness_1FCC,183690,1.0599479274953831
0,0,30,2.0,0.001,50,183690,0.0005443954488540476,1.6514793102788774,0.7047247816147955,0.18661052145997062,10.0,0.10308449908322484,7.344698090365949,-194533.33754358755,0.1013567394899975,0.10481225867645218,0.9888919195627821,7.263112593191083,14.237229577336091,19.014652077609615,77.5,False,False,False,0,0,1.1381907747918514,False,True,GB1_IgG-Fc_fitness_1FCC,183690,0.9838569627672585
0,1,30,2.0,0.005,227,183690,0.004790679949915618,2.259841919123213,0.697679025432766,0.19144211377180229,10.0,0.12651319530183283,5.4933936589870065,-133533.6993414471,0.12449461803506286,0.1285317725686028,0.9647535252821712,5.299770898270441,10.655695415261151,19.014652077609615,15.5,False,False,False,0,0,0.9589885617651418,False,True,GB1_IgG-Fc_fitness_1FCC,183690,1.009330316038328
0,2,30,2.0,0.02,924,183690,0.01304915890903152,1.717138250634077,0.7046998874752722,0.19270385819875735,10.0,0.13484134240178114,5.179265578789576,-123046.80810052902,0.1327287294707781,0.13695395533278418,0.965298348735059,4.999536510865908,11.813520396507622,19.014652077609615,32.0,False,False,False,0,0,1.0084157271650525,False,True,GB1_IgG-Fc_fitness_1FCC,183690,1.0159825456660065
1,0,30,3.0,0.001,53,183690,0.0005770591757852904,2.159245396780908,0.6854171206829247,0.18749664005857625,10.0,0.10856875389936795,7.490811732219955,-200271.63969286438,0.10681942634935539,0.1103180814493805,0.9367855745416866,7.017284372351277,13.955261362294348,19.014652077609615,73.5,False,False,False,0,0,1.1952766405298627,False,True,GB1_IgG-Fc_fitness_1FCC,183690,0.9885287998440481
1,1,30,3.0,0.005,251,183690,0.005128205128205128,4.839923962306694,0.756282029634257,0.19397883641547128,10.0,0.12236066330480294,6.913700608023954,-183944.82764935773,0.12048534644534543,0.12423598016426045,1.027856346795116,7.106291049798674,13.72776458440379,19.014652077609615,69.0,False,False,False,0,0,1.2616196736848486,False,True,GB1_IgG-Fc_fitness_1FCC,183690,1.022704547116282
1,2,30,3.0,0.02,941,183690,0.02001742065436333,2.918415775088836,0.7221327915140736,0.1991458391739027,10.0,0.1419421907058111,6.59208055048655,-175253.80038580357,0.1399230330962251,0.1439613483153971,0.9801363582043078,6.461137823743336,12.630453595680093,19.014652077609615,45.0,False,False,False,0,0,1.243105338850899,False,True,GB1_IgG-Fc_fitness_1FCC,183690,1.0499462674691766
2,0,30,4.0,0.001,45,183690,0.0004899559039686428,3.126822482709537,0.7109067603931791,0.18917347687916902,10.0,0.11330903054987422,7.500682845016058,-202077.55888312554,0.11152365278295201,0.11509440831679643,0.9692713629550412,7.270197084282212,14.774214180486084,19.014652077609615,83.0,False,False,False,0,0,1.1783051669320754,False,True,GB1_IgG-Fc_fitness_1FCC,183690,0.9973694995455309
2,1,30,4.0,0.005,228,183690,0.0048233436768468614,4.3466847134388535,0.7016198086355308,0.19312835632833603,10.0,0.08771000261910149,9.832336482723857,-264564.3668472612,0.08618316331881443,0.08923684191938855,1.013882274181225,9.968831673619093,18.8197062244675,19.014652077609615,99.0,False,False,False,0,0,1.2849830009753087,False,True,GB1_IgG-Fc_fitness_1FCC,183690,1.018220605113031
2,2,30,4.0,0.02,918,183690,0.01935325820676139,2.9894776720852505,0.7383802356752027,0.2000026123077735,10.0,0.13552877347254966,5.758971592526674,-144845.9255427654,0.13347995089077033,0.13757759605432898,1.0137242545134537,5.83800918439826,11.90500131803901,19.014652077609615,33.5,False,False,False,0,0,1.0811637130659666,False,True,GB1_IgG-Fc_fitness_1FCC,183690,1.0544633879759726
3,0,30,6.0,0.001,38,183690,0.0021830257499047307,3.3197864656241833,0.7313738438457088,0.19202190474750183,10.0,0.16129802791392506,5.367096328939495,-131505.6019723619,0.15906433843013862,0.1635317173977115,0.9508935414769935,5.103537235673447,10.011771124745032,19.014652077609615,9.0,False,False,False,0,0,1.140488171572505,False,True,GB1_IgG-Fc_fitness_1FCC,183690,1.012387117894562
3,1,30,6.0,0.005,226,183690,0.005171756764113452,3.3154495616343276,0.7097320059802107,0.18858896052336255,10.0,0.15483927659672986,4.808947641333732,-109901.45521861024,0.1525647999063602,0.1571137532870995,0.9359985303441937,4.50116792479055,9.625618361880994,19.014652077609615,4.5,False,False,False,0,0,1.0316083611844877,False,True,GB1_IgG-Fc_fitness_1FCC,183690,0.9942877843131188
3,2,30,6.0,0.02,926,183690,0.016163100876476672,4.620671451081901,0.7597697269028891,0.20338156794423945,10.0,0.14276065060477627,5.725438695714502,-143692.79277148226,0.1406737897416107,0.14484751146794184,1.0245273173055112,5.865868347317543,11.53304441310384,19.014652077609615,27.0,False,False,False,0,0,1.1789767018126767,False,True,GB1_IgG-Fc_fitness_1FCC,183690,1.072278080329918
0,0,31,2.0,0.001,50,183690,0.0011595623060591212,1.889341211123503,0.7561256977016966,0.1908321417134823,10.0,0.11395237754425817,6.767603522154508,-177774.0126384223,0.1121158688364229,0.11578888625209345,1.0494018108312346,7.101935391136782,13.248747407567107,19.014652077609615,56.99999999999999,False,False,False,0,0,1.1928521443016074,False,True,GB1_IgG-Fc_fitness_1FCC,183690,1.0061143920273108
0,1,31,2.0,0.005,223,183690,0.004186401001687626,1.493816833137075,0.6921273983386537,0.19398895446027625,10.0,0.12613261531087425,7.053026263593438,-189554.9112225694,0.12423758928736235,0.12802764133438616,0.949335613597365,6.695689015666807,13.59353770635345,19.014652077609615,67.0,False,False,False,0,0,1.1670643207828917,False,True,GB1_IgG-Fc_fitness_1FCC,183690,1.0227578919585398
0,2,31,2.0,0.02,897,183690,0.016271979966247484,1.8301842656416631,0.7294327212097459,0.19474542234699116,10.0,0.1560066858169697,5.098638112044419,-121490.95188757183,0.15376208438879074,0.15825128724514864,0.9780197266712988,4.9865686527375495,9.806483042264379,19.014652077609615,7.000000000000001,False,False,False,0,0,1.0834076642151502,False,True,GB1_IgG-Fc_fitness_1FCC,183690,1.0267461783189848
1,0,31,3.0,0.001,46,183690,0.0005008438129457238,2.3070948293603593,0.7011145299603244,0.18757518257281883,10.0,0.14071301307463838,5.261129833605058,-126556.27999933087,0.13858006624479596,0.1428459599044808,0.9349840098549187,4.919072268191399,10.368838330570647,19.014652077609615,12.0,False,False,False,0,0,1.0228801088177546,False,True,GB1_IgG-Fc_fitness_1FCC,183690,0.9889428954636639
1,1,31,3.0,0.005,224,183690,0.005160868855136371,2.3231633136365115,0.6993109511662653,0.19104282966047015,10.0,0.12959959578219662,5.752190669145338,-143831.67840118904,0.12758685968140046,0.1316123318829928,0.9585489771324107,5.51375648217986,11.935835502105531,19.014652077609615,33.5,False,False,False,0,0,0.9634264012072457,False,True,GB1_IgG-Fc_fitness_1FCC,183690,1.0072251911504972
1,2,31,3.0,0.02,956,183690,0.017812619086504437,2.7441617920596992,0.7699055592619399,0.2030378213769508,10.0,0.11694242096326773,7.414018216782466,-200818.74254516582,0.1151148537617825,0.11876998816475297,1.117536036994354,8.285432536187026,14.569023078102864,19.014652077609615,80.0,False,False,False,0,0,1.463514086874108,False,True,GB1_IgG-Fc_fitness_1FCC,183690,1.0704657631518277
2,0,31,4.0,0.001,49,183690,0.000538951494365507,2.7887504877448683,0.7317552739481805,0.19417786859853753,10.0,0.10911269412048116,5.705388859684663,-138059.19481590053,0.10723058939864426,0.11099479884231807,1.0294685234011225,5.873518244808785,11.14535734899405,19.014652077609615,21.5,False,False,False,0,0,0.9631501035271197,False,True,GB1_IgG-Fc_fitness_1FCC,183690,1.0237538941605562
2,1,31,4.0,0.005,253,183690,0.010305405846807121,5.478835456889915,0.7299704652830921,0.19289390878731408,10.0,0.14696748731237086,5.58335100285237,-138954.16795096232,0.14483813757701366,0.14909683704772805,0.9693536763388164,5.412241820904963,10.813246524090022,19.014652077609615,17.5,False,False,False,0,0,1.0949052102074934,False,True,GB1_IgG-Fc_fitness_1FCC,183690,1.0169845395159067
2,2,31,4.0,0.02,934,183690,0.016674832598399476,3.4799251493181536,0.7264975627212606,0.19882117712771896,10.0,0.13943453459586544,6.472935315022084,-170994.02786378574,0.13742053919735817,0.1414485299943727,1.0003308212282565,6.475076699433424,12.956642830122384,19.014652077609615,51.0,False,False,False,0,0,1.2261338652531117,False,True,GB1_IgG-Fc_fitness_1FCC,183690,1.0482345686207672
3,0,31,6.0,0.001,50,183690,0.004736240405030214,4.7730320471452625,0.7342634960129287,0.19190541738187264,10.0,0.10610049423116824,6.6856763003615916,-172303.5667864253,0.1043239852472526,0.10787700321508388,1.008765487436257,6.744279511975292,16.70359929954063,19.014652077609615,97.5,False,False,False,0,0,0.9874943717875202,False,True,GB1_IgG-Fc_fitness_1FCC,183690,1.0117729676052212
3,1,31,6.0,0.005,245,183690,0.007763079100658718,4.502272929009865,0.7240435501674771,0.19371017484702566,10.0,0.12943838562194285,5.375322123796601,-129400.13144831033,0.12739112451779847,0.13148564672608723,0.9946237983176448,5.3464233079514445,10.269155103493198,19.014652077609615,11.0,False,False,False,0,0,0.9802646679414617,False,True,GB1_IgG-Fc_fitness_1FCC,183690,1.0212880966788938
3,2,31,6.0,0.02,935,183690,0.024225597474005118,4.105506850899232,0.7098696048443529,0.19787497434510945,10.0,0.13980997416983634,6.622114438606494,-175801.47434825532,0.13781060604308235,0.14180934229659034,0.9666420002500272,6.401213946819167,13.879901045992678,19.014652077609615,72.5,False,False,False,0,0,1.178785309490954,False,True,GB1_IgG-Fc_fitness_1FCC,183690,1.0432459528204527
0,0,32,2.0,0.001,45,183690,0.0010833469432195548,2.2756753485528605,0.7191981761884365,0.18881326801912568,10.0,0.12825159951818313,6.382772014258009,-166562.20757752436,0.12630045722994748,0.13020274180641878,0.9785001397009734,6.245543307630925,12.641994869563451,19.014652077609615,45.0,False,False,False,0,0,1.0549352142010335,False,True,GB1_IgG-Fc_fitness_1FCC,183690,0.9954703890761347
0,1,32,2.0,0.005,245,183690,0.0034732429636888237,1.3161197207650777,0.7011474836290097,0.18867959134238887,10.0,0.13121241811470558,5.879427974289184,-148711.3653037327,0.12920193687069503,0.13322289935871612,0.9522809757242108,5.598867408056325,12.23442806023802,19.014652077609615,37.5,False,False,False,0,0,0.9810975165070657,False,True,GB1_IgG-Fc_fitness_1FCC,183690,0.9947656124743754
0,2,32,2.0,0.02,866,183690,0.025570254232674616,1.5916328658931447,0.7507371545175522,0.19338310754995414,10.0,0.12092404147897148,6.4900719889027805,-169213.4728940226,0.11902700470774162,0.12282107825020135,1.0358498478925215,6.72274008251646,12.977114842464848,19.014652077609615,51.0,False,False,False,0,0,1.0894804414787223,False,True,GB1_IgG-Fc_fitness_1FCC,183690,1.0195637167511185
1,0,32,3.0,0.001,39,183690,0.0004246284501061571,2.599063417762348,0.7505804971975623,0.18930335351642813,10.0,0.12466370853430336,6.706448623211275,-177657.0502867886,0.12275330588113473,0.126574111187472,1.0498682886518615,7.0408877389824545,12.979081769338965,19.014652077609615,51.0,False,False,False,0,0,1.2878483146996103,False,True,GB1_IgG-Fc_fitness_1FCC,183690,0.9980542413964644
1,1,32,3.0,0.005,238,183690,0.006244215798355926,2.3705812749956454,0.7285454697309042,0.19539041792175885,10.0,0.1243775578333087,6.920747575398913,-184922.54221156845,0.1224830839183202,0.12627203174829718,1.0052167740605298,6.956851551829729,12.767500245297681,19.014652077609615,47.5,False,False,False,0,0,1.3491219466500624,False,True,GB1_IgG-Fc_fitness_1FCC,183690,1.0301467549972154
1,2,32,3.0,0.02,963,183690,0.032130219391365886,2.71571709632026,0.7029420980679919,0.20127228566944705,10.0,0.127568692559026,6.458102745025173,-169700.41519385087,0.12561825937625154,0.12951912574180047,1.0008886398829504,6.463841672692594,13.420063070536507,19.014652077609615,61.0,False,False,False,0,0,1.0806640915577939,False,True,GB1_IgG-Fc_fitness_1FCC,183690,1.0611574209144667
2,0,32,4.0,0.001,44,183690,0.000675050356579019,3.849852231676027,0.7009819757133159,0.1898510869725422,10.0,0.14176115538858797,5.099264529264862,-119968.6155223432,0.13960905281058658,0.14391325796658935,0.9192880733982755,4.6876930648560595,10.01439367165501,19.014652077609615,9.0,False,False,False,0,0,0.9631820933671466,False,True,GB1_IgG-Fc_fitness_1FCC,183690,1.0009420280567358
2,1,32,4.0,0.005,255,183690,0.007028145244705754,4.93641612601259,0.7236566624240696,0.19587293771084993,10.0,0.11710624953991082,6.100552777990367,-154524.13524031034,0.11520436832620282,0.11900813075361882,1.0116528162058476,6.171641398266361,12.255278944413199,19.014652077609615,37.5,False,False,False,0,0,0.9639873889945416,False,True,GB1_IgG-Fc_fitness_1FCC,183690,1.0326907190269827
2,2,32,4.0,0.02,888,183690,0.019195383526593716,3.2106928262974375,0.7397353873124761,0.20070211126774493,10.0,0.12178028936261928,5.8826153796515595,-147290.92119675968,0.11983190831641342,0.12372867040882514,1.039957627539949,6.117670733952451,11.55613393385736,19.014652077609615,27.500000000000004,False,False,False,0,0,1.023522217921316,False,True,GB1_IgG-Fc_fitness_1FCC,183690,1.0581513200219905
3,0,32,6.0,0.001,42,183690,0.0006641624476019381,5.03492808646965,0.7100570719268271,0.19310863020735647,10.0,0.10610260051545277,7.014715505310586,-183857.47919238894,0.10434221962687452,0.10786298140403101,0.9793588582957218,6.869923768550272,13.552090074367287,19.014652077609615,65.5,False,False,False,0,0,1.0789008215736082,False,True,GB1_IgG-Fc_fitness_1FCC,183690,1.0181166041096454
3,1,32,6.0,0.005,217,183690,0.006396646524035059,4.786036189403427,0.7351498293933266,0.18812923725827654,10.0,0.15223672884954478,5.34995837352611,-130830.35802990827,0.15004596990923824,0.15442748778985133,0.9846589925332213,5.26788462217089,11.968622137852629,19.014652077609615,34.0,False,False,False,0,0,1.1112466831597076,False,True,GB1_IgG-Fc_fitness_1FCC,183690,0.9918640092131816
3,2,32,6.0,0.02,916,183690,0.016380859056018292,4.177496667633585,0.7331007775381863,0.2008844639584741,10.0,0.14593431388408248,5.785733648255478,-146484.0274072796,0.14383061020298976,0.1480380175651752,0.9865887710171787,5.70813984946511,12.918439258010816,19.014652077609615,50.5,False,False,False,0,0,1.1369118744284936,False,True,GB1_IgG-Fc_fitness_1FCC,183690,1.0591127286448785
0,0,33,2.0,0.001,43,183690,0.0004681800860144809,1.7393962127227898,0.714087807907805,0.18984647366231913,10.0,0.11999846540173205,5.579539778025052,-135272.17566696263,0.1180398744707798,0.1219570563326843,0.963905432075755,5.3781487005211,11.305050564554227,19.014652077609615,24.0,False,False,False,0,0,0.9623315764271164,False,True,GB1_IgG-Fc_fitness_1FCC,183690,1.0009177055407874
0,1,33,2.0,0.005,255,183690,0.0033317001469867712,1.901960070102826,0.7245597687461935,0.1881783317706711,10.0,0.12986906787036584,6.4820889356664875,-170154.15383502818,0.12791678852379607,0.1318213472169356,0.9829432810892919,6.371525766736612,12.230943519716076,19.014652077609615,37.5,False,False,False,0,0,1.143921402240455,False,True,GB1_IgG-Fc_fitness_1FCC,183690,0.9921228476617061
0,2,33,2.0,0.02,928,183690,0.031738254668190975,1.9315028446408502,0.6797742270435247,0.1945341765615551,10.0,0.12836538816357668,5.761816717338675,-143954.90096782043,0.1263616507368329,0.13036912559032046,0.9651274009929737,5.560887193402943,11.0274901548185,19.014652077609615,18.5,False,False,False,0,0,1.0002808568112775,False,True,GB1_IgG-Fc_fitness_1FCC,183690,1.0256324381331128
1,0,33,3.0,0.001,50,183690,0.0012738853503184713,1.8014086310597452,0.7190213667474931,0.19399410328324757,10.0,0.13003890739256915,6.792319877519989,-180743.5580674262,0.1281104234394136,0.13196739134572472,0.9575314174137046,6.503859679848995,13.607268404285717,19.014652077609615,68.0,False,False,False,0,0,1.0914147146244786,False,True,GB1_IgG-Fc_fitness_1FCC,183690,1.0227850378305452
1,1,33,3.0,0.005,257,183690,0.009537808263922913,2.0524289352355813,0.7085853881708439,0.1932955221190974,10.0,0.10393751685011476,7.977036193084239,-215948.20281171298,0.10222449332400868,0.10565054037622085,1.0184082920936088,8.123879805367823,15.91698951892726,19.014652077609615,95.5,False,False,False,0,0,1.1981419542541643,False,True,GB1_IgG-Fc_fitness_1FCC,183690,1.0191019446317802
1,2,33,3.0,0.02,906,183690,0.024345364472753008,2.9626551763857325,0.6969037798017667,0.19692093055975948,10.0,0.16068753661440122,5.574292921043887,-139271.91882125998,0.15847959933342137,0.16289547389538106,0.9253796471371912,5.158337216314935,10.735812265553204,19.014652077609615,16.0,False,False,False,0,0,1.1266037238369322,False,True,GB1_IgG-Fc_fitness_1FCC,183690,1.0382159973085243
2,0,33,4.0,0.001,51,183690,0.0005552833578311285,2.90634734856818,0.7163187226201314,0.188737051632275,10.0,0.12904796388281844,5.394053266490031,-130109.60071406502,0.1270033619201163,0.1310925658455206,0.9831053401810357,5.302922571507309,10.428128511251922,19.014652077609615,12.5,False,False,False,0,0,0.9913338146310354,False,True,GB1_IgG-Fc_fitness_1FCC,183690,0.9950685573771858
2,1,33,4.0,0.005,225,183690,0.0030812782405139094,3.5402565044343657,0.7402663013340155,0.19367464949823998,10.0,0.1201135717835916,6.860321090042019,-182644.23458008724,0.11823634600015998,0.12199079756702322,1.0321755494529197,7.081055690537574,13.341142614706577,19.014652077609615,59.5,False,False,False,0,0,1.2481747400554328,False,True,GB1_IgG-Fc_fitness_1FCC,183690,1.0211007982271019
2,2,33,4.0,0.02,969,183690,0.02377374925145626,3.5692765164778923,0.7096345795336648,0.1984726778589162,10.0,0.1736502647511503,5.559083302519806,-138741.9898722797,0.17137160711693314,0.17592892238536748,0.9278382940565271,5.157930367928102,10.411858368171611,19.014652077609615,12.5,False,False,False,0,0,1.2205691782089905,False,True,GB1_IgG-Fc_fitness_1FCC,183690,1.0463971940212624
3,0,33,6.0,0.001,42,183690,0.00045729217703739997,4.512758263947633,0.734576348436936,0.18936791508811854,10.0,0.14906668613029758,4.737611278495174,-106327.97847736627,0.14682118086417778,0.15131219139641738,0.959507631669191,4.545774177598152,10.239070303968095,19.014652077609615,10.0,False,False,False,0,0,1.0423712357513122,False,True,GB1_IgG-Fc_fitness_1FCC,183690,0.9983946260186061
3,1,33,6.0,0.005,224,183690,0.003903315368283521,5.668710420592469,0.7245552435097973,0.19644005578832457,10.0,0.12246837634793786,7.4354532249079845,-201401.44703356468,0.12062179040491779,0.12431496229095794,0.9772795532011572,7.266516405486179,14.8442023773896,19.014652077609615,84.0,False,False,False,0,0,1.3026157008171655,False,True,GB1_IgG-Fc_fitness_1FCC,183690,1.0356807062199305
3,2,33,6.0,0.02,996,183690,0.02037127769611846,5.060171713849037,0.7226257417877351,0.19923147925523046,10.0,0.1337800339569192,6.690004365122254,-177954.532651186,0.13181652769641564,0.13574354021742277,0.9925670699942004,6.640278030937807,14.909267164704714,19.014652077609615,85.5,False,False,False,0,0,1.1660794590757086,False,True,GB1_IgG-Fc_fitness_1FCC,183690,1.0503977832232032
0,0,34,2.0,0.001,46,183690,0.0005008438129457238,1.6347763058478741,0.736158635753854,0.18988945453363953,10.0,0.14892168401759195,5.0724875279963655,-119590.63953456294,0.14672280122814518,0.15112056680703873,0.9591494569089279,4.865273657655024,9.821764407476353,19.014652077609615,7.5,False,False,False,0,0,1.02331184750108,False,True,GB1_IgG-Fc_fitness_1FCC,183690,1.00114431135692
0,1,34,2.0,0.005,228,183690,0.009946104850563449,1.457030722791987,0.7302495780529372,0.18570494269859053,10.0,0.09529771429217197,6.884575620346976,-175973.05888341728,0.09360540746859006,0.09699002111575389,1.036623476473083,7.136712713605915,13.836973909881793,19.014652077609615,70.0,False,False,False,0,0,1.0092154731657226,False,True,GB1_IgG-Fc_fitness_1FCC,183690,0.9790825268847188
0,2,34,2.0,0.02,969,183690,0.026234416680276554,1.968553412741941,0.7157850147649154,0.19669673893282694,10.0,0.12772944370836078,6.75622163904048,-179752.1624240874,0.12580387414557956,0.129655013271142,1.002936134688941,6.77605881576104,14.25428995619954,19.014652077609615,77.5,False,False,False,0,0,1.1154344510006948,False,True,GB1_IgG-Fc_fitness_1FCC,183690,1.0370340034347276
1,0,34,3.0,0.001,43,183690,0.0004681800860144809,2.7036023471653365,0.7209055794294588,0.18957281557053693,10.0,0.1251391471315791,5.54908071894822,-135252.6653185559,0.12313934519760437,0.1271389490655538,0.9772939741862499,5.423083148901199,11.48390022314654,19.014652077609615,25.5,False,False,False,0,0,0.985031154105456,False,True,GB1_IgG-Fc_fitness_1FCC,183690,0.9994749121928502
1,1,34,3.0,0.005,232,183690,0.004164625183733464,2.412115809795399,0.700833630990228,0.19104562762498917,10.0,0.18093898432137762,4.492472970364833,-98115.0001107658,0.17847005675472458,0.18340791188803066,0.8903688511438353,3.99995799741847,8.210891526062275,19.014652077609615,0.0,False,False,False,0,0,1.0266777742248552,False,True,GB1_IgG-Fc_fitness_1FCC,183690,1.00723994271355
1,2,34,3.0,0.02,962,183690,0.01761663672491698,2.7427258413174274,0.7460013374680345,0.2032956507003118,10.0,0.11907295275949757,6.886424360479279,-182786.17815859464,0.11721204607960056,0.12093385943939458,1.0462734495677706,7.205082970826183,13.180586918958378,19.014652077609615,56.49999999999999,False,False,False,0,0,1.2909340371719353,False,True,GB1_IgG-Fc_fitness_1FCC,183690,1.0718251033059074
2,0,34,4.0,0.001,33,183690,0.0003593009962436714,2.811083862169749,0.7376155467582788,0.19468299251435484,10.0,0.11963291750085167,6.224230616388899,-159635.8854835272,0.11772284492104168,0.12154299008066166,1.0168942146051552,6.329384104174151,12.60519143965599,19.014652077609615,45.0,False,False,False,0,0,1.0172887409464624,False,True,GB1_IgG-Fc_fitness_1FCC,183690,1.02641703275397
2,1,34,4.0,0.005,217,183690,0.0024987751102400783,3.004645207206045,0.7071187629309814,0.19544504735043267,10.0,0.10464221149292116,7.932522944640136,-214123.22078045644,0.102930572823941,0.10635385016190133,0.9961758726936015,7.902187967038905,16.09052805755681,19.014652077609615,96.0,False,False,False,0,0,1.20541544293893,False,True,GB1_IgG-Fc_fitness_1FCC,183690,1.0304347748974454
2,2,34,4.0,0.02,869,183690,0.016533289781697425,2.917327686406307,0.7447679347117742,0.19899809003773825,10.0,0.14468846515263584,6.128634127037946,-159622.5232169045,0.14261040728031216,0.14676652302495952,1.0195398676369585,6.248386826675614,12.840051724153781,19.014652077609615,49.0,False,False,False,0,0,1.192169171477137,False,True,GB1_IgG-Fc_fitness_1FCC,183690,1.0491672973702724
3,0,34,6.0,0.001,44,183690,0.0010289073983341499,6.035220119173799,0.7335531884595178,0.18778179939954204,10.0,0.12060536219889204,5.532220174127711,-134000.71544381697,0.11862997135578168,0.12258075304200239,1.010548776854899,5.590578330256755,10.848591711211673,19.014652077609615,17.5,False,False,False,0,0,1.0284733568618607,False,True,GB1_IgG-Fc_fitness_1FCC,183690,0.9900322306308673
3,1,34,6.0,0.005,208,183690,0.005460286352006097,6.60012375183563,0.7380578816526999,0.19130458253320437,10.0,0.11239394799230319,7.468258722106046,-200675.65399974037,0.11061371679849995,0.11417417918610644,1.0199395750693927,7.617172627533126,18.09366028708541,19.014652077609615,99.0,False,False,False,0,0,1.1626561458224276,False,True,GB1_IgG-Fc_fitness_1FCC,183690,1.008605217230212
3,2,34,6.0,0.02,942,183690,0.017458762044749308,4.65471012231197,0.7454981280797507,0.2025955431337839,10.0,0.13233578291373782,7.859014219142671,-216674.5361649543,0.13044038511514897,0.13423118071232668,1.0362561857817143,8.143952098733044,14.795492302283694,19.014652077609615,83.5,False,False,False,0,0,1.5536612648156005,False,True,GB1_IgG-Fc_fitness_1FCC,183690,1.068133962535143
0,0,35,2.0,0.001,55,183690,0.001246665577875769,2.6506662097363702,0.6935582909988532,0.18853461123260926,10.0,0.11876771235412498,5.589624951627032,-135245.04187638755,0.11682037270194859,0.12071505200630137,0.9312530553975186,5.20535531472888,11.849480338640099,19.014652077609615,33.0,False,False,False,0,0,0.9992986227574122,False,True,GB1_IgG-Fc_fitness_1FCC,183690,0.9940012413695016
0,1,35,2.0,0.005,215,183690,0.002607654200010888,1.7853411281396914,0.714237470198021,0.1878630444178991,10.0,0.1610975340013384,5.534791741631271,-138148.98163024127,0.15887809798117042,0.16331697002150636,0.9390544080131851,5.197470582413819,11.198669069223644,19.014652077609615,23.5,False,False,False,0,0,1.1341069354920144,False,True,GB1_IgG-Fc_fitness_1FCC,183690,0.9904605745226017
0,2,35,2.0,0.02,934,183690,0.016282867875224562,1.8665648542737783,0.7075299119145605,0.19651063810494426,10.0,0.11333826398422586,6.56333467027079,-170345.00239506084,0.11149507442718185,0.11518145354126988,0.9964494938879891,6.540031510408821,12.669005956432915,19.014652077609615,46.5,False,False,False,0,0,1.0771375515894226,False,True,GB1_IgG-Fc_fitness_1FCC,183690,1.0360528337029427
1,0,35,3.0,0.001,49,183690,0.0005335075398769666,2.751850090775479,0.7473346350672148,0.18377530676751092,10.0,0.1276009077896877,4.976622306565965,-113161.14415515785,0.12552587651562142,0.12967593906375396,0.999798219312028,4.97561812029317,9.37562137000735,19.014652077609615,3.5000000000000004,False,False,False,0,0,1.0607967529031002,False,True,GB1_IgG-Fc_fitness_1FCC,183690,0.9689090075593049
1,1,35,3.0,0.005,246,183690,0.005427622625074855,2.9433783923815606,0.7018030202832851,0.19399817484876564,10.0,0.14158304697785026,6.5150128750779315,-172474.92979269812,0.13956217637601462,0.1436039175796859,0.9381775205235428,6.112238625319571,13.113114008896769,19.014652077609615,55.50000000000001,False,False,False,0,0,1.1183053358265374,False,True,GB1_IgG-Fc_fitness_1FCC,183690,1.0228065041340149
1,2,35,3.0,0.02,956,183690,0.020055528335783113,2.3117576675129277,0.7177924609575501,0.19963340001564042,10.0,0.13366811265760462,5.872941808962367,-148985.25852810324,0.13163866330864904,0.1356975620065602,1.003509787491761,5.893554586663303,11.749955842374996,19.014652077609615,31.0,False,False,False,0,0,1.061879757877671,False,True,GB1_IgG-Fc_fitness_1FCC,183690,1.0525168091790622
2,0,35,4.0,0.001,45,183690,0.0004899559039686428,3.0955328655008203,0.7242692487531166,0.19137459413413954,10.0,0.11219470472499025,7.243068529407889,-193340.3644109337,0.11040219971562522,0.11398720973435529,0.9981188990914706,7.2294435866166795,14.995872432164532,19.014652077609615,86.5,False,False,False,0,0,1.1624357370744045,False,True,GB1_IgG-Fc_fitness_1FCC,183690,1.0089743357585546
2,1,35,4.0,0.005,234,183690,0.005313299580815505,3.9068561195184355,0.6837345650095717,0.19058221267182893,10.0,0.16127050206964214,4.392750503160795,-93607.52562867058,0.15889050730692056,0.1636504968323637,0.8960073726615057,3.9359368370946113,9.200745175351253,19.014652077609615,2.5,False,False,False,0,0,0.9951990814490841,False,True,GB1_IgG-Fc_fitness_1FCC,183690,1.0047967041182655
2,2,35,4.0,0.02,992,183690,0.023017039577549133,3.755524239211688,0.7089417953533672,0.19828442123623863,10.0,0.14874730385215182,7.359842547336776,-200877.11843362614,0.14673970500633157,0.15075490269797207,0.9539227405028028,7.0207211724246275,14.102200998297063,19.014652077609615,75.0,False,False,False,0,0,1.4344201321350445,False,True,GB1_IgG-Fc_fitness_1FCC,183690,1.0454046584045174
3,0,35,6.0,0.001,43,183690,0.0004681800860144809,4.557604656638014,0.7248272173890005,0.19400587818028414,10.0,0.12367917549884258,6.852659435308494,-183015.7626668492,0.121777669054229,0.12558068194345615,1.0047901045763517,6.885484390629745,14.157907202291774,19.014652077609615,76.0,False,False,False,0,0,1.1595704233501027,False,True,GB1_IgG-Fc_fitness_1FCC,183690,1.0228471180087937
3,1,35,6.0,0.005,193,183690,0.0060427894822799285,5.05285739482616,0.7590065682163953,0.19245840677874668,10.0,0.11881782683478159,7.081051303774625,-189086.53404456459,0.11697468613430101,0.12066096753526218,1.0362543244551805,7.33777003522545,19.345011576065936,19.014652077609615,100.0,True,False,False,0,0,1.2166562890881139,False,True,GB1_IgG-Fc_fitness_1FCC,183690,1.014688464889053
3,2,35,6.0,0.02,933,183690,0.02449779519843214,5.085444384851899,0.7472526445842346,0.1952932674405945,10.0,0.15156094341115725,6.253639509065841,-164058.91737975623,0.14945813541232747,0.15366375140998703,1.0376141026031793,6.488864547203138,12.040093644823745,19.014652077609615,34.5,False,False,False,0,0,1.3239518345525294,False,True,GB1_IgG-Fc_fitness_1FCC,183690,1.0296345535597942
0,0,36,2.0,0.001,60,183690,0.0006532745386248571,1.5870181561667898,0.7595192637729888,0.192650583176059,10.0,0.11425865561078329,6.112871233864295,-154123.3000180903,0.11238137274770858,0.11613593847385799,1.0425764774575284,6.373135758153692,11.919304436917738,19.014652077609615,33.5,False,False,False,0,0,0.9947444597101197,False,True,GB1_IgG-Fc_fitness_1FCC,183690,1.015701666530075
0,1,36,2.0,0.005,235,183690,0.002907071696880614,1.8449051963379484,0.725063503949883,0.18961943660512276,10.0,0.12699706171946845,5.219766805184499,-122661.03128044226,0.12495370408467249,0.1290404193542644,0.9755696426816706,5.092246037015487,9.938319257428955,19.014652077609615,8.5,False,False,False,0,0,0.9713395025739826,False,True,GB1_IgG-Fc_fitness_1FCC,183690,0.9997207098527561
0,2,36,2.0,0.02,901,183690,0.023844520659807283,1.7261294453837022,0.7642133102353079,0.19635371688522213,10.0,0.13007301806578372,7.035519555218393,-189298.90748131706,0.12815386397668718,0.13199217215488027,1.056011391461826,7.429588795163062,13.139606813095543,19.014652077609615,56.49999999999999,False,False,False,0,0,1.5036284790143322,False,True,GB1_IgG-Fc_fitness_1FCC,183690,1.0352255061041467
1,0,36,3.0,0.001,50,183690,0.0005443954488540476,2.447992801836538,0.719877916931251,0.19329357829773092,10.0,0.13183953375103094,6.048099767178787,-155398.4263353414,0.12983420937702414,0.13384485812503774,0.981623496604383,5.936956841270195,12.940144652948785,19.014652077609615,50.5,False,False,False,0,0,1.0415439505881958,False,True,GB1_IgG-Fc_fitness_1FCC,183690,1.0190916963233203
1,1,36,3.0,0.005,223,183690,0.004180957047199086,3.8832692825748616,0.7345838578084121,0.19225455178879533,10.0,0.12543759286259426,6.476221119461353,-169139.3066034685,0.12351495193722918,0.12736023378795935,0.9954735673599528,6.4469069408020605,12.515960922483313,19.014652077609615,43.0,False,False,False,0,0,1.1653788145559403,False,True,GB1_IgG-Fc_fitness_1FCC,183690,1.013613690810457
1,2,36,3.0,0.02,924,183690,0.016097773422614186,2.3974062731819643,0.705657957125757,0.1969355706039449,10.0,0.12752064063000187,6.0241390445290754,-153555.12440864253,0.1255455913281637,0.12949568993184005,0.980050484920403,5.903960391818654,12.72649716905002,19.014652077609615,46.5,False,False,False,0,0,1.014456456785817,False,True,GB1_IgG-Fc_fitness_1FCC,183690,1.0382931832533164
2,0,36,4.0,0.001,45,183690,0.0004899559039686428,3.268702212473489,0.7075623004991721,0.19047663352476332,10.0,0.11510461940239534,8.07401284607644,-221168.52555769356,0.11332709805748174,0.11688214074730895,0.9740789430872071,7.864725899578671,15.407817649718318,19.014652077609615,92.5,False,False,False,0,0,1.3544117566026195,False,True,GB1_IgG-Fc_fitness_1FCC,183690,1.0042400646632614
2,1,36,4.0,0.005,239,183690,0.005177200718601993,4.316285233561052,0.7235240162810659,0.19349368996333943,10.0,0.1461780265749486,5.713831038029345,-143914.3770761477,0.14406479470665542,0.14829125844324179,0.9601920500893463,5.486375138269534,11.56593029812154,19.014652077609615,27.500000000000004,False,False,False,0,0,1.0899291472424646,False,True,GB1_IgG-Fc_fitness_1FCC,183690,1.0201467346673514
2,2,36,4.0,0.02,946,183690,0.01980510642931025,3.089593270391424,0.6890829700795891,0.19857077915397842,10.0,0.14456236853165824,5.193130718774118,-124408.63532622054,0.14239587557699773,0.14672886148631875,0.9412638349014285,4.888106135497737,10.950849822300448,19.014652077609615,18.5,False,False,False,0,0,0.9763938972982181,False,True,GB1_IgG-Fc_fitness_1FCC,183690,1.0469144083854276
3,0,36,6.0,0.001,38,183690,0.0004137405411290762,4.121173083874552,0.7057840849367565,0.19080683253762096,10.0,0.1235630541538731,6.7063027423562795,-177318.17682406493,0.12166214515846836,0.12546396314927785,0.9695496632058553,6.5020935652080345,14.712167634516987,19.014652077609615,81.0,False,False,False,0,0,1.0591978590016489,False,True,GB1_IgG-Fc_fitness_1FCC,183690,1.0059809557735655
3,1,36,6.0,0.005,215,183690,0.0024878872012629974,4.268239174188655,0.7252516257602435,0.19388832607410522,10.0,0.12050060659775715,6.708625108099996,-176530.19812508102,0.11862505478669283,0.12237615840882146,0.9942555834674344,6.670087971118242,13.258323760789462,19.014652077609615,56.99999999999999,False,False,False,0,0,1.1203376662019715,False,True,GB1_IgG-Fc_fitness_1FCC,183690,1.022227354143138
3,2,36,6.0,0.02,939,183690,0.016892590777941096,5.169400472840264,0.7486020242757192,0.1979245936436766,10.0,0.13474432907352807,6.827683422393552,-183245.3061328394,0.1327767096596688,0.13671194848738732,1.0468381559977769,7.147479523635056,16.255796772411614,19.014652077609615,96.0,False,False,False,0,0,1.2814564610069372,False,True,GB1_IgG-Fc_fitness_1FCC,183690,1.043507558071866
0,0,37,2.0,0.001,55,183690,0.0005988349937394523,1.635207734000745,0.7216109883651918,0.1901198729047823,10.0,0.09799935043647935,7.396752052939265,-194272.18158230162,0.09631521014294092,0.09968349073001778,1.002818158219893,7.417597270537765,14.881025165971543,19.014652077609615,84.5,False,False,False,0,0,1.0471619618582662,False,True,GB1_IgG-Fc_fitness_1FCC,183690,1.0023591341709002
0,1,37,2.0,0.005,257,183690,0.010751810114867439,1.972068171715102,0.7322960430703345,0.19433352639153562,10.0,0.12558278884477483,7.328198069204926,-198979.08739312354,0.12370154980873128,0.1274640278808184,1.0180611981054082,7.460554106288505,13.85313108215247,19.014652077609615,70.5,False,False,False,0,0,1.410615987348538,False,True,GB1_IgG-Fc_fitness_1FCC,183690,1.024574560660237
0,2,37,2.0,0.02,975,183690,0.018210027764167892,1.7352543203992754,0.7053743770955484,0.19932776869729887,10.0,0.11034113620855654,7.599806129363374,-205183.3891710022,0.10857112656482319,0.11211114585228989,1.005809622513422,7.643958134150167,15.49198584868027,19.014652077609615,93.0,False,False,False,0,0,1.234509397677994,False,True,GB1_IgG-Fc_fitness_1FCC,183690,1.0509054450489073
1,0,37,3.0,0.001,50,183690,0.0005443954488540476,2.4958084352158436,0.7311748685788013,0.19164958863068957,10.0,0.13798978335657652,6.211291374863042,-161302.16052820312,0.13596939206813913,0.14001017464501392,0.9786785489858265,6.078857630079141,11.256062131688644,19.014652077609615,24.0,False,False,False,0,0,1.1315785123511553,False,True,GB1_IgG-Fc_fitness_1FCC,183690,1.0104241749639578
1,1,37,3.0,0.005,233,183690,0.006026457618814307,2.8084350486930303,0.7381894050127399,0.19413136024628114,10.0,0.1262576896629302,6.620910995868388,-174870.0073176982,0.12433258218682805,0.12818279713903233,1.0123884089297528,6.702933548772702,12.47038420581399,19.014652077609615,42.5,False,False,False,0,0,1.2122481141276498,False,True,GB1_IgG-Fc_fitness_1FCC,183690,1.023508690589845
1,2,37,3.0,0.02,901,183690,0.026125537590505742,2.8748646018416646,0.7093633419217168,0.19675214312990402,10.0,0.12593283158582852,6.503026384978643,-171032.80198961345,0.12399611941193467,0.12786954375972237,1.0136853072492824,6.592022299107266,13.463977950428905,19.014652077609615,63.0,False,False,False,0,0,1.0716970441553488,False,True,GB1_IgG-Fc_fitness_1FCC,183690,1.037326108106181
2,0,37,4.0,0.001,43,183690,0.0026675376993848332,4.37148314264714,0.6998008283504702,0.1885467881158465,10.0,0.14100467967070565,5.874680633152457,-149543.56445853435,0.1389352358729085,0.1430741234685028,0.9352704261183754,5.494415059077866,11.978895054950065,19.014652077609615,34.5,False,False,False,0,0,1.089590910144508,False,True,GB1_IgG-Fc_fitness_1FCC,183690,0.9940654409187233
2,1,37,4.0,0.005,232,183690,0.003103054058468071,3.693643674021467,0.7149555109629547,0.1910541674492345,10.0,0.11730183743753608,6.75450381064234,-177784.23927603487,0.11544671104584263,0.11915696382922954,0.9901136763758822,6.687726600049993,13.062458133446423,19.014652077609615,53.5,False,False,False,0,0,1.0872763539984902,False,True,GB1_IgG-Fc_fitness_1FCC,183690,1.0072849667854986
2,2,37,4.0,0.02,965,183690,0.01773095976917633,3.8094202251513614,0.7124445337270344,0.2022898323072702,10.0,0.11768892885937443,8.195761406713812,-225157.08773402462,0.11590276150256451,0.11947509621618435,1.0021850089802447,8.213669218987423,15.986345498895956,19.014652077609615,95.5,False,False,False,0,0,1.4073098561281898,False,True,GB1_IgG-Fc_fitness_1FCC,183690,1.0665221792181807
3,0,37,6.0,0.001,47,183690,0.0024878872012629974,22.329436125196725,0.7590310844694094,0.19071787794403178,10.0,0.10494740189536704,7.043907003258312,-184533.68283025362,0.10319665323370238,0.1066981505570317,1.0537423752019341,7.422463296314953,17.44119642725881,19.014652077609615,99.0,False,False,False,0,0,1.0531129980548928,False,True,GB1_IgG-Fc_fitness_1FCC,183690,1.005511965088645
3,1,37,6.0,0.005,231,183690,0.0025151069737057,4.217369087136176,0.6675780247074895,0.1881371382703943,10.0,0.14932349525611346,5.738849555500794,-144887.97842922073,0.1471968042474031,0.15145018626482382,0.8807541634421804,5.05451563937563,11.92571883840606,19.014652077609615,33.5,False,False,False,0,0,1.080714981493406,False,True,GB1_IgG-Fc_fitness_1FCC,183690,0.9919056653091196
3,2,37,6.0,0.02,958,183690,0.01498176275246339,4.911757526825893,0.7636505697561771,0.2009778251608819,10.0,0.1580301020262793,5.841336713420914,-149081.25079178717,0.15586080123642462,0.16019940281613396,1.0201484712894462,5.959030718483263,11.703334172627128,19.014652077609615,31.0,False,False,False,0,0,1.2979270297634198,False,True,GB1_IgG-Fc_fitness_1FCC,183690,1.0596049520646653
0,0,38,2.0,0.001,61,183690,0.001317436986226795,1.9329264666400325,0.7246960946165218,0.1902344123731789,10.0,0.11449840417280001,6.50056164619552,-167871.7609821182,0.11265132028509575,0.11634548806050427,0.9898007347177817,6.434260693482558,12.886364709319176,19.014652077609615,50.0,False,False,False,0,0,1.0316083611844877,False,True,GB1_IgG-Fc_fitness_1FCC,183690,1.002963014662804
0,1,38,2.0,0.005,235,183690,0.009995100440960313,1.5605618873719773,0.7324691366861118,0.1887053248801617,10.0,0.10906792801551624,5.687956368457569,-136833.65322902775,0.10719522148580464,0.11094063454522783,1.0157541920518343,5.777565525468704,11.371698672105687,19.014652077609615,24.0,False,False,False,0,0,0.9881341685880564,False,True,GB1_IgG-Fc_fitness_1FCC,183690,0.9949012860693922
0,2,38,2.0,0.02,927,183690,0.017415210408840982,1.6568543101838322,0.685485861139142,0.1926503975221432,10.0,0.14346868471427507,6.095987886628897,-157576.82855661272,0.14140730255549544,0.1455300668730547,0.9173784093172881,5.5923276706530745,11.667541609720654,19.014652077609615,30.5,False,False,False,0,0,1.06643778364945,False,True,GB1_IgG-Fc_fitness_1FCC,183690,1.0157006877165748
1,0,38,3.0,0.001,47,183690,0.0005117317219228047,2.5942421715725925,0.7270940018813719,0.18861855883542006,10.0,0.10688387869458421,6.774391274874097,-175970.3571862838,0.10510248142108732,0.10866527596808111,1.006517288792244,6.81854193920411,13.687242841653841,19.014652077609615,69.0,False,False,False,0,0,1.061488802540745,False,True,GB1_IgG-Fc_fitness_1FCC,183690,0.994443833956923
1,1,38,3.0,0.005,230,183690,0.0033208122380096903,2.6215521096151635,0.7023217879995803,0.19539619613103354,10.0,0.13157418312690766,7.538428076345835,-206403.13442436652,0.12966804530649922,0.1334803209473161,0.96107423080605,7.244988964960805,13.777958781802598,19.014652077609615,69.5,False,False,False,0,0,1.3746893614207547,False,True,GB1_IgG-Fc_fitness_1FCC,183690,1.0301772191499479
1,2,38,3.0,0.02,951,183690,0.025532146551254832,2.839174359006574,0.7102014089760433,0.19550488372490185,10.0,0.16997155277562803,6.013507769408321,-155799.33249060018,0.16774776218713086,0.1721953433641252,0.9570421752579521,5.755180556565135,11.622481618778469,19.014652077609615,29.5,False,False,False,0,0,1.2764575865183416,False,True,GB1_IgG-Fc_fitness_1FCC,183690,1.0307502471076277
2,0,38,4.0,0.001,54,183690,0.0005879470847623714,3.2364594875913335,0.7434264671530333,0.18760865109486793,10.0,0.11787515033170895,5.6245539823263675,-136862.24278339045,0.11592897870099214,0.11982132196242576,1.0297063022024304,5.791638682679238,11.134293335620114,19.014652077609615,21.0,False,False,False,0,0,0.9603669874447874,False,True,GB1_IgG-Fc_fitness_1FCC,183690,0.9891193498146508
2,1,38,4.0,0.005,223,183690,0.0024280037018890523,3.1279363632656767,0.7509744647943762,0.1916379270472444,10.0,0.13719270421027357,5.049017219226564,-118067.11011752475,0.13505316712701584,0.1393322412935313,1.021572985535544,5.157939594665651,10.012486972013917,19.014652077609615,9.0,False,False,False,0,0,1.0223712976211945,False,True,GB1_IgG-Fc_fitness_1FCC,183690,1.0103626922030735
2,2,38,4.0,0.02,938,183690,0.0322663182535794,3.061038372046714,0.7524425420923001,0.20128920587372878,10.0,0.13897287503689018,6.596076787736183,-176235.41927365644,0.13695660305971824,0.14098914701406212,1.0709849540751568,7.064298995589843,13.108482489990926,19.014652077609615,55.50000000000001,False,False,False,0,0,1.315840225698558,False,True,GB1_IgG-Fc_fitness_1FCC,183690,1.0612466284289404
3,0,38,6.0,0.001,40,183690,0.0011595623060591212,1.2109674431683248,0.7059393496541274,0.190097273678508,10.0,0.10486944947807357,6.67522804675174,-171670.66538473265,0.10309956402013855,0.10663933493600859,0.9830169965772841,6.561862625986347,13.94015790102736,19.014652077609615,73.0,False,False,False,0,0,0.9930606039521848,False,True,GB1_IgG-Fc_fitness_1FCC,183690,1.0022399854436517
3,1,38,6.0,0.005,255,183690,0.00629321138875279,5.597606747793583,0.7266682004940903,0.19213616549597723,10.0,0.11064856752534283,7.173616864019519,-190604.53761142585,0.10886371565131983,0.11243341939936582,1.0016204504878463,7.185241354966442,14.202557242574455,19.014652077609615,76.5,False,False,False,0,0,1.1653010507987063,False,True,GB1_IgG-Fc_fitness_1FCC,183690,1.0129895289058974
3,2,38,6.0,0.02,943,183690,0.025390603734552777,3.5642227634757973,0.7527177772324571,0.19792664098539003,10.0,0.14462399378524982,6.125218948674896,-159031.62511668284,0.14255439375907294,0.1466935938114267,1.0248065770679875,6.2771646645834975,14.678748819392919,19.014652077609615,81.0,False,False,False,0,0,1.2162916463308593,False,True,GB1_IgG-Fc_fitness_1FCC,183690,1.043518352165276
0,0,39,2.0,0.001,53,183690,0.0005770591757852904,2.1630518231251763,0.7876022844066066,0.19242319743247208,10.0,0.11319151982031862,7.359991668735147,-197384.72578919085,0.11139850792187708,0.11498453171876016,1.0904729131649984,8.025871555875733,13.819475100244862,19.014652077609615,70.0,False,False,False,0,0,1.4271466434502786,False,True,GB1_IgG-Fc_fitness_1FCC,183690,1.0145028324808922
0,1,39,2.0,0.005,209,183690,0.003571234144482552,2.365212488157268,0.7276027354859913,0.19213272892197952,10.0,0.12226562597628503,6.115129765786044,-155780.20968597615,0.12033535060073149,0.12419590135183857,0.9897181006886534,6.052254617258414,11.877121443491207,19.014652077609615,33.5,False,False,False,0,0,1.007647971004409,False,True,GB1_IgG-Fc_fitness_1FCC,183690,1.0129714104352492
0,2,39,2.0,0.02,984,183690,0.02036038978714138,1.507261617669782,0.737886028078417,0.1904203349551301,10.0,0.15123304144893673,4.984299694754633,-116574.65972345369,0.14900509005402326,0.1534609928438502,0.9808421531546498,4.888811244571199,10.84325308251164,19.014652077609615,17.5,False,False,False,0,0,1.0498185204508097,False,True,GB1_IgG-Fc_fitness_1FCC,183690,1.0039432446378196
1,0,39,3.0,0.001,39,183690,0.0042299526375959495,2.8316138112092553,0.7512309209493674,0.1909653559551218,10.0,0.1039224308004234,8.81448610080661,-240800.317645796,0.10225290875714013,0.10559195284370668,1.033198448985538,9.107113367957972,16.49752336677322,19.014652077609615,97.0,False,False,False,0,0,1.4853345529284057,False,True,GB1_IgG-Fc_fitness_1FCC,183690,1.0068167305565179
1,1,39,3.0,0.005,216,183690,0.0038162120964668734,1.891891576650672,0.6952714306989514,0.18882826143652903,10.0,0.12268827651829049,5.696147520714565,-140410.8603021328,0.12071793622690374,0.12465861680967724,0.9580490263844553,5.457188586362817,11.150019537065793,19.014652077609615,22.0,False,False,False,0,0,1.0214667443828658,False,True,GB1_IgG-Fc_fitness_1FCC,183690,0.9955494380921953
1,2,39,3.0,0.02,927,183690,0.022608742990908596,3.015656652643695,0.6741919612933098,0.19875433565960435,10.0,0.14627638480163024,6.492689642185179,-172187.07495678694,0.14422393533488573,0.14832883426837476,0.913250605691157,5.929452748290315,12.772838352068648,19.014652077609615,47.5,False,False,False,0,0,1.1033227306641535,False,True,GB1_IgG-Fc_fitness_1FCC,183690,1.047882163819089
2,0,39,4.0,0.001,50,183690,0.0009744678534487452,3.6138076895996205,0.6632224606991873,0.19364639840936534,10.0,0.10133629061319586,8.897913203313577,-242761.176376962,0.09968491122551504,0.10298767000087669,0.9255527892646306,8.235488383961464,18.00086327070214,19.014652077609615,99.0,False,False,False,0,0,1.1633173720664973,False,True,GB1_IgG-Fc_fitness_1FCC,183690,1.020951851478132
2,1,39,4.0,0.005,255,183690,0.003647449507322119,2.927139657288874,0.7288930415354935,0.19052425726951483,10.0,0.1140878902016748,7.161398433480271,-190652.09698488144,0.11228396056909895,0.11589181983425065,0.996555581095466,7.136731577333093,13.953383034523538,19.014652077609615,73.0,False,False,False,0,0,1.1516357084212672,False,True,GB1_IgG-Fc_fitness_1FCC,183690,1.0044911488599093
2,2,39,4.0,0.02,854,183690,0.021677826773368176,3.111674309139837,0.7828731363995711,0.1965634620229288,10.0,0.1648921408450818,5.485179335739079,-136419.50542274665,0.162645033965937,0.16713924772422661,1.044033640090629,5.726711748441569,11.42913956843005,19.014652077609615,24.5,False,False,False,0,0,1.305839321877963,False,True,GB1_IgG-Fc_fitness_1FCC,183690,1.0363313345029144
3,0,39,6.0,0.001,47,183690,0.0023027927486526214,15.66844726046488,0.6972062366689985,0.19370764872594096,10.0,0.1409412187894937,5.127828570872784,-121101.81793658377,0.13879512503079391,0.14308731254819348,0.9369983223259644,4.804766768082946,13.114458709338253,19.014652077609615,55.50000000000001,False,False,False,0,0,1.0349119771390567,False,True,GB1_IgG-Fc_fitness_1FCC,183690,1.0212747783418648
3,1,39,6.0,0.005,243,183690,0.0029941749686972618,4.082957224064262,0.6906779940378505,0.19319662547381555,10.0,0.12936820947734384,6.47736334641951,-170042.46124421735,0.1274176736461023,0.1313187453085854,0.9370679094820654,6.069729329985086,13.34603774174202,19.014652077609615,59.5,False,False,False,0,0,1.0153177715321138,False,True,GB1_IgG-Fc_fitness_1FCC,183690,1.0185805369839498
3,2,39,6.0,0.02,913,183690,0.02600032663726931,5.593135256092262,0.7300256677582964,0.19784388168715675,10.0,0.166945478091927,6.371008962016254,-167887.4143219107,0.16477380538707243,0.16911715079678158,0.9785668382981458,6.234458096729397,12.632089416429997,19.014652077609615,45.0,False,False,False,0,0,1.3756283308270232,False,True,GB1_IgG-Fc_fitness_1FCC,183690,1.0430820246143775
0,0,0,2.0,0.001,10,52149,0.0011505493873324513,1.7719107234261764,0.749193869200155,0.7739051565816437,10.0,0.26477170202323913,2.258616348262987,-4587.204864905478,0.2568701137454168,0.27267329030106147,0.9412017064944096,2.1258135613012947,4.84278698887272,5.877343633877388,62.5,False,False,False,0,0,1.5437392795883362,False,True,GB1_IgG-Fc_fitness_1FCC_2016,52149,0.9742602018358315
0,1,0,2.0,0.005,58,52149,0.004429615141229937,1.7533535335786683,0.754776205059887,0.7940171338677453,10.0,0.20903489400625877,2.443829230437545,-6061.24428545314,0.2022097126997716,0.21586007531274595,0.9864927296289863,2.4108197682814385,5.297656399508629,5.877343633877388,92.5,False,False,False,0,0,2.82258064516129,False,True,GB1_IgG-Fc_fitness_1FCC_2016,52149,0.9995789361580364
0,2,0,2.0,0.02,225,52149,0.020230493393928933,1.7582483864960117,0.7287985026718444,0.828187162910464,10.0,0.23755747775200056,2.379076600089603,-5579.107103952527,0.2302719253430521,0.24484303016094902,0.9481918218810635,2.255820975833567,5.094922268127194,5.877343633877388,82.5,False,False,False,0,1,10.0,False,True,GB1_IgG-Fc_fitness_1FCC_2016,52149,1.0425951883548046
1,0,0,3.0,0.001,10,52149,0.0008053845711327159,2.27931357521638,0.75460883447392,0.8366515370117146,10.0,0.3895227219615852,2.1176244293301414,-3171.4073080976086,0.3800744399434003,0.39897100397977014,0.8738424091397137,1.850470032978962,4.15841681079195,5.877343633877388,7.000000000000001,False,False,False,0,0,1.886792452830189,False,True,GB1_IgG-Fc_fitness_1FCC_2016,52149,1.053250890478206
1,1,0,3.0,0.005,53,52149,0.004429615141229937,2.3501697354973756,0.7457312647463199,0.8196034239256916,10.0,0.2284806839882757,2.646787446104273,-8073.214951581496,0.221854048026663,0.2351073199498884,0.9611539541981534,2.543970219745154,5.696397452297753,5.877343633877388,98.5,False,False,False,3,1,10.0,False,False,GB1_IgG-Fc_fitness_1FCC_2016,52149,1.031789219167638
1,2,0,3.0,0.02,216,52149,0.019329229707185182,2.296000538130361,0.7196023480185709,0.8339283965735338,10.0,0.2684981953131643,2.1926474780253065,-4102.071873254521,0.2603264575305231,0.27666993309580556,0.929546160614875,2.0381670447803124,4.888593385299354,5.877343633877388,67.5,False,False,False,0,1,10.0,False,True,GB1_IgG-Fc_fitness_1FCC_2016,52149,1.0498227606481272
2,0,0,4.0,0.001,6,52149,0.000517747224299603,2.547796623383319,0.7637476008554356,0.8115336042593144,10.0,0.352979254069094,2.0820125473667215,-3126.9383951033815,0.34362705658395,0.36233145155423796,0.9161830000410489,1.9075045017695496,4.3360701023748085,5.877343633877388,18.5,False,False,False,0,0,0.9745795180261292,False,True,GB1_IgG-Fc_fitness_1FCC_2016,52149,1.021630217034004
2,1,0,4.0,0.005,53,52149,0.0044679667874743525,2.5959537848068908,0.7356077929742009,0.7713396503202237,10.0,0.27095333613688194,2.2482343261552757,-4527.876195697812,0.26295000908939803,0.27895666318436585,0.9266943005624896,2.0834259363770435,4.90343321242155,5.877343633877388,69.0,False,False,False,0,1,10.0,False,True,GB1_IgG-Fc_fitness_1FCC_2016,52149,0.9710305158377405
2,2,0,4.0,0.02,190,52149,0.015954284837676656,2.5550121766553837,0.7883862023807482,0.8269303694213247,10.0,0.19910753301379627,2.525318519117829,-6846.830593649356,0.19254127334296786,0.20567379268462468,1.067937196052133,2.696881578445219,5.667188475389696,5.877343633877388,98.5,False,False,False,3,3,59.99999999999999,False,False,GB1_IgG-Fc_fitness_1FCC_2016,52149,1.0410130256466463
3,0,0,6.0,0.001,10,52149,0.0006711538092772632,2.186645824328627,0.730439188790935,0.8096379180416547,10.0,0.27851190007479615,2.1631096009800848,-3875.4056380764814,0.27013543139762813,0.28688836875196416,0.9206623121624191,1.9914934866990528,4.726249295963398,5.877343633877388,53.0,False,False,False,0,2,2.4013722126929675,False,True,GB1_IgG-Fc_fitness_1FCC_2016,52149,1.0192437596996295
3,1,0,6.0,0.005,52,52149,0.007325164432683273,3.2527213230252787,0.7783143035587795,0.7670854737020352,10.0,0.15502562936591147,2.8116481556900874,-9090.659704993042,0.14948006583135756,0.16057119290046537,1.0646104787142805,2.993310089005348,6.528172365941414,5.877343633877388,100.0,True,False,False,3,1,10.58467741935484,False,False,GB1_IgG-Fc_fitness_1FCC_2016,52149,0.9656749823651523
3,2,0,6.0,0.02,213,52149,0.021496097719994632,2.911078273437596,0.7450224669225836,0.8611362125196044,10.0,0.26044627120782865,2.5423875186658917,-7054.4888923864055,0.2533231926427588,0.2675693497728985,0.9453134132553652,2.4033530230878926,5.538947974883729,5.877343633877388,97.5,False,False,False,2,2,11.663807890222985,False,False,GB1_IgG-Fc_fitness_1FCC_2016,52149,1.0840743637414767
0,0,1,2.0,0.001,8,52149,0.001073846094843621,1.6087701381344486,0.7608699445420077,0.7685618543119803,10.0,0.17392167358808788,2.4213934319691486,-5611.450513311895,0.16745349160423492,0.18038985557194084,1.0201269255204133,2.470128637230009,5.379085736390616,5.877343633877388,94.5,False,False,False,0,0,3.024193548387097,False,True,GB1_IgG-Fc_fitness_1FCC_2016,52149,0.9675335807461025
0,1,1,2.0,0.005,58,52149,0.005829450229151086,1.482156974308829,0.7628515570473481,0.8148207657344134,10.0,0.33709006244479495,2.0999757308603257,-3305.01154938314,0.32794805318019,0.3462320717093999,0.924694858139803,1.941836760544918,4.477026409383364,5.877343633877388,32.0,False,False,False,0,0,1.2006861063464838,False,True,GB1_IgG-Fc_fitness_1FCC_2016,52149,1.025768386388428
0,2,1,2.0,0.02,227,52149,0.023413680032215382,1.8768134611614744,0.7523526801902243,0.8285698011071109,10.0,0.21840318126860545,2.558944611378018,-7146.812087289814,0.21172794436562178,0.2250784181715891,0.9870764605520915,2.5258739897478613,5.5565375134505945,5.877343633877388,98.0,False,False,False,2,0,10.0,False,False,GB1_IgG-Fc_fitness_1FCC_2016,52149,1.0430768871308431
1,0,1,3.0,0.001,8,52149,0.0010163186254769985,1.4908844128503012,0.746171053539827,0.8111796901301961,10.0,0.19247163332320955,2.698103451048055,-8375.256217775546,0.18632184859631734,0.19862141805010175,0.980190650525145,2.644655776866932,6.0214717722281765,5.877343633877388,99.5,True,False,False,3,0,6.653225806451613,False,False,GB1_IgG-Fc_fitness_1FCC_2016,52149,1.0211846786525434
1,1,1,3.0,0.005,60,52149,0.004352911848741107,2.353201144822401,0.7321632449140052,0.809689535774183,10.0,0.32219531954014113,1.9764763422947949,-2544.084842506738,0.3125530457966112,0.3318375932836711,0.9211704752031691,1.8206716514595176,4.364183341595665,5.877343633877388,20.5,False,False,False,0,0,1.886792452830189,False,True,GB1_IgG-Fc_fitness_1FCC_2016,52149,1.0193087406628438
1,2,1,3.0,0.02,231,52149,0.022780877869182533,2.2498645352162163,0.7155610715422768,0.8714523588155505,10.0,0.3037043268319894,2.1499202070059655,-3771.2774253380485,0.2950426156838695,0.31236603798010926,0.9094788560397336,1.9553069704444925,4.845744053254737,5.877343633877388,63.0,False,False,False,0,1,10.0,False,True,GB1_IgG-Fc_fitness_1FCC_2016,52149,1.0970612403464217
2,0,1,4.0,0.001,10,52149,0.0011505493873324513,2.7890080597319766,0.7267549799939861,0.8420122034465666,10.0,0.4080879169633447,2.0689765254543255,-2783.04679621596,0.3982898689722816,0.4178859649544078,0.836043075160661,1.729753496776054,4.22744303112098,5.877343633877388,10.5,False,False,False,0,1,2.572898799313894,False,True,GB1_IgG-Fc_fitness_1FCC_2016,52149,1.0599993711135622
2,1,1,4.0,0.005,43,52149,0.003911867916930334,2.709704386701823,0.7655822981092476,0.7813010620681853,10.0,0.2630327321005946,2.3909650422858335,-5758.190116108977,0.25550957687805437,0.2705558873231348,0.9813151650421238,2.346290255080671,5.374774361186488,5.877343633877388,94.5,False,False,False,1,0,3.9314516129032255,False,True,GB1_IgG-Fc_fitness_1FCC_2016,52149,0.9835708212454549
2,2,1,4.0,0.02,224,52149,0.022838405338549157,2.830198062043315,0.7226325334146493,0.8701866443390868,10.0,0.22388583094803752,2.25144192716558,-4532.227277750499,0.21635778750295098,0.23141387439312405,0.9741504238846408,2.1932431077000025,5.150314814367411,5.877343633877388,86.0,False,False,False,0,3,80.0,False,True,GB1_IgG-Fc_fitness_1FCC_2016,52149,1.0954678471110633
3,0,1,6.0,0.001,10,52149,0.0008245603942549234,1.9375976465871108,0.7650209676117048,0.7853810344019501,10.0,0.25969103764795287,2.4152566624758096,-5950.8261849921255,0.25226984993004675,0.267112225365859,0.9650392372361871,2.3308174472852743,5.131426446287584,5.877343633877388,85.0,False,False,False,0,1,10.0,False,True,GB1_IgG-Fc_fitness_1FCC_2016,52149,0.9887070509702132
3,1,1,6.0,0.005,52,52149,0.003911867916930334,3.746317417260512,0.7720939205279587,0.7825653723611081,10.0,0.22904167064074596,2.756012377427479,-9088.066146083002,0.22260623417298794,0.23547710710850397,0.9790193260714688,2.698189380393677,5.738314155462459,5.877343633877388,98.5,False,False,False,4,1,10.0,False,False,GB1_IgG-Fc_fitness_1FCC_2016,52149,0.9851624467704829
3,2,1,6.0,0.02,236,52149,0.02003873516270686,2.8762512367435074,0.7090413786813162,0.915982990023185,10.0,0.32277542858756586,2.188956309450272,-3948.4063976447796,0.3141236342063047,0.33142722296882704,0.8728137532197856,1.9105511720854227,4.743070501495346,5.877343633877388,53.5,False,False,False,0,3,59.99999999999999,False,True,GB1_IgG-Fc_fitness_1FCC_2016,52149,1.153120334124601
0,0,2,2.0,0.001,12,52149,0.001035494448599206,1.2330050178410081,0.7373467344276071,0.7842964750909801,10.0,0.3619237510848917,1.9746822604225263,-2428.3861207224545,0.35194896502411355,0.3718985371456699,0.8899853829375347,1.7574383477220987,4.104906706879353,5.877343633877388,5.0,False,False,False,0,0,0.9031251434078288,False,True,GB1_IgG-Fc_fitness_1FCC_2016,52149,0.9873417118660318
0,1,2,2.0,0.005,63,52149,0.004506318433718767,2.2190410063793964,0.7523930336325775,0.7971634355969669,10.0,0.2797742818628864,2.297418926023721,-4905.596847509121,0.2718512282665396,0.28769733545923315,0.9382390701161232,2.1555281968196787,4.803431740577709,5.877343633877388,59.0,False,False,False,0,0,1.7152658662092626,False,True,GB1_IgG-Fc_fitness_1FCC_2016,52149,1.003539778816441
0,2,2,2.0,0.02,224,52149,0.020863295556961783,1.8765895427182604,0.7585492675136581,0.8400656082893383,10.0,0.268084512350568,2.337127421059887,-5281.098010072048,0.2603767955813994,0.2757922291197366,0.973561875320346,2.275338154909668,5.316134426312869,5.877343633877388,92.5,False,False,False,1,2,3.773584905660378,False,True,GB1_IgG-Fc_fitness_1FCC_2016,52149,1.0575488251071876
1,0,2,3.0,0.001,10,52149,0.0009396153329881685,2.571733156993187,0.756357157077911,0.7990740754715346,10.0,0.35667784332582714,2.0888136785080973,-3154.641033311549,0.3473322672531091,0.36602341939854516,0.9028156290628682,1.8858136351574115,4.283790441441533,5.877343633877388,13.5,False,False,False,0,0,1.37221269296741,False,True,GB1_IgG-Fc_fitness_1FCC_2016,52149,1.0059450611356002
1,1,2,3.0,0.005,52,52149,0.0045446700799631826,1.9441025950747044,0.734708064088756,0.8023698690249637,10.0,0.5234055908704249,1.9685050729806397,-1726.4137821610202,0.5123658772585574,0.5344453044822924,0.7989360579934631,1.5727096831472869,3.961313405171937,5.877343633877388,0.5,False,False,False,0,0,10.0,False,True,GB1_IgG-Fc_fitness_1FCC_2016,52149,1.010094097313051
1,2,2,3.0,0.02,232,52149,0.020172965924562313,2.250421880237253,0.742875235188058,0.8524550751453711,10.0,0.276560439799443,2.284145036750983,-4830.897124622192,0.2686184733651924,0.2845024062336936,0.9488986342983152,2.1674221059122827,5.063937942813698,5.877343633877388,81.5,False,False,False,0,3,40.0,False,True,GB1_IgG-Fc_fitness_1FCC_2016,52149,1.073145780854469
2,0,2,4.0,0.001,8,52149,0.000958791156110376,3.093792674779298,0.7417227641609345,0.7967878462818051,10.0,0.3829149643057973,1.9673701800127605,-2327.3426295566314,0.3727380739146982,0.3930918546968964,0.8837987290288865,1.7387592646246093,4.045402602302195,5.877343633877388,3.5000000000000004,False,False,False,0,0,10.0,False,True,GB1_IgG-Fc_fitness_1FCC_2016,52149,1.0030669537953323
2,1,2,4.0,0.005,56,52149,0.005599340351684596,3.1037457333204657,0.7131566384243804,0.7942856427424363,10.0,0.23513878494405036,2.1203144456848353,-3490.577439174638,0.22704305351496623,0.24323451637313448,0.9315979678339417,1.9752806287689428,4.831968418902722,5.877343633877388,61.5,False,False,False,0,1,10.0,False,True,GB1_IgG-Fc_fitness_1FCC_2016,52149,0.9999169588578807
2,2,2,4.0,0.02,238,52149,0.019003240714107653,2.843326242426748,0.7272324122204736,0.852453754145354,10.0,0.20932189505887464,2.388882553770395,-5672.551112761314,0.20232938302533354,0.21631440709241573,0.9853551556953389,2.353897740708306,5.452666239604976,5.877343633877388,95.5,False,False,False,1,3,40.0,False,False,GB1_IgG-Fc_fitness_1FCC_2016,52149,1.0731441178629095
3,0,2,6.0,0.001,10,52149,0.0006519779861550557,3.5595851262295524,0.7250948841261063,0.7859565247131349,10.0,0.3174935817170085,2.16886773721835,-3829.8560365204758,0.30880200878067443,0.3261851546533425,0.8856892969278849,1.9209429413064933,4.853465583122155,5.877343633877388,63.5,False,False,False,0,1,2.4013722126929675,False,True,GB1_IgG-Fc_fitness_1FCC_2016,52149,0.989431529030556
3,1,2,6.0,0.005,67,52149,0.007133406201461198,2.8082591745895638,0.7430680808121469,0.8210714394748412,10.0,0.40970932140620253,2.049881498359399,-2689.809567123826,0.3997947228212414,0.41962391999116366,0.8703515070253781,1.7841174513205436,4.022275956611276,5.877343633877388,2.5,False,False,False,0,2,20.0,False,True,GB1_IgG-Fc_fitness_1FCC_2016,52149,1.0336372868708306
3,2,2,6.0,0.02,216,52149,0.018677251721030127,3.1444706699502603,0.733444582349644,0.832112001091622,10.0,0.2502684622993547,2.4169780910849767,-5961.134313076269,0.24294554746386698,0.25759137713484237,0.9497272945448135,2.295470063420223,5.373909877000901,5.877343633877388,94.0,False,False,False,0,2,13.893653516295029,False,True,GB1_IgG-Fc_fitness_1FCC_2016,52149,1.0475361214989094
0,0,3,2.0,0.001,12,52149,0.0009396153329881685,1.8317838695873352,0.7633939954314597,0.7849021851357523,10.0,0.2269406625039833,2.362279344360498,-5413.075268776942,0.21971881936632962,0.23416250564163696,0.9831892583755396,2.3225676766576537,5.153999042156699,5.877343633877388,86.0,False,False,False,0,0,2.116935483870968,False,True,GB1_IgG-Fc_fitness_1FCC_2016,52149,0.9881042331975607
0,1,3,2.0,0.005,63,52149,0.006558131507794972,1.4873324907275585,0.7424242749787113,0.8132744671538352,10.0,0.3908784597358342,2.2093376759018715,-3737.9993980925647,0.38180038345631867,0.3999565360153497,0.8527317530201763,1.8839723893853253,4.291451368171007,5.877343633877388,14.000000000000002,False,False,False,0,0,1.1246095105866019,False,True,GB1_IgG-Fc_fitness_1FCC_2016,52149,1.0238217690873277
0,2,3,2.0,0.02,220,52149,0.021400218604383594,1.8451667633990065,0.7412587264637155,0.8294668337833384,10.0,0.32671165946249014,2.177360146899841,-3878.1776457127125,0.317977010140518,0.3354463087844623,0.9137932202583056,1.989656940297703,4.666765401240801,5.877343633877388,47.0,False,False,False,0,1,10.0,False,True,GB1_IgG-Fc_fitness_1FCC_2016,52149,1.0442061511353045
1,0,3,3.0,0.001,11,52149,0.0010930219179658286,1.5669472890716796,0.7405415288059588,0.7882183218763605,10.0,0.22157341171125436,2.286451644678603,-4776.412764020526,0.2141886144932869,0.2289582089292218,0.9637276460784463,2.2035166613983024,5.00223998876363,5.877343633877388,76.5,False,False,False,0,0,1.886792452830189,False,True,GB1_IgG-Fc_fitness_1FCC_2016,52149,0.9922788791767795
1,1,3,3.0,0.005,61,52149,0.005810274406028879,2.519006352128118,0.7592781271617259,0.8094374613106872,10.0,0.2783375131025442,2.4325645758685845,-6066.770016725146,0.2707962931080923,0.2858787330969961,0.94482261518885,2.298342024187912,5.359218820733996,5.877343633877388,93.5,False,False,False,1,1,10.0,False,True,GB1_IgG-Fc_fitness_1FCC_2016,52149,1.0189914070521364
1,2,3,3.0,0.02,238,52149,0.019003240714107653,2.327803029324711,0.7441709667081454,0.8502130116673378,10.0,0.3028964983480745,2.2041855570488744,-4152.846047182131,0.29445210505265595,0.3113408916434931,0.9360100752305167,2.063139889075335,4.778657414521622,5.877343633877388,56.49999999999999,False,False,False,0,2,10.0,False,True,GB1_IgG-Fc_fitness_1FCC_2016,52149,1.07032327321505
2,0,3,4.0,0.001,11,52149,0.0011313735642102438,3.5461096233877734,0.750722913074295,0.7965294403138526,10.0,0.17070570094875745,2.401713999154764,-5396.0068552176235,0.16423851146460985,0.17717289043290504,1.0134694439793768,2.4340637513208643,5.418826065273745,5.877343633877388,95.0,False,False,False,0,0,1.7137096774193548,False,False,GB1_IgG-Fc_fitness_1FCC_2016,52149,1.0027416495272938
2,1,3,4.0,0.005,45,52149,0.004122801971274617,3.4365348244598493,0.7709253789335331,0.8121236887754948,10.0,0.2554435243438811,2.584608997464758,-7428.147563118197,0.24845561124123827,0.262431437446524,0.9600640809200158,2.4813902616886065,5.276784311599933,5.877343633877388,90.5,False,False,False,3,2,29.999999999999996,False,True,GB1_IgG-Fc_fitness_1FCC_2016,52149,1.0223730675692988
2,2,3,4.0,0.02,212,52149,0.02101670214193944,2.655723551103196,0.736799097463771,0.8313821648236135,10.0,0.19575485989140878,2.4248194988417193,-5859.743706290057,0.18902312645321773,0.20248659332959984,0.9998328656839618,2.424414228293264,5.64364226172544,5.877343633877388,98.5,False,False,False,1,2,5.660377358490567,False,False,GB1_IgG-Fc_fitness_1FCC_2016,52149,1.0466173391084188
3,0,3,6.0,0.001,11,52149,0.0010546702717214136,3.3276088245300444,0.7386573304571766,0.7997196237363515,10.0,0.22812418797198208,2.186364963620703,-3968.4292645995156,0.22035126718966513,0.23589710875429903,0.9606532883673762,2.100338691873447,4.628628391227672,5.877343633877388,44.0,False,False,False,0,0,10.0,False,True,GB1_IgG-Fc_fitness_1FCC_2016,52149,1.0067577343390626
3,1,3,6.0,0.005,49,52149,0.0044679667874743525,2.731332983838876,0.7262362356570782,0.8048441178247343,10.0,0.25622965284656524,2.2738393534613652,-4730.4513208887365,0.24845043516907098,0.2640088705240595,0.9313750361750736,2.1177972100863847,4.976998786364578,5.877343633877388,75.5,False,False,False,0,1,10.0,False,True,GB1_IgG-Fc_fitness_1FCC_2016,52149,1.0132089003539095
3,2,3,6.0,0.02,226,52149,0.02105505378818386,3.291692227568586,0.7390785521794325,0.8493809163255288,10.0,0.21949934004606428,2.5726764736476357,-7419.120594911656,0.2128049927289728,0.22619368736315576,0.9960860744542742,2.562607209476538,5.786486560569094,5.877343633877388,98.5,False,False,False,2,3,40.0,False,False,GB1_IgG-Fc_fitness_1FCC_2016,52149,1.0692757580657284
0,0,4,2.0,0.001,18,52149,0.0023778020671537327,1.9830128181890778,0.7541205825652065,0.8071924546472532,10.0,0.2657121205410489,2.359095461244647,-5425.909277417028,0.258095360491019,0.27332888059107885,0.9469712602073751,2.233995601884342,4.963210014105783,5.877343633877388,74.0,False,False,False,0,0,1.7137096774193548,False,True,GB1_IgG-Fc_fitness_1FCC_2016,52149,1.016165194270843
0,1,4,2.0,0.005,55,52149,0.005465109589829143,2.0722047964975956,0.7235188305737049,0.8022649108905667,10.0,0.2790722728834836,2.0889084042424133,-3315.053882624663,0.2703884535171198,0.28775609224984733,0.9203616484696643,1.9225511824306836,4.493938816822884,5.877343633877388,33.5,False,False,False,0,0,1.128906429259786,False,True,GB1_IgG-Fc_fitness_1FCC_2016,52149,1.0099619667382225
0,2,4,2.0,0.02,239,52149,0.02172620759746112,1.8821042429644066,0.6965233218443274,0.8507747741455367,10.0,0.3104723903375573,1.9657525450442186,-2484.7430504608783,0.3008757643804636,0.320069016294651,0.8946533968542785,1.758667191798753,4.286683059839807,5.877343633877388,14.000000000000002,False,False,False,0,1,10.0,False,True,GB1_IgG-Fc_fitness_1FCC_2016,52149,1.0710304694660884
1,0,4,3.0,0.001,8,52149,0.0007286812786438858,1.6053784113395269,0.7500451659687395,0.8066236213829249,10.0,0.214073160120477,2.779752155925124,-9292.534690070344,0.20782158058328204,0.22032473965767196,0.9642805476971749,2.6804609313778816,5.648250687681896,5.877343633877388,98.5,False,False,False,3,0,4.133064516129033,False,False,GB1_IgG-Fc_fitness_1FCC_2016,52149,1.0154490966893728
1,1,4,3.0,0.005,53,52149,0.005637691997929011,2.262687095943313,0.7386824165828954,0.7943405915266157,10.0,0.3663286250314842,2.1653968256902703,-3604.7058404402924,0.35725055821427915,0.3754066918486893,0.8713057119186024,1.8867226227943428,4.430023662429806,5.877343633877388,26.5,False,False,False,0,1,10.0,False,True,GB1_IgG-Fc_fitness_1FCC_2016,52149,0.9999861332432818
1,2,4,3.0,0.02,233,52149,0.020211317570806728,2.439239177204312,0.7389785795934194,0.848828906275983,10.0,0.17541325686437992,3.244510031208054,-13988.8710738644,0.1701038177645995,0.18072269596416032,1.0025325786498704,3.252727008042382,7.431533932270209,5.877343633877388,100.0,True,False,False,4,2,16.028225806451612,False,False,GB1_IgG-Fc_fitness_1FCC_2016,52149,1.0685808390337097
2,0,4,4.0,0.001,14,52149,0.0008437362173771309,4.146848671650328,0.7579966216136189,0.7875134577757635,10.0,0.2771336028980647,2.3217126397628585,-5099.68549849838,0.26931068595841723,0.2849565198377122,0.9399316078145854,2.1822510943757485,4.969342555988103,5.877343633877388,75.0,False,False,False,0,1,3.259005145797599,False,True,GB1_IgG-Fc_fitness_1FCC_2016,52149,0.9913915339574405
2,1,4,4.0,0.005,58,52149,0.004218681086885654,2.8844328420555962,0.7445489204507431,0.8007146359351722,10.0,0.23617617557340323,2.38879075748967,-5692.87434969598,0.22892329532186242,0.24342905582494404,0.9632124342540143,2.3009129604451157,5.385858355057695,5.877343633877388,95.0,False,False,False,0,1,10.0,False,True,GB1_IgG-Fc_fitness_1FCC_2016,52149,1.0080103436251073
2,2,4,4.0,0.02,228,52149,0.021496097719994632,2.8115531756793373,0.709711520650506,0.8596925234245342,10.0,0.2381414374294986,2.4083209921546427,-5878.668946023914,0.2309170997402213,0.2453657751187759,0.9289318090626769,2.2371659760458336,5.5892409843586055,5.877343633877388,98.0,False,False,False,0,3,40.0,False,False,GB1_IgG-Fc_fitness_1FCC_2016,52149,1.0822569203284311
3,0,4,6.0,0.001,7,52149,0.00034516481619973537,2.9886313925711354,0.7624914042931454,0.8129544692811999,10.0,0.29856810654413407,2.0696470760800962,-3172.510210781882,0.2896131144889189,0.30752309859934923,0.9561107030065423,1.9788117208863758,4.396356726228825,5.877343633877388,23.0,False,False,False,0,0,1.2217979868101352,False,True,GB1_IgG-Fc_fitness_1FCC_2016,52149,1.0234189274867396
3,1,4,6.0,0.005,50,52149,0.005982856814128746,3.276443713557609,0.7423967963108348,0.7895566252380206,10.0,0.198199467920764,2.606700649853372,-7521.037739665306,0.19182964937392916,0.20456928646759887,0.9802698888211002,2.5552701562216544,5.75829276759432,5.877343633877388,98.5,False,False,False,1,3,59.99999999999999,False,False,GB1_IgG-Fc_fitness_1FCC_2016,52149,0.9939636537155714
3,2,4,6.0,0.02,205,52149,0.01815950449673052,2.97807839568098,0.7441847023231059,0.8328151028429901,10.0,0.26043260263475004,2.2586254602168214,-4628.756398345751,0.25256081206268116,0.2683043932068189,0.9656171448541893,2.180967468189546,4.986883240299293,5.877343633877388,76.0,False,False,False,0,2,10.0,False,True,GB1_IgG-Fc_fitness_1FCC_2016,52149,1.0484212481172985
0,0,5,2.0,0.001,6,52149,0.00034516481619973537,1.0925814829217553,0.7424980024049213,0.7977350844256194,10.0,0.28160819823790195,2.1076377174741348,-3446.438223693025,0.2729791212732223,0.2902372752025816,0.9379863265116907,1.9769353602310482,4.500876051590454,5.877343633877388,33.5,False,False,False,0,0,0.9416731678215776,False,True,GB1_IgG-Fc_fitness_1FCC_2016,52149,1.0042594208790965
0,1,5,2.0,0.005,62,52149,0.006558131507794972,2.4698608321182034,0.7564383812221184,0.7903107979000877,10.0,0.2685742145094791,2.2800289911099174,-4802.041958068177,0.2606887494086146,0.2764596796103436,0.9663133914093158,2.2032225469109847,5.018578503125114,5.877343633877388,76.5,False,False,False,0,1,2.572898799313894,False,True,GB1_IgG-Fc_fitness_1FCC_2016,52149,0.9949130729095331
0,2,5,2.0,0.02,220,52149,0.019827801108362575,1.837614340787875,0.7369207870916724,0.839422424902481,10.0,0.3132588512899202,2.302230508259516,-4877.064643663587,0.30505915579427045,0.32145854678556995,0.9162419486738091,2.1094001671839933,4.94740583558663,5.877343633877388,73.0,False,False,False,0,0,10.0,False,True,GB1_IgG-Fc_fitness_1FCC_2016,52149,1.0567391290210872
1,0,5,3.0,0.001,3,52149,0.00015340658497766017,1.6866614613518927,0.7229885523095247,0.8274105729945848,10.0,0.277987395689303,2.3257523032256757,-5138.608047285379,0.27016590076246855,0.2858088906161374,0.8944711404729665,2.0803183151238986,5.039164690698244,5.877343633877388,78.0,False,False,False,0,0,1.2217979868101352,False,True,GB1_IgG-Fc_fitness_1FCC_2016,52149,1.0416175483407102
1,1,5,3.0,0.005,44,52149,0.0037776371550748817,2.5071983488834495,0.7622271942935734,0.8142050536761641,10.0,0.26718436657599903,2.5331475840616156,-6977.9308200888045,0.25997442914116253,0.27439430401083553,0.9544382357030098,2.41773291090711,5.471471469703391,5.877343633877388,96.5,False,False,False,2,0,10.0,False,False,GB1_IgG-Fc_fitness_1FCC_2016,52149,1.0249932736384468
1,2,5,3.0,0.02,221,52149,0.02233983393737176,2.530900374485574,0.73533216737321,0.8332821694682045,10.0,0.23214573707858926,2.2034704943593924,-4187.201080477855,0.2243605866643387,0.23993088749283983,0.989747340765399,2.180879062247228,4.95058212993515,5.877343633877388,73.0,False,False,False,0,3,40.0,False,True,GB1_IgG-Fc_fitness_1FCC_2016,52149,1.049009232860238
2,0,5,4.0,0.001,9,52149,0.0005369230474218105,3.3344499528909344,0.7713142712781978,0.8026699615184605,10.0,0.23911828820193715,2.3600760071603655,-5451.633993392519,0.2317540348926212,0.2464825415112531,0.9916198309772576,2.340298171313843,5.062993598678561,5.877343633877388,81.5,False,False,False,0,0,2.82258064516129,False,True,GB1_IgG-Fc_fitness_1FCC_2016,52149,1.0104718802633224
2,1,5,4.0,0.005,54,52149,0.005445933766706936,2.387246986438348,0.7465764303489633,0.8093466565727456,10.0,0.33525081837557713,2.1665920473674367,-3749.382418952475,0.3264058275540109,0.3440958091971434,0.9012394654184608,1.9526182585493173,4.516218338167285,5.877343633877388,34.0,False,False,False,0,1,2.4013722126929675,False,True,GB1_IgG-Fc_fitness_1FCC_2016,52149,1.018877094023515
2,2,5,4.0,0.02,234,52149,0.02134269113501697,2.4637471999754164,0.750788008176184,0.8641007848913245,10.0,0.3292476851659171,2.156532864113496,-3753.8349166724947,0.32039641356350695,0.3380989567683273,0.9367377505564821,2.020105744130804,4.660783552067554,5.877343633877388,46.0,False,False,False,0,3,29.999999999999996,False,True,GB1_IgG-Fc_fitness_1FCC_2016,52149,1.0878064294250631
3,0,5,6.0,0.001,13,52149,0.0016682966116320544,2.641380648285802,0.7386247695307742,0.7923076931010106,10.0,0.28211109779246085,2.269171003650678,-4640.451908345218,0.2740855283263677,0.290136667258554,0.9131342657898657,2.072057798370215,4.806362011143061,5.877343633877388,59.0,False,False,False,0,0,10.0,False,True,GB1_IgG-Fc_fitness_1FCC_2016,52149,0.9974269410559728
3,1,5,6.0,0.005,56,52149,0.0044679667874743525,3.1631816050240653,0.7421290001262238,0.8121241123260381,10.0,0.36575796937941646,1.9472869534063557,-2270.806291191402,0.3555900666431243,0.3759258721157086,0.9039325185813337,1.7602160001931795,4.249586482000213,5.877343633877388,11.5,False,False,False,0,2,29.999999999999996,False,True,GB1_IgG-Fc_fitness_1FCC_2016,52149,1.0223736007721522
3,2,5,6.0,0.02,210,52149,0.017814339680530786,3.2398570196861574,0.7410413425337369,0.8266904015214739,10.0,0.18474921095399346,2.708146084100287,-8488.472770124965,0.1786844499567623,0.19081397195122463,1.0052088261539398,2.7222523462518384,6.098025432361126,5.877343633877388,99.5,True,False,False,3,3,49.99999999999999,False,False,GB1_IgG-Fc_fitness_1FCC_2016,52149,1.0407109328481239
0,0,6,2.0,0.001,14,52149,0.0015724174960210168,1.64368008795938,0.7378181497138165,0.8084250767014989,10.0,0.2561382520839966,2.342137974706968,-5288.436880789523,0.24856832689571276,0.2637081772722804,0.9333531153560124,2.18604177528637,5.08351727011326,5.877343633877388,82.0,False,False,False,0,0,1.3104838709677418,False,True,GB1_IgG-Fc_fitness_1FCC_2016,52149,1.0177169278407046
0,1,6,2.0,0.005,43,52149,0.0038543404475637117,1.665558408916609,0.736213768162195,0.8039713201189758,10.0,0.258910445276244,2.316421361457795,-5045.337566692848,0.2512473439428002,0.26657354660968785,0.926592614248857,2.1463789250150747,4.9124624325561905,5.877343633877388,70.5,False,False,False,0,1,10.0,False,True,GB1_IgG-Fc_fitness_1FCC_2016,52149,1.0121101454719417
0,2,6,2.0,0.02,227,52149,0.018926537421618823,1.9686274710871148,0.7494933639025045,0.8305931531343489,10.0,0.2731264919588477,2.3789305506920218,-5580.495472901821,0.2655005892298474,0.280752394687848,0.9432161083444213,2.2438456160453795,5.210542728766168,5.877343633877388,89.5,False,False,False,0,1,2.0583190394511153,False,True,GB1_IgG-Fc_fitness_1FCC_2016,52149,1.0456240614682633
1,0,6,3.0,0.001,13,52149,0.0008053845711327159,3.819407586712006,0.7423259197770226,0.7966717263881838,10.0,0.32611444523108485,2.206873895276963,-4069.0383751935733,0.31749552739661296,0.33473336306555673,0.8985154395946581,1.982910268144756,4.5760346134453185,5.877343633877388,38.0,False,False,False,0,0,10.0,False,True,GB1_IgG-Fc_fitness_1FCC_2016,52149,1.0029207718116169
1,1,6,3.0,0.005,52,52149,0.005560988705440181,2.6229539284005545,0.7241876989556951,0.8068757710311619,10.0,0.2451391999763996,2.3404282152549007,-5294.240126038872,0.2376579453695213,0.25262045458327786,0.9358406986974829,2.190267976215449,5.041291585764512,5.877343633877388,78.5,False,False,False,0,1,3.259005145797599,False,True,GB1_IgG-Fc_fitness_1FCC_2016,52149,1.0157665249492767
1,2,6,3.0,0.02,214,52149,0.01871560336727454,2.3602183258444382,0.7250502915005687,0.8277554904642949,10.0,0.2471253977997003,2.447317067956176,-6258.850432245381,0.23989990840732042,0.2543508871920802,0.9392734300058809,2.298699896731133,5.632001083603663,5.877343633877388,98.5,False,False,False,0,3,20.0,False,False,GB1_IgG-Fc_fitness_1FCC_2016,52149,1.0420517609322644
2,0,6,4.0,0.001,10,52149,0.000441043931810773,2.717531531462006,0.729781481653005,0.8012588062301604,10.0,0.3196980490176872,2.1525716572518148,-3701.389906116674,0.3109254251653179,0.32847067287005655,0.8865835464527356,1.9084346138799564,4.679575096026877,5.877343633877388,48.5,False,False,False,0,0,1.37221269296741,False,True,GB1_IgG-Fc_fitness_1FCC_2016,52149,1.0086953932812823
2,1,6,4.0,0.005,44,52149,0.004928186542407333,2.5941924566892385,0.7357391148427824,0.8087091491899723,10.0,0.3771307966570477,1.9284970713144856,-2139.233626283065,0.36675369362450144,0.3875078996895939,0.8921841825362258,1.7205745830942198,4.054407640099331,5.877343633877388,3.5000000000000004,False,False,False,0,0,1.2006861063464838,False,True,GB1_IgG-Fc_fitness_1FCC_2016,52149,1.0180745433929494
2,2,6,4.0,0.02,216,52149,0.018006097911752863,2.6278802476211722,0.7522875870110024,0.8286814996812687,10.0,0.2700677533315907,2.4089010451987916,-5866.650943530083,0.2625424850640925,0.27759302159908894,0.9540334331869875,2.298172134358726,5.353588082630822,5.877343633877388,93.5,False,False,False,1,3,20.0,False,True,GB1_IgG-Fc_fitness_1FCC_2016,52149,1.0432175031669015
3,0,6,6.0,0.001,13,52149,0.0015532416728988093,2.6803411052561876,0.7515133305763395,0.7718049828869702,10.0,0.21123216707517037,2.7738164204508613,-9247.823933991749,0.20500001723930905,0.21746431691103169,0.9635123341117332,2.6726063336660624,6.148389610988319,5.877343633877388,99.5,True,False,False,3,0,10.0,False,False,GB1_IgG-Fc_fitness_1FCC_2016,52149,0.9716163175946402
3,1,6,6.0,0.005,61,52149,0.006021208460373162,2.553690364666617,0.7323784601471549,0.7850626999296236,10.0,0.2577779538539588,2.2817013957128927,-4741.012707191287,0.25002779007296455,0.26552811763495304,0.9212041604630978,2.1019128186651743,4.89081861362066,5.877343633877388,68.0,False,False,False,0,2,20.0,False,True,GB1_IgG-Fc_fitness_1FCC_2016,52149,0.9883063034049302
3,2,6,6.0,0.02,225,52149,0.019981207693340237,2.8530144978701735,0.7336567625374997,0.8125003037561768,10.0,0.23428955714082886,2.2869608518827524,-4871.74385114084,0.2267561351119129,0.24182297916974482,0.9784695010561771,2.2377214436767265,5.402534174776739,5.877343633877388,95.0,False,False,False,0,3,59.99999999999999,False,False,GB1_IgG-Fc_fitness_1FCC_2016,52149,1.0228471837888033
0,0,7,2.0,0.001,10,52149,0.0005560988705440182,1.5147393709119903,0.7643019018431609,0.7879853882672017,10.0,0.21948186442135595,2.62416119946316,-7756.179080042057,0.21292225676609405,0.22604147207661784,0.9724776772614934,2.5519381880136685,5.535728816967747,5.877343633877388,97.5,False,False,False,2,0,10.0,False,False,GB1_IgG-Fc_fitness_1FCC_2016,52149,0.9919856417650068
0,1,7,2.0,0.005,65,52149,0.006538955684672765,1.9587007453406364,0.7460540197910631,0.8002039125916577,10.0,0.28748156427200355,2.1930847327415184,-4043.9120641194168,0.2791451014678382,0.2958180270761689,0.930411484864569,2.040471222623853,4.63875203673772,5.877343633877388,45.5,False,False,False,0,1,10.0,False,True,GB1_IgG-Fc_fitness_1FCC_2016,52149,1.0073673999471864
0,2,7,2.0,0.02,237,52149,0.021553625189361252,1.8836726096822622,0.7594484781704212,0.8230766460810239,10.0,0.24993679595982812,2.480374929670704,-6510.897736118495,0.24277202065017003,0.2571015712694862,0.9693284287073579,2.4042979331828267,5.433221825511986,5.877343633877388,95.5,False,False,False,2,1,3.9314516129032255,False,False,GB1_IgG-Fc_fitness_1FCC_2016,52149,1.0361616181486983
1,0,7,3.0,0.001,12,52149,0.001073846094843621,2.8195745282540225,0.7487634751895123,0.7935022314188286,10.0,0.2585444165825261,2.30460069353524,-4978.431266174943,0.25084133487478244,0.2662474982902697,0.9448649852717124,2.177536500354353,5.019085752293406,5.877343633877388,76.5,False,False,False,0,0,1.886792452830189,False,True,GB1_IgG-Fc_fitness_1FCC_2016,52149,0.9989307314529234
1,1,7,3.0,0.005,46,52149,0.005580164528562389,2.0916251936315984,0.7317461447156834,0.7980087343423793,10.0,0.30050217276741953,2.081386269316578,-3240.467018556199,0.29159035168037617,0.3094139938544629,0.9160832038279104,1.906723001998953,4.466923014278886,5.877343633877388,31.5,False,False,False,0,0,1.2006861063464838,False,True,GB1_IgG-Fc_fitness_1FCC_2016,52149,1.004603915577016
1,2,7,3.0,0.02,220,52149,0.01978944946211816,2.3167390780203956,0.7533227760088536,0.8589546027772548,10.0,0.21834373545763755,2.6293137488006377,-7853.013043352694,0.2117985700020715,0.2248889009132036,0.9816350609534673,2.5810265620697037,5.92442979269556,5.877343633877388,99.5,True,False,False,3,3,20.0,False,False,GB1_IgG-Fc_fitness_1FCC_2016,52149,1.0813279606068902
2,0,7,4.0,0.001,14,52149,0.001361483441676734,2.8447258225816334,0.7377690091587918,0.7868202343782188,10.0,0.2389495592690134,2.3178920991674654,-5071.700953200663,0.2314785017659408,0.24642061677208602,0.9476901423665169,2.19664349345024,4.938153173542969,5.877343633877388,72.0,False,False,False,0,0,1.2673474731605132,False,True,GB1_IgG-Fc_fitness_1FCC_2016,52149,0.9905188430838038
2,1,7,4.0,0.005,48,52149,0.00441043931810773,2.6612028756775006,0.7354792042393978,0.8029570024873756,10.0,0.2686262374064063,2.105919784391055,-3434.5247648789664,0.2601218188627499,0.2771306559500627,0.934015851767669,1.966962461172397,4.530113914577918,5.877343633877388,35.0,False,False,False,0,2,29.999999999999996,False,True,GB1_IgG-Fc_fitness_1FCC_2016,52149,1.0108332328010747
2,2,7,4.0,0.02,195,52149,0.01672131776256496,2.703341029373748,0.7500539379532859,0.8177968673873023,10.0,0.17730228406392015,3.0718754954223764,-12251.097444208077,0.17178205063622634,0.18282251749161396,1.0250631554762935,3.1488663885679626,7.337600562275205,5.877343633877388,100.0,True,False,False,4,3,80.0,False,False,GB1_IgG-Fc_fitness_1FCC_2016,52149,1.0295149661500032
3,0,7,6.0,0.001,15,52149,0.0017258240809986769,2.7221581162333317,0.7629762318911043,0.7813441116515686,10.0,0.3057580914034716,2.222183879046334,-4267.166480412561,0.2973543299169601,0.3141618528899831,0.9427419132562143,2.0949458817392568,4.802598882326517,5.877343633877388,59.0,False,False,False,0,0,1.115378721121796,False,True,GB1_IgG-Fc_fitness_1FCC_2016,52149,0.9836250158653502
3,1,7,6.0,0.005,61,52149,0.004678900841818635,3.71724234050249,0.7473651969644985,0.8097510337822055,10.0,0.29477405450035804,2.316165626459459,-5023.064387760183,0.2867778547226501,0.302770254278066,0.9215411457184653,2.134441925081177,5.094849775004205,5.877343633877388,82.5,False,False,False,0,3,20.0,False,True,GB1_IgG-Fc_fitness_1FCC_2016,52149,1.0193861597899798
3,2,7,6.0,0.02,223,52149,0.020518130740762048,2.897638195783384,0.7192729265947322,0.8755280374131702,10.0,0.2248640669211453,2.4204451360555503,-5976.425098052539,0.21779709876008954,0.23193103508220106,0.9548195140542882,2.311088248603626,5.521891518171216,5.877343633877388,97.0,False,False,False,0,3,49.99999999999999,False,False,GB1_IgG-Fc_fitness_1FCC_2016,52149,1.102192064736679
0,0,8,2.0,0.001,6,52149,0.0007670329248883008,1.4775928416286903,0.7518353138487318,0.8129133572577234,10.0,0.3830932015861643,2.0282037109231545,-2671.8920293842384,0.3732558582035476,0.39293054496878094,0.8851475858293371,1.7952596182937328,4.129239664310756,5.877343633877388,6.0,False,False,False,0,0,0.9214813455096139,False,True,GB1_IgG-Fc_fitness_1FCC_2016,52149,1.023367172038479
0,1,8,2.0,0.005,56,52149,0.004506318433718767,2.056368118071164,0.7734764243921048,0.8121395915835955,10.0,0.3134976343013218,2.1705692584616068,-3849.4063572578307,0.30484422163034547,0.3221510469722982,0.9473596196868248,2.056309667200101,4.614646785020562,5.877343633877388,41.5,False,False,False,0,0,1.078502739358645,False,True,GB1_IgG-Fc_fitness_1FCC_2016,52149,1.0223930874294822
0,2,8,2.0,0.02,205,52149,0.019041592360352067,1.9787509598527493,0.7310006913520062,0.8344064523407141,10.0,0.22547216957792138,2.5468515123474065,-7116.989292094717,0.2186845172494291,0.23225982190641364,0.9540614946380559,2.4298529604913597,5.565616315664954,5.877343633877388,98.0,False,False,False,1,0,2.923387096774194,False,False,GB1_IgG-Fc_fitness_1FCC_2016,52149,1.0504245794940943
1,0,8,3.0,0.001,5,52149,0.00032598899307752785,2.3842625912751156,0.7671098046022478,0.7961957476557205,10.0,0.25879914682830274,2.3468633816136513,-5338.283346068638,0.2512118071220679,0.26638648653453756,0.9639895563040002,2.2623517899478496,5.08106471001847,5.877343633877388,81.5,False,False,False,0,0,2.0161290322580645,False,True,GB1_IgG-Fc_fitness_1FCC_2016,52149,1.0023215677205013
1,1,8,3.0,0.005,51,52149,0.004966538188651748,2.53135818705921,0.7621100855597965,0.8127976898342475,10.0,0.27472108700801745,2.2601607028590447,-4627.03886827972,0.26672351358305946,0.28271866043297544,0.9585419098213586,2.166458756621693,4.890010008269554,5.877343633877388,68.0,False,False,False,0,0,2.217741935483871,False,True,GB1_IgG-Fc_fitness_1FCC_2016,52149,1.0232215596641678
1,2,8,3.0,0.02,233,52149,0.023643789909681873,2.442504248037997,0.7041364544558795,0.853071106519637,10.0,0.31140800873294294,2.161733875256458,-3817.272470435215,0.3027334794411739,0.320082538024712,0.891464679710022,1.9271093967238029,4.943325901217884,5.877343633877388,72.0,False,False,False,0,2,10.0,False,True,GB1_IgG-Fc_fitness_1FCC_2016,52149,1.0739212955876702
2,0,8,4.0,0.001,6,52149,0.00040269228556635795,4.681975735461204,0.7361597338736229,0.7870645802117449,10.0,0.2545886787336242,2.0960524234322664,-3341.9939405265613,0.24618609395388866,0.26299126351335966,0.9425595493597133,1.9756542276646516,4.5941879177667895,5.877343633877388,38.5,False,False,False,0,0,1.886792452830189,False,True,GB1_IgG-Fc_fitness_1FCC_2016,52149,0.9908264472121188
2,1,8,4.0,0.005,39,52149,0.003279065753897486,2.853489448158123,0.7710757655976412,0.8015608462931864,10.0,0.256889661871717,2.324273043629222,-5162.175008885155,0.24925174836926872,0.2645275753741653,0.978928855729727,2.275297951003404,5.030259049638674,5.877343633877388,77.5,False,False,False,0,1,2.923387096774194,False,True,GB1_IgG-Fc_fitness_1FCC_2016,52149,1.0090756280041855
2,2,8,4.0,0.02,209,52149,0.018677251721030127,2.8379559196776554,0.7462178829426884,0.8217806003942286,10.0,0.23312759220553259,2.752717990207196,-9158.381603785674,0.22663004535668063,0.23962513905438454,0.9719937295413036,2.675624625676934,6.417636194655686,5.877343633877388,100.0,True,False,False,3,3,59.99999999999999,False,False,GB1_IgG-Fc_fitness_1FCC_2016,52149,1.0345300413053768
3,0,8,6.0,0.001,18,52149,0.0016107691422654318,2.0849028050685305,0.7647663391823539,0.7849993734444483,10.0,0.32157790426027477,2.1334031765867976,-3576.651006642496,0.3127026023539335,0.33045320616661605,0.9412539014707143,2.008074063372338,4.551981146690633,5.877343633877388,35.5,False,False,False,0,0,1.886792452830189,False,True,GB1_IgG-Fc_fitness_1FCC_2016,52149,0.9882265824291699
3,1,8,6.0,0.005,61,52149,0.0057910985829066714,2.7764852564748077,0.7286425818906502,0.8030377546456006,10.0,0.23882651844146208,2.074043858983567,-3192.822630201408,0.23048228608610072,0.24717075079682344,0.96039576950888,1.9919029479436894,4.508030061814651,5.877343633877388,33.5,False,False,False,0,1,10.0,False,True,GB1_IgG-Fc_fitness_1FCC_2016,52149,1.010934890753993
3,2,8,6.0,0.02,230,52149,0.02049895491763984,2.9532022293926388,0.7205997183268658,0.8781690754610874,10.0,0.23153877577031998,2.159969466061735,-3840.154350318975,0.22361119679365285,0.2394663547469871,0.967085175425789,2.0888744500006604,5.03727735248817,5.877343633877388,78.0,False,False,False,0,3,40.0,False,True,GB1_IgG-Fc_fitness_1FCC_2016,52149,1.105516836822428
0,0,9,2.0,0.001,16,52149,0.0018600548428541295,1.9113546364114962,0.7401508628697645,0.7827170569040705,10.0,0.21930728930168547,2.432251634852352,-6039.227324252424,0.2123358535441001,0.22627872505927085,0.9620632083086417,2.3399798112399925,5.388006269399737,5.877343633877388,95.0,False,False,False,0,0,2.116935483870968,False,False,GB1_IgG-Fc_fitness_1FCC_2016,52149,0.9853534006776705
0,1,9,2.0,0.005,63,52149,0.007075878732094575,1.8500612923931823,0.758789062262379,0.7842019651060627,10.0,0.2636247232542301,2.2000480615308775,-4101.32176381367,0.25554576159712405,0.2717036849113361,0.9550694147037618,2.101198614446441,4.797891707813281,5.877343633877388,59.0,False,False,False,0,0,1.0085820466648785,False,True,GB1_IgG-Fc_fitness_1FCC_2016,52149,0.9872227343450809
0,2,9,2.0,0.02,202,52149,0.01980862528524037,1.6777154218989563,0.7434948147112959,0.8594806759544803,10.0,0.34111736360214345,2.2104964025528595,-4039.32423968651,0.3323938894144664,0.3498408377898205,0.9029464487953508,1.9959598767600026,4.6109647054371115,5.877343633877388,41.0,False,False,False,0,0,10.0,False,True,GB1_IgG-Fc_fitness_1FCC_2016,52149,1.081990228011966
1,0,9,3.0,0.001,11,52149,0.0007095054555216782,2.083134750090461,0.7385382392399412,0.795625295289521,10.0,0.26102951487796994,2.20243744460139,-4173.6261828673305,0.25296219605166986,0.26909683370427,0.9423627305371941,2.0754949641319262,4.69807382874188,5.877343633877388,51.0,False,False,False,0,0,1.068330962323895,False,True,GB1_IgG-Fc_fitness_1FCC_2016,52149,1.0016034318705138
1,1,9,3.0,0.005,63,52149,0.0059445051678843315,2.5693131800487534,0.7733388146749993,0.8084844838321905,10.0,0.27280257917315576,2.490686351116167,-6587.919519614225,0.2654473497458145,0.280157808600497,0.9674636612068389,2.409648536168749,5.413298451068593,5.877343633877388,95.0,False,False,False,2,0,4.838709677419355,False,False,GB1_IgG-Fc_fitness_1FCC_2016,52149,1.0177917147866835
1,2,9,3.0,0.02,215,52149,0.017603405626186504,2.51532085412293,0.7273299253651007,0.8530956202716174,10.0,0.27847343374572836,2.3515635408886935,-5366.444069230376,0.27071984424405177,0.28622702324740495,0.9186026232195871,2.1601524373278944,5.348763379319957,5.877343633877388,93.5,False,False,False,0,3,20.0,False,True,GB1_IgG-Fc_fitness_1FCC_2016,52149,1.0739521556649667
2,0,9,4.0,0.001,15,52149,0.0014573625572877715,3.354487976461394,0.7548266314300472,0.7724766228022087,10.0,0.3533670140464462,2.1216617735041194,-3365.022514846758,0.3441976514340769,0.36253637665881555,0.8985166933131071,1.906348521057744,4.346695873396186,5.877343633877388,18.5,False,False,False,0,0,1.0291595197255576,False,True,GB1_IgG-Fc_fitness_1FCC_2016,52149,0.9724618372733972
2,1,9,4.0,0.005,72,52149,0.006500604038428349,2.88846820942041,0.7313244639485992,0.8319460453911757,10.0,0.31245217133954917,2.1407453327241397,-3633.970388730697,0.30369124416032023,0.3212130985187781,0.9039746075030942,1.935179421913385,4.520164037095539,5.877343633877388,34.0,False,False,False,0,1,5.145797598627788,False,True,GB1_IgG-Fc_fitness_1FCC_2016,52149,1.0473272017975255
2,2,9,4.0,0.02,217,52149,0.01825538361234156,2.3180281369658076,0.7280376180297974,0.8585108736130658,10.0,0.2582884503582657,2.5406622105058494,-7076.450402731221,0.25117440423848086,0.26540249647805053,0.9267885604427664,2.354656672646053,5.675635502299898,5.877343633877388,98.5,False,False,False,1,3,20.0,False,False,GB1_IgG-Fc_fitness_1FCC_2016,52149,1.0807693551222428
3,0,9,6.0,0.001,15,52149,0.0007478571017660933,3.874264916720055,0.7522450810685628,0.8071056274894252,10.0,0.27463670645096533,2.244718449162015,-4490.152859659662,0.2665902233988226,0.28268318950310806,0.9465096620701801,2.124647700759037,4.841561417826597,5.877343633877388,62.5,False,False,False,0,0,10.0,False,True,GB1_IgG-Fc_fitness_1FCC_2016,52149,1.016055888571571
3,1,9,6.0,0.005,54,52149,0.005196648066118238,3.4556645972197266,0.7254520176452477,0.7964381483584141,10.0,0.3407034270689258,2.0840927336174615,-3194.073655488901,0.33145783109758103,0.3499490230402706,0.8900269818140569,1.8548987655221567,4.592758895630047,5.877343633877388,38.5,False,False,False,0,2,20.0,False,True,GB1_IgG-Fc_fitness_1FCC_2016,52149,1.0026267231462314
3,2,9,6.0,0.02,220,52149,0.019329229707185182,2.7533199699090662,0.7148194841821371,0.8714087861656131,10.0,0.1948710807014075,2.212521162822125,-4058.670548993774,0.18756197734170477,0.2021801840611102,0.9744079900793257,2.155898299273479,5.1619758644536216,5.877343633877388,86.0,False,False,False,0,3,20.0,False,True,GB1_IgG-Fc_fitness_1FCC_2016,52149,1.0970063872441242
0,0,10,2.0,0.001,17,52149,0.002128516366565035,2.3709647858243117,0.7697177121670382,0.7906013356796417,10.0,0.38733565204274645,2.078269951853175,-2963.6073176111677,0.37771762473256193,0.39695367935293097,0.9079157106489629,1.8868939402571616,4.3220153708871,5.877343633877388,16.5,False,False,False,0,1,2.2298456260720414,False,True,GB1_IgG-Fc_fitness_1FCC_2016,52149,0.9952788275415342
0,1,10,2.0,0.005,44,52149,0.00479395578055188,1.6373856272326481,0.7315346442570586,0.7942080225617518,10.0,0.2578824807087754,2.1720425058936383,-3893.2268071489234,0.2497525127372258,0.266012448680325,0.927748544738443,2.015109273952864,4.429956014853777,5.877343633877388,26.5,False,False,False,0,0,1.128906429259786,False,True,GB1_IgG-Fc_fitness_1FCC_2016,52149,0.9998192437150663
0,2,10,2.0,0.02,240,52149,0.02105505378818386,1.7398394170210958,0.7583140496000067,0.8257618457920143,10.0,0.2491330351852276,2.616146174677792,-7745.382503786765,0.24226104857433572,0.2560050217961195,0.9622261855489004,2.517324354498559,5.431539322701017,5.877343633877388,95.5,False,False,False,3,0,4.233870967741936,False,False,GB1_IgG-Fc_fitness_1FCC_2016,52149,1.0395419848385317
1,0,10,3.0,0.001,6,52149,0.0007478571017660933,2.2768713484437573,0.7310155649036241,0.783013712162543,10.0,0.266809235529509,2.4430995527297643,-6135.669334752747,0.2594054805421531,0.27421299051686493,0.9086390450916412,2.2198956446561886,5.111152264349734,5.877343633877388,83.5,False,False,False,0,0,1.3406650955747579,False,True,GB1_IgG-Fc_fitness_1FCC_2016,52149,0.9857268565327416
1,1,10,3.0,0.005,60,52149,0.005139120596751616,1.9311328162319503,0.7544763626357328,0.8292175383149047,10.0,0.4069449017244682,2.0163298195606982,-2499.5558475365106,0.3968767602439927,0.41701304320494365,0.8759627848327711,1.7662298838837482,4.093094426456273,5.877343633877388,5.0,False,False,False,0,0,1.138493578618535,False,True,GB1_IgG-Fc_fitness_1FCC_2016,52149,1.0438923159691638
1,2,10,3.0,0.02,230,52149,0.02349038332470421,2.328642540850809,0.7455608854256839,0.8156950184039096,10.0,0.20195700633421335,2.730527194285185,-8818.58701531752,0.1957428576347377,0.208171155033689,1.0016549597252147,2.735046106820331,6.298578308401721,5.877343633877388,99.5,True,False,False,3,3,49.99999999999999,False,False,GB1_IgG-Fc_fitness_1FCC_2016,52149,1.0268689729073253
2,0,10,4.0,0.001,12,52149,0.0007478571017660933,2.6767485144525214,0.7583882480029223,0.815547778333447,10.0,0.30337082066093124,2.2877583951480487,-4744.336676500476,0.2952168177814424,0.3115248235404201,0.920268842139456,2.1053527693977148,4.765563097974408,5.877343633877388,54.50000000000001,False,False,False,0,0,10.0,False,True,GB1_IgG-Fc_fitness_1FCC_2016,52149,1.0266836140948827
2,1,10,4.0,0.005,59,52149,0.005771922759784464,2.638069153547303,0.741627450975063,0.807776955092901,10.0,0.3422421463332598,2.163132510675146,-3710.931856743293,0.33332706161725445,0.3511572310492651,0.8957191673943153,1.9375592514255162,4.567374989226481,5.877343633877388,36.0,False,False,False,0,1,10.0,False,True,GB1_IgG-Fc_fitness_1FCC_2016,52149,1.016901015084682
2,2,10,4.0,0.02,234,52149,0.022224778998638516,2.7566930492926534,0.7330877934300514,0.8284063852914447,10.0,0.2717968245687805,2.2944685133801475,-4948.085388921463,0.2639233529376753,0.2796702961998857,0.9475170383648588,2.174048010419378,5.306811451352115,5.877343633877388,92.5,False,False,False,0,3,59.99999999999999,False,True,GB1_IgG-Fc_fitness_1FCC_2016,52149,1.0428711648608724
3,0,10,6.0,0.001,9,52149,0.0005560988705440182,3.2152294984669494,0.7514626040589216,0.8091056805036456,10.0,0.33560605254875664,2.1465068595902346,-3598.5563976252743,0.32667889234519654,0.34453321275231674,0.9076444308901906,1.9482649969746686,4.4195136492753635,5.877343633877388,25.5,False,False,False,0,0,1.332870531065602,False,True,GB1_IgG-Fc_fitness_1FCC_2016,52149,1.0185737320524488
3,1,10,6.0,0.005,47,52149,0.004007747032541372,3.5323407356403855,0.7182778032218902,0.8028344733169361,10.0,0.22573049908029275,2.298813888251055,-4911.816185731324,0.218335619400235,0.2331253787603505,0.9351249736872917,2.149678276762749,5.510960193594359,5.877343633877388,97.0,False,False,False,0,3,29.999999999999996,False,False,GB1_IgG-Fc_fitness_1FCC_2016,52149,1.0106789822533069
3,2,10,6.0,0.02,184,52149,0.017354119925597808,3.072619822427044,0.7473244277214539,0.8082298177592094,10.0,0.2674952974783485,2.512618224334615,-6748.157186854223,0.2602472973119385,0.27474329764475847,0.9417091232397888,2.3661555050744654,5.373714246528328,5.877343633877388,94.0,False,False,False,0,3,29.999999999999996,False,True,GB1_IgG-Fc_fitness_1FCC_2016,52149,1.0174711186289331
0,0,11,2.0,0.001,13,52149,0.0015340658497766016,2.1809856682287956,0.7455968098555913,0.7965504409706416,10.0,0.24309774832899608,2.496233340216876,-6624.678458980226,0.23603797805694007,0.25015751860105206,0.9393359610152642,2.344801743550962,5.298888693590048,5.877343633877388,92.5,False,False,False,0,0,1.814516129032258,False,True,GB1_IgG-Fc_fitness_1FCC_2016,52149,1.0027680870099076
0,1,11,2.0,0.005,58,52149,0.005522637059195766,1.9236558661066097,0.741154207588535,0.8100727188453778,10.0,0.24612082397830665,2.4667360957622817,-6364.303405882383,0.2389644138004388,0.2532772341561745,0.9392331810718598,2.3168403900875876,5.2113607400459525,5.877343633877388,89.5,False,False,False,0,1,2.2298456260720414,False,True,GB1_IgG-Fc_fitness_1FCC_2016,52149,1.0197911253751144
0,2,11,2.0,0.02,201,52149,0.018677251721030127,1.8354037110836012,0.7432549975092707,0.8001775173658259,10.0,0.1972663242975438,2.8131364015105476,-9571.915086743946,0.191239563864878,0.20329308473020957,0.9732521387979521,2.737891019500515,6.273902776529181,5.877343633877388,99.5,True,False,False,3,1,7.459677419354838,False,False,GB1_IgG-Fc_fitness_1FCC_2016,52149,1.0073341713043382
1,0,11,3.0,0.001,14,52149,0.0017833515503652994,2.526768441620702,0.7494637337723952,0.8264841352129154,10.0,0.36397136213637643,2.01740818643778,-2662.3497487219283,0.3542231277520406,0.37371959652071224,0.8958360186149595,1.807266917659647,4.173673842390634,5.877343633877388,8.0,False,False,False,0,0,1.0291595197255576,False,True,GB1_IgG-Fc_fitness_1FCC_2016,52149,1.0404512665909615
1,1,11,3.0,0.005,60,52149,0.004218681086885654,2.488502920042817,0.7691633714222221,0.7973690585801696,10.0,0.23418771127584342,2.4472980336048162,-6213.202688336838,0.227093813181219,0.24128160937046786,0.993699966469948,2.431879973935075,5.241642102183804,5.877343633877388,90.0,False,False,False,1,1,20.0,False,True,GB1_IgG-Fc_fitness_1FCC_2016,52149,1.0037986351987942
1,2,11,3.0,0.02,204,52149,0.019636042877140502,2.3188039228315604,0.7459636846161586,0.8477031318117892,10.0,0.21692578604835253,2.522780930932001,-6888.664713559148,0.2101713939205344,0.22368017817617064,0.9933010687077992,2.505880994810413,5.75088482181668,5.877343633877388,98.5,False,False,False,2,3,40.0,False,False,GB1_IgG-Fc_fitness_1FCC_2016,52149,1.0671636146524281
2,0,11,4.0,0.001,7,52149,0.000997142802354791,3.175262416671635,0.7558491225869116,0.8012120873467843,10.0,0.2796788636107691,2.1220766050276123,-3545.617442494724,0.27113737417503775,0.28822035304650045,0.9497468419613406,2.015435554025018,4.617763270296908,5.877343633877388,42.0,False,False,False,0,0,1.1088709677419355,False,True,GB1_IgG-Fc_fitness_1FCC_2016,52149,1.0086365794222965
2,1,11,4.0,0.005,49,52149,0.00494736236552954,3.0389763661457705,0.7182220884561029,0.8310400373556331,10.0,0.2559406154241321,2.212758699929719,-4273.203112518851,0.2479581392719836,0.26392309157628063,0.9216861117439703,2.0394689623658655,5.053885088317426,5.877343633877388,80.0,False,False,False,0,2,4.288164665523157,False,True,GB1_IgG-Fc_fitness_1FCC_2016,52149,1.0461866388175973
2,2,11,4.0,0.02,211,52149,0.02101670214193944,2.5987584674420816,0.709420550403186,0.8282030037862435,10.0,0.20359488779860377,2.254615665771373,-4488.584944676899,0.1962968292524325,0.21089294634477504,0.970695751581033,2.188545848212314,5.188758996458842,5.877343633877388,88.0,False,False,False,0,3,40.0,False,True,GB1_IgG-Fc_fitness_1FCC_2016,52149,1.042615130249109
3,0,11,6.0,0.001,9,52149,0.0016682966116320544,2.880458521955766,0.7505255790732748,0.783322830470604,10.0,0.31586412866774166,2.1354653298518778,-3588.638595095952,0.3070533174172347,0.32467493991824864,0.9204817741419928,1.9656569154407726,4.479990001438645,5.877343633877388,32.0,False,False,False,0,0,10.0,False,True,GB1_IgG-Fc_fitness_1FCC_2016,52149,0.9861160019760061
3,1,11,6.0,0.005,43,52149,0.0039502195631747495,3.155732363700977,0.7653207663476225,0.7747703046492485,10.0,0.24527541597468416,2.542102849473018,-7065.485488553793,0.23828990003732162,0.2522609319120467,0.9691106636898306,2.463578979620606,5.45619251707748,5.877343633877388,96.5,False,False,False,2,2,29.999999999999996,False,False,GB1_IgG-Fc_fitness_1FCC_2016,52149,0.9753493266772856
3,2,11,6.0,0.02,241,52149,0.02072906479510633,2.7057244293688654,0.7029026718126139,0.9096866454732081,10.0,0.13765844387671364,2.4999848494415815,-5821.813908477052,0.13183733147215138,0.1434795562812759,0.9979416296214076,2.4948389546805614,5.820555986264336,5.877343633877388,98.5,False,False,False,1,3,20.0,False,False,GB1_IgG-Fc_fitness_1FCC_2016,52149,1.1451939391911654
0,0,12,2.0,0.001,18,52149,0.0016491207885098468,2.0943231468901655,0.7518713410226499,0.8183595502080138,10.0,0.3287151997269338,2.2193869586489114,-4132.012446312292,0.3201255061317374,0.3373048933221302,0.9036839045361064,2.0056242724683626,4.571673342480853,5.877343633877388,36.5,False,False,False,0,0,1.5437392795883362,False,True,GB1_IgG-Fc_fitness_1FCC_2016,52149,1.030223321009528
0,1,12,2.0,0.005,73,52149,0.006558131507794972,2.1541803397580734,0.7488121231364776,0.7824655867380423,10.0,0.243507422753882,2.3561736369628603,-5387.949968485889,0.2361025841255391,0.2509122613822249,0.957391763499982,2.2557812334040395,5.088144409094857,5.877343633877388,82.5,False,False,False,0,0,2.0161290322580645,False,True,GB1_IgG-Fc_fitness_1FCC_2016,52149,0.9850368278100178
0,2,12,2.0,0.02,208,52149,0.018734779190396747,1.9195656157486456,0.7290123860041657,0.8097922785708753,10.0,0.2588329754158187,2.453672827125625,-6246.572805029107,0.2515261342369445,0.2661398165946929,0.9275482176116472,2.2758998574025044,5.1966349627040485,5.877343633877388,88.5,False,False,False,0,1,2.6209677419354835,False,True,GB1_IgG-Fc_fitness_1FCC_2016,52149,1.0194380823747984
1,0,12,3.0,0.001,15,52149,0.0018984064890985445,2.7221583445155875,0.7413842578646541,0.820415393997447,10.0,0.34543719708374504,2.0233218403857647,-2767.2821320965013,0.3358595516022782,0.3550148425652119,0.9031763064062439,1.8274163464706987,4.212834367912153,5.877343633877388,9.5,False,False,False,0,0,1.5133634154807356,False,True,GB1_IgG-Fc_fitness_1FCC_2016,52149,1.0328113988485272
1,1,12,3.0,0.005,44,52149,0.0038926920938081267,2.382514170722561,0.7308237511211628,0.8144798411001146,10.0,0.31317382529264065,2.1611789676957476,-3780.4758848357887,0.3044909763364751,0.3218566742488062,0.8963508091441429,1.937174516399387,4.6972184073205305,5.877343633877388,50.5,False,False,False,0,0,1.886792452830189,False,True,GB1_IgG-Fc_fitness_1FCC_2016,52149,1.0253392003309403
1,2,12,3.0,0.02,208,52149,0.018811482482885576,2.3649894231530015,0.7180531610951367,0.8201127501945022,10.0,0.24767070895478932,2.3860738939775272,-5665.897391026665,0.24030380594479947,0.25503761196477914,0.9249174495246648,2.20692138039508,5.55781348595922,5.877343633877388,98.0,False,False,False,0,3,49.99999999999999,False,False,GB1_IgG-Fc_fitness_1FCC_2016,52149,1.0324304040844612
2,0,12,4.0,0.001,9,52149,0.0005752746936662257,3.0128079203147067,0.7500581572148424,0.7853757895499914,10.0,0.27075150571761764,2.302738221465849,-4952.289904198697,0.2629266076041085,0.27857640383112675,0.9337682460532915,2.1502238301780414,4.7548302844808505,5.877343633877388,54.0,False,False,False,0,0,1.7152658662092626,False,True,GB1_IgG-Fc_fitness_1FCC_2016,52149,0.9887004482870752
2,1,12,4.0,0.005,66,52149,0.005599340351684596,2.5855525457747253,0.7662576067596417,0.7969146713976357,10.0,0.28101614922658164,2.351467733247119,-5346.345225318044,0.2732354727679444,0.28879682568521886,0.958847679295261,2.254699378961688,4.809869482005276,5.877343633877388,59.0,False,False,False,0,0,10.0,False,True,GB1_IgG-Fc_fitness_1FCC_2016,52149,1.0032266124587952
2,2,12,4.0,0.02,214,52149,0.020518130740762048,3.0098236988654046,0.7270619346443844,0.8632243767970181,10.0,0.2793583934774511,2.4073801537815758,-5888.647284910723,0.2717347671812274,0.2869820197736748,0.9313544197725795,2.2421241462972628,5.654187148090142,5.877343633877388,98.5,False,False,False,1,3,20.0,False,False,GB1_IgG-Fc_fitness_1FCC_2016,52149,1.0867031294669378
3,0,12,6.0,0.001,19,52149,0.001955933958465167,3.0891861043759694,0.7262589373164775,0.7724510498342388,10.0,0.25136943803188394,1.9796245898723401,-2550.034912115021,0.24244248950465272,0.2602963865591152,0.9468229157418664,1.8743539262572255,4.37206726219831,5.877343633877388,21.0,False,False,False,0,1,10.0,False,True,GB1_IgG-Fc_fitness_1FCC_2016,52149,0.9724296437614093
3,1,12,6.0,0.005,47,52149,0.0040269228556635795,2.768045759903122,0.741976080383633,0.8081987365144461,10.0,0.25350587722895335,2.110406624197457,-3450.6662061031384,0.24517330698053658,0.2618384474773701,0.9537511104462607,2.0128026613214693,4.530775095121549,5.877343633877388,35.0,False,False,False,0,1,10.0,False,True,GB1_IgG-Fc_fitness_1FCC_2016,52149,1.017431990811346
3,2,12,6.0,0.02,209,52149,0.022224778998638516,3.29680292016439,0.7557380114106985,0.8384933383188934,10.0,0.2719513808148936,2.2445115977755377,-4502.0834726959,0.26392511083524234,0.2799776507945449,0.9772095284907645,2.1933581201542856,4.93656925739946,5.877343633877388,72.0,False,False,False,0,3,20.0,False,True,GB1_IgG-Fc_fitness_1FCC_2016,52149,1.0555695127254068
0,0,13,2.0,0.001,11,52149,0.0011313735642102438,2.0029187407495885,0.7620546164490172,0.785112613843804,10.0,0.19061306593023195,2.2542554317688603,-4370.608470132953,0.18348479343706126,0.19774133842340264,1.0184794029663908,2.295912726281692,5.134338064919697,5.877343633877388,85.0,False,False,False,0,0,2.5201612903225805,False,True,GB1_IgG-Fc_fitness_1FCC_2016,52149,0.9883691394510403
0,1,13,2.0,0.005,60,52149,0.0063088458072062745,2.03016931141814,0.7582944088040542,0.8093661824665586,10.0,0.34520229428419946,2.1566617720180745,-3651.4462565238064,0.33623879601249007,0.35416579255590885,0.9109110604875952,1.9645270618620403,4.556199113587992,5.877343633877388,35.5,False,False,False,0,1,10.0,False,True,GB1_IgG-Fc_fitness_1FCC_2016,52149,1.0189016749441686
0,2,13,2.0,0.02,255,52149,0.022934284454160195,1.6910896544889662,0.7402988073685404,0.849985491677585,10.0,0.32047943927800165,2.2589498126220695,-4507.1106275298225,0.3120836742359415,0.3288752043200618,0.9171455619036875,2.0717857952094976,4.841515294774721,5.877343633877388,62.5,False,False,False,0,1,3.430531732418525,False,True,GB1_IgG-Fc_fitness_1FCC_2016,52149,1.0700368509457925
1,0,13,3.0,0.001,9,52149,0.0011697252104546588,2.4960883045670803,0.7659291878140522,0.8038099000339528,10.0,0.2478842930945905,2.454773176742546,-6285.480746613903,0.24067463644749906,0.255093949741682,0.978316293837915,2.4015445964834923,5.180722275534818,5.877343633877388,87.0,False,False,False,0,0,2.5201612903225805,False,True,GB1_IgG-Fc_fitness_1FCC_2016,52149,1.011906935604069
1,1,13,3.0,0.005,51,52149,0.004813131603674087,2.2492559991855092,0.7616754317025334,0.7793051289544246,10.0,0.25075942517566946,2.638403159569401,-7928.668915733113,0.24391782594778388,0.25760102440355503,0.9579980445243998,2.527585067534484,5.481856458392094,5.877343633877388,96.5,False,False,False,3,0,10.0,False,False,GB1_IgG-Fc_fitness_1FCC_2016,52149,0.9810581642593554
1,2,13,3.0,0.02,201,52149,0.017296592456231184,2.471987763809631,0.728747143418038,0.8269843867133045,10.0,0.2651535741438028,2.4838419215283825,-6548.576392463729,0.2578508088460381,0.2724563394415675,0.928241249727161,2.305604529364219,5.515928532489067,5.877343633877388,97.0,False,False,False,0,3,40.0,False,False,GB1_IgG-Fc_fitness_1FCC_2016,52149,1.0410810273873499
2,0,13,4.0,0.001,12,52149,0.000920439509865961,3.038565358793826,0.7427156028278232,0.8008676062382921,10.0,0.31117659476197906,2.1092638154644887,-3422.692638251261,0.3022903639618229,0.3200628255621352,0.9185389818211905,1.9374410374490312,4.536609598770111,5.877343633877388,35.0,False,False,False,0,0,1.5437392795883362,False,True,GB1_IgG-Fc_fitness_1FCC_2016,52149,1.0082029161608053
2,1,13,4.0,0.005,53,52149,0.004755604134307465,2.8374138834709974,0.7500189130320228,0.7982091407823237,10.0,0.2697940023420169,2.209597247481917,-4219.283219792967,0.261673720873205,0.2779142838108288,0.9503964722429724,2.0999934290845963,4.885196421381053,5.877343633877388,67.0,False,False,False,0,2,20.0,False,True,GB1_IgG-Fc_fitness_1FCC_2016,52149,1.0048562049137246
2,2,13,4.0,0.02,212,52149,0.0206523615026175,2.5032784585498096,0.7269223992812446,0.8093285867653437,10.0,0.28801604931411984,2.4839952313336835,-6457.159685689956,0.2805211689408078,0.29551092968743187,0.9039040739263562,2.245293409216158,5.3909663861855766,5.877343633877388,95.0,False,False,False,0,2,8.576329331046313,False,False,GB1_IgG-Fc_fitness_1FCC_2016,52149,1.0188543461531117
3,0,13,6.0,0.001,7,52149,0.00028763734683311283,3.2700160738235806,0.7508127299768577,0.8019252249987472,10.0,0.22702959386597743,2.4160887453291977,-5950.022768639756,0.21992623156104427,0.2341329561709106,0.9718928773109202,2.348179442536525,5.474083631418304,5.877343633877388,96.5,False,False,False,0,0,10.0,False,False,GB1_IgG-Fc_fitness_1FCC_2016,52149,1.0095343401192365
3,1,13,6.0,0.005,56,52149,0.005752746936662256,2.426776980484199,0.7277713663231683,0.8127724464894684,10.0,0.22952850904205171,2.1579326646632166,-3772.9478647107608,0.22163012285488162,0.2374268952292218,0.9561765947762553,2.063364707054125,4.746258786051393,5.877343633877388,53.5,False,False,False,0,3,40.0,False,True,GB1_IgG-Fc_fitness_1FCC_2016,52149,1.0231897811109818
3,2,13,6.0,0.02,227,52149,0.0204030758020288,3.2717894113193937,0.7450227771260506,0.8639932210314063,10.0,0.2276722025117588,2.619571446150064,-7834.559205259633,0.22099939334524085,0.23434501167827673,0.9807336446133345,2.5691018517077757,5.886145120363218,5.877343633877388,99.5,True,False,False,3,4,59.99999999999999,False,False,GB1_IgG-Fc_fitness_1FCC_2016,52149,1.0876710185326781
0,0,14,2.0,0.001,11,52149,0.000517747224299603,1.9582272568565966,0.7538548285578999,0.8122702877982682,10.0,0.2999248604438113,2.174902458796946,-3914.889639696921,0.2914032641078268,0.30844645677979576,0.9322066619116508,2.027458561098543,4.627067440484776,5.877343633877388,43.5,False,False,False,0,1,10.0,False,True,GB1_IgG-Fc_fitness_1FCC_2016,52149,1.0225576193742603
0,1,14,2.0,0.005,66,52149,0.006193790868473029,2.303783175708532,0.7390518564525745,0.7905457774076057,10.0,0.36685012412807805,2.0365066030543857,-2775.3494290761882,0.3571792938513752,0.3765209544047809,0.879502006268152,1.7911116431646712,4.358587697287067,5.877343633877388,20.0,False,False,False,0,0,1.2006861063464838,False,True,GB1_IgG-Fc_fitness_1FCC_2016,52149,0.9952088858789581
0,2,14,2.0,0.02,219,52149,0.02019214174768452,2.0217222849868874,0.7324191945397186,0.7934975933643907,10.0,0.3122671228963188,2.090557996042442,-3291.242311816517,0.3032890686905524,0.3212451771020852,0.9246781486161407,1.9330932973551942,4.394158610849329,5.877343633877388,22.5,False,False,False,0,0,1.2912183269698019,False,True,GB1_IgG-Fc_fitness_1FCC_2016,52149,0.9989248926601278
1,0,14,3.0,0.001,12,52149,0.000920439509865961,2.08579203119616,0.7594793857847688,0.7920753756186498,10.0,0.25433870033377465,2.2244936381515443,-4324.937186103605,0.24642076544042504,0.2622566352271242,0.9685169527938196,2.154459799931771,4.74148525881351,5.877343633877388,53.5,False,False,False,0,0,1.120712228332024,False,True,GB1_IgG-Fc_fitness_1FCC_2016,52149,0.9971344792790615
1,1,14,3.0,0.005,59,52149,0.00418032944064124,2.2429010941781735,0.7428863861545427,0.8040208113857854,10.0,0.21420236431069764,2.217120368522789,-4211.057911825192,0.20667188942491954,0.22173283919647574,0.9863032916563913,2.186753117472459,5.092571705845624,5.877343633877388,82.5,False,False,False,0,0,10.0,False,True,GB1_IgG-Fc_fitness_1FCC_2016,52149,1.0121724494521918
1,2,14,3.0,0.02,208,52149,0.019636042877140502,2.292024349740205,0.7164679429588288,0.8087107240443914,10.0,0.18938605661633007,2.5626503805023315,-7117.562590761838,0.1830109442714757,0.19576116896118442,0.9704272439548304,2.486865745970675,6.183966340924979,5.877343633877388,99.5,True,False,False,2,3,49.99999999999999,False,False,GB1_IgG-Fc_fitness_1FCC_2016,52149,1.0180765259588636
2,0,14,4.0,0.001,12,52149,0.0008629120404993384,2.308641671451359,0.7364816940042935,0.7943329860686377,10.0,0.3038472536514652,2.1441603070806963,-3674.536161902186,0.295174032089404,0.3125204752135264,0.9102064251686569,1.95162848809645,4.47554993184682,5.877343633877388,32.0,False,False,False,0,0,1.37221269296741,False,True,GB1_IgG-Fc_fitness_1FCC_2016,52149,0.9999765588206775
2,1,14,4.0,0.005,68,52149,0.006404724922817312,2.728337991561668,0.7507740943352429,0.7856522991503284,10.0,0.28113265073493077,2.3510969131868915,-5350.516381255729,0.2733489828555406,0.28891631861432093,0.94142681091938,2.2133856691439338,4.943566150455877,5.877343633877388,72.0,False,False,False,0,1,20.0,False,True,GB1_IgG-Fc_fitness_1FCC_2016,52149,0.9890485430073943
2,2,14,4.0,0.02,208,52149,0.0206523615026175,2.6492777555174363,0.7187574361235285,0.8689707073537781,10.0,0.24251695739403392,2.614072577838135,-7728.452271333314,0.23570898403408047,0.24932493075398737,0.926322309000268,2.421473746197304,6.244046815418702,5.877343633877388,99.5,True,False,False,1,3,99.99999999999999,False,False,GB1_IgG-Fc_fitness_1FCC_2016,52149,1.0939371181804551
3,0,14,6.0,0.001,24,52149,0.0018600548428541295,1.9534316614543625,0.7375212333550465,0.7718668024613309,10.0,0.20774445245671483,2.5004778329820474,-6553.325470439217,0.20106181636284431,0.21442708855058534,0.9638942690534553,2.4101962531065984,5.172726237059645,5.877343633877388,87.0,False,False,False,0,1,10.0,False,True,GB1_IgG-Fc_fitness_1FCC_2016,52149,0.9716941415378997
3,1,14,6.0,0.005,58,52149,0.0053500546510958985,3.216552212632788,0.720991496431558,0.8015179364221285,10.0,0.17595479598535826,2.4773191310275324,-6089.056216802797,0.16960346896695686,0.18230612300375967,0.9607784563485241,2.3801548505913,5.55534273918234,5.877343633877388,98.0,False,False,False,0,3,20.0,False,False,GB1_IgG-Fc_fitness_1FCC_2016,52149,1.009021609266512
3,2,14,6.0,0.02,211,52149,0.019214174768451935,2.962545262350454,0.7391803932055432,0.8721007959399552,10.0,0.2967923792818383,2.5096526174226206,-6660.757645888429,0.28928318885874243,0.3043015697049342,0.9150182653904828,2.296377984726731,5.392135324130626,5.877343633877388,95.0,False,False,False,1,3,80.0,False,False,GB1_IgG-Fc_fitness_1FCC_2016,52149,1.0978775503016243
0,0,15,2.0,0.001,12,52149,0.002358626244031525,1.7458046814352524,0.7551904353132312,0.7907854280533024,10.0,0.304310531684632,2.259791974736295,-4534.557593788282,0.29605568076523986,0.31256538260402417,0.9277213758653475,2.0964573199718264,4.721446064442855,5.877343633877388,51.5,False,False,False,0,0,1.1311827133060035,False,True,GB1_IgG-Fc_fitness_1FCC_2016,52149,0.9955105792899155
0,1,15,2.0,0.005,60,52149,0.006404724922817312,1.9504231700961783,0.7360931317267361,0.8156586096298106,10.0,0.2933507180515903,1.9183675761482626,-2206.10169732559,0.2836337248147358,0.3030677112884448,0.941221799069295,1.8056093812984706,4.254498860738513,5.877343633877388,12.5,False,False,False,0,0,1.886792452830189,False,True,GB1_IgG-Fc_fitness_1FCC_2016,52149,1.0268231383250117
0,2,15,2.0,0.02,209,52149,0.017104834225009108,1.898176782118751,0.7569553940262153,0.8357832604315192,10.0,0.2993604170790841,2.5005188214923177,-6544.241633742,0.29181156066396696,0.3069092734942013,0.92598867741604,2.315452116367586,5.247867762585195,5.877343633877388,90.0,False,False,False,0,1,2.82258064516129,False,True,GB1_IgG-Fc_fitness_1FCC_2016,52149,1.0521578271886332
1,0,15,3.0,0.001,10,52149,0.0007095054555216782,1.7225474181169362,0.7536140554883066,0.7790038527149031,10.0,0.2728791006958502,2.1044461871264337,-3413.4632837790414,0.2643255055036279,0.2814326958880725,0.9538222150222465,2.007267523600056,4.561365890706306,5.877343633877388,36.0,False,False,False,0,0,0.9233362706409716,False,True,GB1_IgG-Fc_fitness_1FCC_2016,52149,0.9806788911049795
1,1,15,3.0,0.005,54,52149,0.004276208556252277,2.3169969559452035,0.743822534700441,0.7863592661404964,10.0,0.2947319871520977,2.1882037600589666,-4039.1349086400005,0.286303220430952,0.30316075387324337,0.9290640481815459,2.0329814435664635,4.773169384074598,5.877343633877388,55.00000000000001,False,False,False,0,1,10.0,False,True,GB1_IgG-Fc_fitness_1FCC_2016,52149,0.9899385355299596
1,2,15,3.0,0.02,208,52149,0.01764175727243092,2.2825875406624956,0.726990677436242,0.8460632450095449,10.0,0.198981892191169,2.338399492981258,-5109.466563028167,0.19199780622993695,0.20596597815240103,0.9797033143658386,2.290937733585135,5.18286337610108,5.877343633877388,87.5,False,False,False,0,2,10.0,False,True,GB1_IgG-Fc_fitness_1FCC_2016,52149,1.0650991802274148
2,0,15,4.0,0.001,11,52149,0.001284780149187904,1.6966523966726719,0.7576126505698506,0.7903048925261444,10.0,0.4010418536790956,2.278074285364198,-4125.437172788719,0.39214662966288455,0.4099370776953067,0.8528810838334608,1.9429264655545542,4.3409575962270734,5.877343633877388,18.5,False,False,False,0,0,1.164706333090686,False,True,GB1_IgG-Fc_fitness_1FCC_2016,52149,0.9949056387029498
2,1,15,4.0,0.005,57,52149,0.005388406297340313,2.8323745555795403,0.7324286646655394,0.8170351557797799,10.0,0.36678113449416716,1.9673054517099005,-2374.8462495765707,0.35672748505645596,0.37683478393187836,0.8875968062263112,1.746174035809318,4.227254839861856,5.877343633877388,10.5,False,False,False,0,1,10.0,False,True,GB1_IgG-Fc_fitness_1FCC_2016,52149,1.0285560562652787
2,2,15,4.0,0.02,210,52149,0.019520987938407255,2.742232580650556,0.7359607430625679,0.8133001890885619,10.0,0.21334809930242946,2.5016624623144863,-6660.278094206034,0.20658978068735234,0.22010641791750657,0.9819905530412082,2.456608904890633,5.813077050993956,5.877343633877388,98.5,False,False,False,1,3,80.0,False,False,GB1_IgG-Fc_fitness_1FCC_2016,52149,1.0238541501318335
3,0,15,6.0,0.001,9,52149,0.001073846094843621,3.060312482062697,0.7435552873449377,0.8228790725320365,10.0,0.3442881596197567,2.1368725495559113,-3527.031246844359,0.3352477373305333,0.35332858190898003,0.8965366135964965,1.9157844792661685,4.395431046947335,5.877343633877388,22.5,False,False,False,0,0,1.886792452830189,False,True,GB1_IgG-Fc_fitness_1FCC_2016,52149,1.0359128951054715
3,1,15,6.0,0.005,59,52149,0.004928186542407333,3.5250176777369164,0.759367498223631,0.8074213829323981,10.0,0.2714240033156543,2.293169837639974,-4870.411355038377,0.26356483450591467,0.27928317212539394,0.956392783447275,2.1931710839378304,4.768259980402666,5.877343633877388,54.50000000000001,False,False,False,0,3,40.0,False,True,GB1_IgG-Fc_fitness_1FCC_2016,52149,1.0164533894267926
3,2,15,6.0,0.02,194,52149,0.019233350591574144,3.0381690155782874,0.7396870941351097,0.8423413729767972,10.0,0.19844973580136432,2.66639438729036,-8100.544343480549,0.19217893792829957,0.20472053367442908,0.986500544916444,2.630399516024088,5.845294311597151,5.877343633877388,98.5,False,False,False,3,3,40.0,False,False,GB1_IgG-Fc_fitness_1FCC_2016,52149,1.0604137588072393
0,0,16,2.0,0.001,13,52149,0.0006903296323994707,1.4328178844065715,0.760472887425213,0.8052912890012043,10.0,0.23053646212293985,2.4328458171032508,-6014.60957470056,0.22346205652715156,0.23761086771872814,0.9715230089603586,2.3635656885687726,5.102524923971223,5.877343633877388,83.0,False,False,False,0,0,1.6129876931133804,False,True,GB1_IgG-Fc_fitness_1FCC_2016,52149,1.0137718389477899
0,1,16,2.0,0.005,47,52149,0.004161153617519032,1.4884028965034415,0.7436486770216728,0.8152422168233887,10.0,0.3565029136408981,2.070118502247374,-3019.118456119584,0.34707719133358306,0.3659286359482131,0.8880127838544599,1.8382916940893155,4.2943086708725735,5.877343633877388,14.000000000000002,False,False,False,0,0,1.7152658662092626,False,True,GB1_IgG-Fc_fitness_1FCC_2016,52149,1.0262989462632617
0,2,16,2.0,0.02,239,52149,0.022397361406738384,1.7930994887752734,0.7322997662407543,0.820860519685968,10.0,0.2804903704600403,2.4393810363097725,-6068.26166472066,0.27295463832242006,0.2880261025976605,0.9153253583182536,2.232827321134995,5.090050142310528,5.877343633877388,82.5,False,False,False,0,2,20.0,False,True,GB1_IgG-Fc_fitness_1FCC_2016,52149,1.0333717624014156
1,0,16,3.0,0.001,10,52149,0.0010163186254769985,2.9454459039847474,0.7682014922482234,0.8091037193740376,10.0,0.20349194570025064,2.7229910808375806,-8725.2981973672,0.19725240693952095,0.20973148446098033,1.000368111618827,2.7239934454923995,5.870813167281738,5.877343633877388,99.0,False,False,False,3,1,10.0,False,False,GB1_IgG-Fc_fitness_1FCC_2016,52149,1.0185712632091912
1,1,16,3.0,0.005,55,52149,0.004851483249918503,2.4267949381650724,0.7550565535979448,0.8220847952451589,10.0,0.27944757868330267,2.3593942469818696,-5435.715092802391,0.2717002261657615,0.28719493120084383,0.9469193427547451,2.2341560496513986,5.082504219172218,5.877343633877388,82.0,False,False,False,0,1,2.9159519725557463,False,True,GB1_IgG-Fc_fitness_1FCC_2016,52149,1.0349129886657147
1,2,16,3.0,0.02,209,52149,0.01693225181690924,2.263838760876301,0.7410440862425223,0.8626155572688997,10.0,0.35234415077870035,2.295348503349445,-4616.977797644737,0.34382507942186846,0.36086322213553224,0.8884788816768564,2.039368671314561,4.823953417373373,5.877343633877388,60.5,False,False,False,0,2,10.0,False,True,GB1_IgG-Fc_fitness_1FCC_2016,52149,1.0859366936429846
2,0,16,4.0,0.001,12,52149,0.0014190109110433565,1.8761303943041363,0.7402842261767759,0.8038734428052556,10.0,0.3055233830190191,2.1870664596864957,-4005.215643701609,0.29699368593009406,0.31405308010794414,0.9184068669702481,2.008616855096387,4.586530482143668,5.877343633877388,38.5,False,False,False,0,0,10.0,False,True,GB1_IgG-Fc_fitness_1FCC_2016,52149,1.01198692885992
2,1,16,4.0,0.005,65,52149,0.0048323074267962954,2.8546291653898095,0.7506294166693908,0.8111378701658507,10.0,0.23871489824015624,2.353952367764312,-5412.415412947797,0.2313387370800039,0.24609105940030856,0.9654739129795924,2.2726796034729864,5.091095733720675,5.877343633877388,82.5,False,False,False,0,1,10.0,False,True,GB1_IgG-Fc_fitness_1FCC_2016,52149,1.0211320319857555
2,2,16,4.0,0.02,236,52149,0.01957851540777388,2.715008487508416,0.7186265046203881,0.8821003678628252,10.0,0.3320450900517768,2.302643617761146,-4788.142173127271,0.32370267983033635,0.34038750027321724,0.8782638923147104,2.0223287463485304,5.049715825646134,5.877343633877388,79.5,False,False,False,0,2,10.0,False,True,GB1_IgG-Fc_fitness_1FCC_2016,52149,1.1104658951097643
3,0,16,6.0,0.001,13,52149,0.0011697252104546588,3.437145456555242,0.7691934685411231,0.7753194050825831,10.0,0.27410847988688475,2.5653079333620004,-7213.665465874277,0.2669126214113991,0.2813043383623704,0.9412141172807136,2.4145040420525268,5.430793877490836,5.877343633877388,95.5,False,False,False,2,1,4.435483870967742,False,False,GB1_IgG-Fc_fitness_1FCC_2016,52149,0.9760405828272921
3,1,16,6.0,0.005,59,52149,0.0043912634949855225,2.4916143200467133,0.7506042870487459,0.8110998970979503,10.0,0.35440060106441706,1.963302405665764,-2386.5823104867013,0.3444184272405365,0.3643827748882976,0.9172230271081846,1.800786175653533,4.144329680291239,5.877343633877388,6.5,False,False,False,0,0,0.9857688302672681,False,True,GB1_IgG-Fc_fitness_1FCC_2016,52149,1.0210842281321666
3,2,16,6.0,0.02,229,52149,0.020614009856373086,2.949572512898075,0.73669502016001,0.8685158879039545,10.0,0.2309358864609433,2.7040296531629866,-8637.90544387803,0.22438711302166298,0.2374846599002236,0.9538118019590553,2.5791353960341077,6.251578871158078,5.877343633877388,99.5,True,False,False,2,3,40.0,False,False,GB1_IgG-Fc_fitness_1FCC_2016,52149,1.093364551264192
0,0,17,2.0,0.001,12,52149,0.0007862087480105084,1.8277225445856773,0.7408687469871955,0.7839500505562627,10.0,0.37896219148045507,1.998396532910842,-2505.06186888105,0.3689992312595327,0.3889251517013774,0.8790110944090407,1.7566127234571918,4.153205959958368,5.877343633877388,6.5,False,False,False,0,0,1.0291595197255576,False,True,GB1_IgG-Fc_fitness_1FCC_2016,52149,0.9869056020478656
0,1,17,2.0,0.005,60,52149,0.005119944773629408,1.696374773443218,0.7651935338196345,0.7865757443791698,10.0,0.2358807203121132,2.412673892933249,-5909.109978803666,0.22868380306763794,0.24307763755658848,0.9815662300639567,2.3681992174602193,5.255565226888442,5.877343633877388,90.0,False,False,False,0,0,2.923387096774194,False,True,GB1_IgG-Fc_fitness_1FCC_2016,52149,0.9902110574671883
0,2,17,2.0,0.02,224,52149,0.019463460469040635,1.6210874896936975,0.7101133828127779,0.8398362177056511,10.0,0.36546860147501603,2.0680207110244395,-3008.4521785613324,0.35595699445347134,0.3749802084965607,0.863387410406035,1.785503046357438,4.417530192849885,5.877343633877388,25.5,False,False,False,0,0,1.7152658662092626,False,True,GB1_IgG-Fc_fitness_1FCC_2016,52149,1.057260047968979
1,0,17,3.0,0.001,5,52149,0.0010163186254769985,2.045329928040895,0.7579724772458174,0.7850785137587892,10.0,0.28736930090876545,2.2351274005839334,-4377.585994084191,0.2791792297846637,0.2955593720328672,0.9391165084607278,2.099045040401286,4.651146992908377,5.877343633877388,46.0,False,False,False,0,0,1.1059247865061264,False,True,GB1_IgG-Fc_fitness_1FCC_2016,52149,0.9883262112505669
1,1,17,3.0,0.005,52,52149,0.005388406297340313,3.2163759049994183,0.7554510025798197,0.8040119419059957,10.0,0.26248989769787273,2.3921860702494664,-5774.433981759794,0.25497923322344546,0.2700005621723,0.9609949921812961,2.2988788338755914,5.322818305119865,5.877343633877388,93.0,False,False,False,1,1,3.528225806451613,False,True,GB1_IgG-Fc_fitness_1FCC_2016,52149,1.012161283767228
1,2,17,3.0,0.02,256,52149,0.023413680032215382,2.272003874335343,0.7151309747166144,0.8663425321947152,10.0,0.30379160122167975,2.2537541615962526,-4520.657583104417,0.29551636513212515,0.31206683731123436,0.9023134919412273,2.033592787526988,4.8707458619103985,5.877343633877388,64.5,False,False,False,0,3,40.0,False,True,GB1_IgG-Fc_fitness_1FCC_2016,52149,1.0906285390359014
2,0,17,4.0,0.001,8,52149,0.0005560988705440182,1.9312747193225235,0.746504997439156,0.7834500388829131,10.0,0.2654135251686922,2.2935207845896515,-4884.279965226102,0.2576105946483035,0.27321645568908093,0.9401457844630584,2.1562438972103672,4.967557764345962,5.877343633877388,75.0,False,False,False,0,0,1.277821419219691,False,True,GB1_IgG-Fc_fitness_1FCC_2016,52149,0.9862761431669486
2,1,17,4.0,0.005,59,52149,0.007075878732094575,2.799242862996418,0.7372568870831157,0.8117126868927681,10.0,0.2867795837784285,2.505214583357418,-6613.4313215644215,0.27935141843149514,0.29420774912536185,0.9010691429005326,2.2573715574077835,5.136035259396052,5.877343633877388,85.0,False,False,False,0,1,10.0,False,True,GB1_IgG-Fc_fitness_1FCC_2016,52149,1.0218556620786972
2,2,17,4.0,0.02,216,52149,0.02088247138008399,2.738643942930237,0.7517423447597678,0.8390814606309621,10.0,0.23450004169199465,2.7224710220964017,-8823.97795943945,0.22794827289220101,0.24105181049178828,0.9743554410594399,2.6526544535062837,6.2397525060769885,5.877343633877388,99.5,True,False,False,3,3,49.99999999999999,False,False,GB1_IgG-Fc_fitness_1FCC_2016,52149,1.0563098930647639
3,0,17,6.0,0.001,13,52149,0.0011121977410880363,3.379054815205789,0.7418749616922113,0.7943117516500321,10.0,0.24656997050188134,2.544865147101416,-7035.874924355827,0.23959127166921101,0.25354866933455167,0.9267184648768491,2.358373522440421,5.1697255284963335,5.877343633877388,87.0,False,False,False,0,1,10.0,False,True,GB1_IgG-Fc_fitness_1FCC_2016,52149,0.9999498270580311
3,1,17,6.0,0.005,62,52149,0.005445933766706936,2.8519875624722264,0.7541027368975559,0.8526290192432248,10.0,0.2237883227675379,2.377123110878211,-5618.559225672972,0.21661159516175868,0.23096505037331713,0.9946395409624327,2.3643806398150944,5.450788538812089,5.877343633877388,95.5,False,False,False,1,2,10.0,False,False,GB1_IgG-Fc_fitness_1FCC_2016,52149,1.0733647570564517
3,2,17,6.0,0.02,206,52149,0.018600548428541294,2.9396449861455674,0.7418728900352218,0.7976836459012759,10.0,0.24110641829749088,2.4630156345252714,-6350.267170144594,0.23398731064130454,0.24822552595367722,0.9621851002102344,2.369876945125072,5.6410721466457385,5.877343633877388,98.5,False,False,False,1,3,40.0,False,False,GB1_IgG-Fc_fitness_1FCC_2016,52149,1.004194665518982
0,0,18,2.0,0.001,7,52149,0.0003835164624441504,1.7065081609139825,0.7274362759430911,0.7883639790799581,10.0,0.3238119697947925,2.002773039492722,-2679.9376475867466,0.31430879303991843,0.33331514654966654,0.8971129634658889,1.7967136566089013,4.198696990291527,5.877343633877388,9.0,False,False,False,0,0,1.0291595197255576,False,True,GB1_IgG-Fc_fitness_1FCC_2016,52149,0.992462245336533
0,1,18,2.0,0.005,56,52149,0.005465109589829143,1.892388486802083,0.7599500994678383,0.7848024742779223,10.0,0.2457958783898238,2.5675050000715247,-7303.833300926402,0.23885729343650078,0.2527344633431468,0.9567553371341484,2.4564741119370432,5.39299461934115,5.877343633877388,95.0,False,False,False,2,0,3.528225806451613,False,False,GB1_IgG-Fc_fitness_1FCC_2016,52149,0.9879787083581815
0,2,18,2.0,0.02,220,52149,0.019846976931484784,2.0303604828405977,0.7379859717789499,0.8327151893955975,10.0,0.19551500316070086,2.5609741374930595,-7082.750542565802,0.18908137390760565,0.20194863241379607,0.9915508929953217,2.539336192969167,5.614969356160172,5.877343633877388,98.5,False,False,False,2,2,29.999999999999996,False,False,GB1_IgG-Fc_fitness_1FCC_2016,52149,1.048295468240275
1,0,18,3.0,0.001,15,52149,0.0008245603942549234,2.391956088021656,0.7383741648605273,0.8112191228571694,10.0,0.275376144420567,2.165457332678134,-3875.8382706834527,0.26704322471642344,0.2837090641247106,0.9279179376588607,2.0093667022269512,4.6118605248833,5.877343633877388,41.5,False,False,False,0,1,2.4013722126929675,False,True,GB1_IgG-Fc_fitness_1FCC_2016,52149,1.0212343200539646
1,1,18,3.0,0.005,57,52149,0.005330878827973691,2.1188628762760287,0.7360515206605857,0.8071620991203252,10.0,0.2771918749297043,2.351618905830112,-5350.456866120978,0.26945258291387497,0.28493116694553366,0.912338711594458,2.1454729627062137,5.0340233759538355,5.877343633877388,77.5,False,False,False,0,1,10.0,False,True,GB1_IgG-Fc_fitness_1FCC_2016,52149,1.0161269800509996
1,2,18,3.0,0.02,256,52149,0.023758844848415117,2.3454597603075458,0.74047568618559,0.8466059348368014,10.0,0.24162401677902914,2.403720068867687,-5861.7391119827225,0.23434986291339158,0.2488981706446667,0.9664391399753738,2.3230491560980338,5.717915599423896,5.877343633877388,98.5,False,False,False,1,2,6.518010291595198,False,False,GB1_IgG-Fc_fitness_1FCC_2016,52149,1.0657823661399786
2,0,18,4.0,0.001,17,52149,0.0011505493873324513,3.219983099564474,0.7625945931649675,0.7737205576611245,10.0,0.23971678260980764,2.560048697502874,-7180.292017100786,0.23283470023181874,0.24659886498779654,0.9575912043781083,2.4514801155083843,5.304308267094906,5.877343633877388,92.5,False,False,False,1,1,10.0,False,True,GB1_IgG-Fc_fitness_1FCC_2016,52149,0.9740278124015006
2,1,18,4.0,0.005,57,52149,0.005273351358607068,3.2165000338657324,0.7365849288622544,0.8164287879216994,10.0,0.2154468568490011,2.197172686201127,-4078.79575496295,0.20782935909391753,0.2230643546040847,0.9790751266822983,2.1511971260852545,4.894337628859543,5.877343633877388,68.0,False,False,False,0,3,40.0,False,True,GB1_IgG-Fc_fitness_1FCC_2016,52149,1.0277927068202255
2,2,18,4.0,0.02,205,52149,0.017507526510575466,2.593408881759645,0.729007022540965,0.8442743011554957,10.0,0.28355056926179284,2.1933272931247334,-4075.768655114458,0.27524645863253067,0.291854679891055,0.9287481585917764,2.0370486846786813,4.79462032178864,5.877343633877388,59.0,False,False,False,0,2,10.0,False,True,GB1_IgG-Fc_fitness_1FCC_2016,52149,1.0628470996132768
3,0,18,6.0,0.001,11,52149,0.0007286812786438858,4.237433371717103,0.753243707625595,0.8128350528896995,10.0,0.2651479294585024,2.223407150438909,-4342.633547030098,0.2571135004036656,0.2731823585133392,0.9593127991483582,2.1329429371340245,4.738691195910153,5.877343633877388,53.5,False,False,False,0,1,10.0,False,True,GB1_IgG-Fc_fitness_1FCC_2016,52149,1.0232685955801795
3,1,18,6.0,0.005,49,52149,0.005292527181729276,2.8516301774242176,0.7569118844090608,0.8096565585612735,10.0,0.2530373938403808,2.334935679500668,-5241.456650036649,0.24547063177640147,0.26060415590436015,0.9635231532026726,2.2497645884379085,5.024764240876311,5.877343633877388,77.0,False,False,False,0,2,29.999999999999996,False,True,GB1_IgG-Fc_fitness_1FCC_2016,52149,1.0192672260330058
3,2,18,6.0,0.02,223,52149,0.019597691230896087,2.907309940802267,0.7341459628676144,0.8366992760500823,10.0,0.28041666784960195,2.3234452106934707,-5126.363976686,0.27256388148959554,0.28826945420960837,0.9264123515362531,2.152468341304183,5.0103466926715,5.877343633877388,76.5,False,False,False,0,3,20.0,False,True,GB1_IgG-Fc_fitness_1FCC_2016,52149,1.0533109885984473
0,0,19,2.0,0.001,9,52149,0.0004985714011773955,1.724393321325827,0.7690538266837583,0.8045296942774013,10.0,0.28474397236752436,2.21840123223266,-4261.0638544978865,0.27651952443430533,0.2929684203007434,0.9573791665914068,2.1238511228802537,4.74677140860168,5.877343633877388,54.0,False,False,False,0,0,1.1730819586279129,False,True,GB1_IgG-Fc_fitness_1FCC_2016,52149,1.0128130762066203
0,1,19,2.0,0.005,64,52149,0.006136263399106406,1.7459135544777276,0.7526616042660628,0.8087111013706326,10.0,0.2820965893277863,2.180203587676776,-3986.638828928437,0.2737571139691615,0.2904360646864111,0.9452086615274484,2.060747314965306,4.725071855010099,5.877343633877388,52.5,False,False,False,0,0,1.0481391400119313,False,True,GB1_IgG-Fc_fitness_1FCC_2016,52149,1.0180770009704807
0,2,19,2.0,0.02,232,52149,0.021476921896872423,1.7319382203767049,0.7348576257974007,0.8254254311633903,10.0,0.19927116386481844,2.47030275189486,-6294.090478840575,0.1925971084906493,0.2059452192389876,0.9948301081018449,2.4575315537118487,5.535328280486059,5.877343633877388,97.5,False,False,False,1,2,20.0,False,False,GB1_IgG-Fc_fitness_1FCC_2016,52149,1.039118476374741
1,0,19,3.0,0.001,17,52149,0.001514890026654394,2.7510588503008644,0.7267089469567152,0.7975021818667409,10.0,0.25356264009179486,2.071355705093921,-3192.9565037193242,0.24505114125158764,0.26207413893200204,0.9378356044974948,1.9425911298160918,4.502616048584965,5.877343633877388,33.5,False,False,False,0,0,10.0,False,True,GB1_IgG-Fc_fitness_1FCC_2016,52149,1.003966222556161
1,1,19,3.0,0.005,61,52149,0.0054267579435847285,2.6633132709093346,0.762223849792365,0.8329392826777233,10.0,0.27467806433942515,2.324022754261958,-5157.656527607469,0.26687470421477777,0.28248142446407254,0.957012495414796,2.224118815457004,5.136416759741413,5.877343633877388,85.0,False,False,False,0,1,5.831903945111493,False,True,GB1_IgG-Fc_fitness_1FCC_2016,52149,1.0485775766671503
1,2,19,3.0,0.02,203,52149,0.01754587815681988,2.0848332225360346,0.7101393499849353,0.8149635824090383,10.0,0.22344831160991474,2.168779680814613,-3860.3743817436625,0.21564952962787884,0.23124709359195064,0.9513266472803678,2.0632179024391517,4.9294108283377644,5.877343633877388,71.0,False,False,False,0,3,59.99999999999999,False,True,GB1_IgG-Fc_fitness_1FCC_2016,52149,1.0259481766392906
2,0,19,4.0,0.001,13,52149,0.0019367581353429595,2.022728497637579,0.7456300791277557,0.8010202207835293,10.0,0.30274676752012464,2.1928369331543394,-4024.8619526228867,0.2942737328113161,0.3112198022289332,0.9143856186438334,2.005098555707377,4.595037530967083,5.877343633877388,38.5,False,False,False,0,0,1.0413051023950015,False,True,GB1_IgG-Fc_fitness_1FCC_2016,52149,1.0083950408370415
2,1,19,4.0,0.005,46,52149,0.003835164624441504,2.6683216049895506,0.750823555140549,0.7836651474559161,10.0,0.33380438145464775,2.0533605693215438,-3005.6503430285957,0.3244728805139446,0.3431358823953509,0.9193883429899246,1.8878357713893823,4.595009509936426,5.877343633877388,38.5,False,False,False,0,1,4.802744425385935,False,True,GB1_IgG-Fc_fitness_1FCC_2016,52149,0.9865469408479928
2,2,19,4.0,0.02,203,52149,0.020077086808951275,2.5801366138518906,0.7075374685494153,0.8314071547236929,10.0,0.20114886705933388,2.321191926751723,-4999.619935639377,0.1940872069555164,0.20821052716315136,0.949662951103486,2.204349975236628,5.227342836691906,5.877343633877388,90.0,False,False,False,0,3,29.999999999999996,False,True,GB1_IgG-Fc_fitness_1FCC_2016,52149,1.04664879860302
3,0,19,6.0,0.001,15,52149,0.000997142802354791,3.690606674366385,0.7520553552386254,0.8005910117877444,10.0,0.3421570412464499,2.1194854039727296,-3401.20277544047,0.3330621415932801,0.3512519408996197,0.9082434866987515,1.9250088133113037,4.503043722505478,5.877343633877388,33.5,False,False,False,0,1,10.0,False,True,GB1_IgG-Fc_fitness_1FCC_2016,52149,1.0078547146235424
3,1,19,6.0,0.005,42,52149,0.0037776371550748817,2.8080176113684754,0.7383330520536806,0.7890649459627518,10.0,0.2807365861678841,2.0347062837378096,-2936.3253714285092,0.27178660120309744,0.28968657113267077,0.9385117763167886,1.9095958086337033,4.418424168395533,5.877343633877388,25.5,False,False,False,0,1,10.0,False,True,GB1_IgG-Fc_fitness_1FCC_2016,52149,0.9933446843937003
3,2,19,6.0,0.02,219,52149,0.020288020863295557,2.9881744649077704,0.7455667635632495,0.8018783571239246,10.0,0.22505445980850677,2.651815414091185,-8093.114506243321,0.21847469981079115,0.2316342198062224,0.9787048620718947,2.5953446390882378,5.778290384397278,5.877343633877388,98.5,False,False,False,3,3,69.99999999999999,False,False,GB1_IgG-Fc_fitness_1FCC_2016,52149,1.0094753386966513
0,0,20,2.0,0.001,8,52149,0.0009012636867437535,1.9104147563497509,0.7564834259174651,0.7977004942113977,10.0,0.3179829709913609,2.2663063271941355,-4563.926402420329,0.3096282688161357,0.32633767316658613,0.9221143160791648,2.0897935089265043,4.620459578564282,5.877343633877388,42.5,False,False,False,0,0,1.1940298507462686,False,True,GB1_IgG-Fc_fitness_1FCC_2016,52149,1.0042158756606643
0,1,20,2.0,0.005,44,52149,0.003911867916930334,1.7005994917720275,0.7584423758902689,0.7795571944008568,10.0,0.18001239927163962,2.5347196262632656,-6660.134671811713,0.17372325161539606,0.18630154692788317,1.0047394530725846,2.5467328109840994,5.633518241746211,5.877343633877388,98.5,False,False,False,1,0,4.435483870967742,False,False,GB1_IgG-Fc_fitness_1FCC_2016,52149,0.9813754865185863
0,2,20,2.0,0.02,211,52149,0.02044142744827322,2.019803194517377,0.7388687190326702,0.8018563855618267,10.0,0.3722882351089777,2.221626428891984,-3933.6948959948786,0.3633837905633684,0.381192679654587,0.8687369581481966,1.930008985977263,4.373797853452127,5.877343633877388,21.0,False,False,False,0,0,1.37221269296741,False,True,GB1_IgG-Fc_fitness_1FCC_2016,52149,1.0094476789526348
1,0,20,3.0,0.001,6,52149,0.00034516481619973537,2.9988006045282045,0.748651074550249,0.7720297357216597,10.0,0.32800719670120904,2.016488821882362,-2754.1435624053993,0.31854202535631626,0.3374723680461018,0.9167915699761258,1.848699952852839,4.246946983467182,5.877343633877388,11.0,False,False,False,0,0,1.37221269296741,False,True,GB1_IgG-Fc_fitness_1FCC_2016,52149,0.971899256324568
1,1,20,3.0,0.005,63,52149,0.0063088458072062745,2.427551487410721,0.7458706310440618,0.7878959731826294,10.0,0.30116356680726236,2.242960768720024,-4433.667755418428,0.2928765354917513,0.3094505981227734,0.9234401221468707,2.0712399662374583,4.836617441291724,5.877343633877388,61.5,False,False,False,0,1,10.0,False,True,GB1_IgG-Fc_fitness_1FCC_2016,52149,0.9918730781548517
1,2,20,3.0,0.02,214,52149,0.016836372701298202,2.3890225861752636,0.7469934685713184,0.8249052178463081,10.0,0.20169162238261834,2.393779948571477,-5621.648070169205,0.1948157184093882,0.2085675263558485,1.0004675852490283,2.394899244764849,5.543353962462995,5.877343633877388,97.5,False,False,False,1,2,3.945111492281304,False,False,GB1_IgG-Fc_fitness_1FCC_2016,52149,1.0384635858794549
2,0,20,4.0,0.001,10,52149,0.0009779669792325835,2.444028256759667,0.7398173171845899,0.8250788902775453,10.0,0.30222333752968567,2.3270837156810193,-5051.410959050816,0.29420412549715197,0.31024254956221936,0.8965513051927633,2.086349942586643,4.629660907501727,5.877343633877388,44.0,False,False,False,0,0,1.5437392795883362,False,True,GB1_IgG-Fc_fitness_1FCC_2016,52149,1.0386822200834933
2,1,20,4.0,0.005,62,52149,0.004314560202496692,3.091262820765773,0.7625912320495772,0.7994006463083777,10.0,0.25127079162679145,2.406232107042089,-5811.280384004931,0.24392583043765112,0.25861575281593174,0.9599640684264567,2.3098963630544893,5.182634392890816,5.877343633877388,87.5,False,False,False,0,1,10.0,False,True,GB1_IgG-Fc_fitness_1FCC_2016,52149,1.006356177364392
2,2,20,4.0,0.02,194,52149,0.020671537325739706,2.573662895773147,0.7183213360517678,0.8204949307855753,10.0,0.20675689874938688,2.313455315606422,-4979.066222662863,0.19960584579759277,0.213907951701181,0.9710145719848169,2.246398823089569,5.623739564545217,5.877343633877388,98.5,False,False,False,0,3,49.99999999999999,False,False,GB1_IgG-Fc_fitness_1FCC_2016,52149,1.0329115267861644
3,0,20,6.0,0.001,9,52149,0.0007286812786438858,3.0569096038675685,0.7431040972064977,0.8095723314239995,10.0,0.45154221707955183,1.9849565517598475,-2121.0680082614417,0.4410069946245426,0.46207743953456104,0.836455552129554,1.660327928455459,3.8753229039496517,5.877343633877388,0.0,False,False,False,0,0,0.9545225092928272,False,True,GB1_IgG-Fc_fitness_1FCC_2016,52149,1.0191611934693736
3,1,20,6.0,0.005,53,52149,0.005196648066118238,2.746635250145106,0.763356879857853,0.8167776528118001,10.0,0.31099835818596744,2.2613755320420865,-4558.7591031112825,0.30268633117660665,0.31931038519532823,0.9437174314341112,2.1340995086067047,4.6681873895182555,5.877343633877388,47.5,False,False,False,0,1,10.0,False,True,GB1_IgG-Fc_fitness_1FCC_2016,52149,1.0282318887734048
3,2,20,6.0,0.02,222,52149,0.018696427544152332,2.846506025278972,0.707433526037016,0.8714190288859114,10.0,0.2737969843597231,2.0998461478554016,-3438.2567220398632,0.26519862987595333,0.2823953388434929,0.9236801266522826,1.939586155801385,5.027422608284533,5.877343633877388,77.5,False,False,False,0,3,40.0,False,True,GB1_IgG-Fc_fitness_1FCC_2016,52149,1.0970192816855946
0,0,21,2.0,0.001,10,52149,0.0011313735642102438,1.9546729482159393,0.7374990296842636,0.7715847813705846,10.0,0.21344610504941108,2.3212179013880045,-5004.006862063281,0.2062611435119789,0.22063106658684326,0.9615088340566103,2.231871517954912,4.899114580656864,5.877343633877388,69.0,False,False,False,0,0,1.118407740558836,False,True,GB1_IgG-Fc_fitness_1FCC_2016,52149,0.9713391084663977
0,1,21,2.0,0.005,66,52149,0.0054267579435847285,1.8139362216835406,0.7175397202455652,0.8080318630492416,10.0,0.2979028176228251,1.8688546573959368,-1916.941307004774,0.28781131707554625,0.307994318170104,0.9165942005388648,1.7129813406191625,4.142327812040629,5.877343633877388,6.5,False,False,False,0,0,0.8576329331046313,False,True,GB1_IgG-Fc_fitness_1FCC_2016,52149,1.0172219157465807
0,2,21,2.0,0.02,218,52149,0.01888818577537441,1.8817631805483481,0.7296949470902273,0.8598294788331292,10.0,0.32386610826607853,2.266156242142211,-4528.276259980048,0.3154697955504934,0.33226242098166364,0.8950713188087662,2.0283714562809463,4.746130866607338,5.877343633877388,53.5,False,False,False,0,0,10.0,False,True,GB1_IgG-Fc_fitness_1FCC_2016,52149,1.0824293318996496
1,0,21,3.0,0.001,9,52149,0.0009012636867437535,3.1890622563767073,0.7462870708581942,0.7950666248396365,10.0,0.3623346625965416,1.995175524033329,-2527.9273191321117,0.35247983768000013,0.3721894875130831,0.8941592445743216,1.784004639362818,4.144610681343367,5.877343633877388,6.5,False,False,False,0,0,1.0291595197255576,False,True,GB1_IgG-Fc_fitness_1FCC_2016,52149,1.0009001281379633
1,1,21,3.0,0.005,54,52149,0.0051007689505072,2.4985656071608164,0.7468767815817594,0.7920436345309531,10.0,0.30262584647553437,2.1530399383855756,-3730.581940868782,0.2940025516653386,0.3112491412857301,0.9265440934295474,1.9948864378290716,4.508865125527972,5.877343633877388,33.5,False,False,False,0,1,2.2298456260720414,False,True,GB1_IgG-Fc_fitness_1FCC_2016,52149,0.9970945207928789
1,2,21,3.0,0.02,223,52149,0.021534449366239047,2.4268688990775433,0.7523370213566161,0.8418820389335716,10.0,0.290340689854798,2.4581413493701554,-6226.044369366515,0.28276593146967827,0.2979154482399177,0.9390538877612994,2.3083271907928506,5.115662808394011,5.877343633877388,84.0,False,False,False,0,2,3.430531732418525,False,True,GB1_IgG-Fc_fitness_1FCC_2016,52149,1.059835508521843
2,0,21,4.0,0.001,13,52149,0.001399835087921149,2.2893667377023537,0.7495348339265462,0.7913717758037031,10.0,0.22940118212704722,2.3767371184358272,-5540.434652551019,0.22219378937088607,0.23660857488320836,0.9624682355263928,2.287533980691014,5.2673665849938525,5.877343633877388,90.0,False,False,False,0,2,20.0,False,True,GB1_IgG-Fc_fitness_1FCC_2016,52149,0.9962487256542253
2,1,21,4.0,0.005,65,52149,0.006193790868473029,2.801084523218008,0.7119135966614214,0.8416510317486688,10.0,0.21460838448494288,2.140501175735558,-3591.8852261041757,0.20681154497565682,0.22240522399422893,0.9487091815263152,2.0307131184881966,4.644783466750729,5.877343633877388,46.0,False,False,False,0,1,3.0874785591766725,False,True,GB1_IgG-Fc_fitness_1FCC_2016,52149,1.0595446962631638
2,2,21,4.0,0.02,215,52149,0.019060768183474276,2.5799139750587585,0.7446384289148701,0.8450192835855506,10.0,0.22030972395463672,2.7709058708070122,-9263.407833321748,0.21397880822204518,0.22664063968722825,0.9639613796199143,2.671046246020048,6.1867792836059365,5.877343633877388,99.5,True,False,False,3,3,29.999999999999996,False,False,GB1_IgG-Fc_fitness_1FCC_2016,52149,1.063784949331032
3,0,21,6.0,0.001,14,52149,0.0009779669792325835,1.7972865409793348,0.7395176774849677,0.7857795585086546,10.0,0.24769187368636372,2.076399488047834,-3210.2892788799945,0.2392672435932608,0.25611650377946665,0.9606635424418735,1.9947212877125249,4.621363862124435,5.877343633877388,42.5,False,False,False,0,0,1.37221269296741,False,True,GB1_IgG-Fc_fitness_1FCC_2016,52149,0.9892087483336851
3,1,21,6.0,0.005,48,52149,0.003202362461408656,2.66675995688662,0.7574807208755286,0.7827287748976743,10.0,0.27679492633395614,2.3085258001764,-5036.968424578983,0.26892054810299065,0.2846693045649216,0.9554254897301793,2.205624393188291,5.05700448810954,5.877343633877388,80.0,False,False,False,0,1,10.0,False,True,GB1_IgG-Fc_fitness_1FCC_2016,52149,0.9853681523235492
3,2,21,6.0,0.02,243,52149,0.022128899883027478,3.106427129720916,0.7337744138264943,0.8304693007700725,10.0,0.23411445143822057,2.4168992156747575,-5954.492051820009,0.22694512221163407,0.24128378066480707,0.9671521075306673,2.3375091701290582,5.40529287518053,5.877343633877388,95.0,False,False,False,0,3,49.99999999999999,False,False,GB1_IgG-Fc_fitness_1FCC_2016,52149,1.0454681451671615
0,0,22,2.0,0.001,10,52149,0.0011697252104546588,1.528632512642435,0.7392769137853152,0.8178363507496559,10.0,0.3904863468483803,1.9305577565947227,-2112.761648822634,0.3800230761032253,0.4009496175935353,0.887562697796037,1.713491050694277,4.1557931003680055,5.877343633877388,7.000000000000001,False,False,False,0,0,1.2912183269698019,False,True,GB1_IgG-Fc_fitness_1FCC_2016,52149,1.029564671295716
0,1,22,2.0,0.005,45,52149,0.005388406297340313,1.858002093607577,0.7573876911314847,0.7971804575397846,10.0,0.29960385948905705,2.3316265613791267,-5130.884896245698,0.29160824876677527,0.3075994702113388,0.935307104552505,2.180786888021225,4.8624735125065355,5.877343633877388,64.5,False,False,False,0,0,1.4244566640481802,False,True,GB1_IgG-Fc_fitness_1FCC_2016,52149,1.003561207542305
0,2,22,2.0,0.02,209,52149,0.01792939461926403,1.7839909961037297,0.7530538551971763,0.8264212228331453,10.0,0.3290732395386602,2.455684597700882,-5965.545099056966,0.3211894873578848,0.3369569917194356,0.8998553896212944,2.209761020451139,4.960640687556596,5.877343633877388,74.0,False,False,False,0,0,10.0,False,True,GB1_IgG-Fc_fitness_1FCC_2016,52149,1.0403720669276806
1,0,22,3.0,0.001,11,52149,0.0009779669792325835,2.181978430373769,0.762986898294546,0.7774191034857201,10.0,0.275418226715927,2.0320348629209843,-2928.088257280324,0.26650398733931,0.2843324660925439,0.9763943136234493,1.9840672852406545,4.325168133528379,5.877343633877388,16.5,False,False,False,0,0,0.8744875675261483,False,True,GB1_IgG-Fc_fitness_1FCC_2016,52149,0.9786838687294952
1,1,22,3.0,0.005,44,52149,0.004621373372452013,2.530396529623997,0.7121557830095229,0.8181226422673835,10.0,0.3118388333894934,2.0414864786890985,-2964.653314250929,0.30263588212310905,0.3210417846558778,0.8894475567385115,1.815795160584726,4.4071878153107935,5.877343633877388,24.5,False,False,False,0,0,1.7152658662092626,False,True,GB1_IgG-Fc_fitness_1FCC_2016,52149,1.029925080358084
1,2,22,3.0,0.02,229,52149,0.018082801204241692,2.2229779582113816,0.7259904992595875,0.837312324074577,10.0,0.19343789154741933,2.5304450498838973,-6816.738313452894,0.1869589471518598,0.19991683594297888,0.9840975713750071,2.4902048280886517,5.496275462986014,5.877343633877388,97.0,False,False,False,2,3,20.0,False,False,GB1_IgG-Fc_fitness_1FCC_2016,52149,1.0540827476273151
2,0,22,4.0,0.001,11,52149,0.0012464285029434889,2.0360246945448015,0.7467154426620815,0.7804595281142139,10.0,0.3327451109424007,2.1327482602088943,-3547.3028777633153,0.3237719837588114,0.34171823812599006,0.9132414080883202,1.9477140242510858,4.410590547616339,5.877343633877388,24.5,False,False,False,0,0,1.37221269296741,False,True,GB1_IgG-Fc_fitness_1FCC_2016,52149,0.9825114239370442
2,1,22,4.0,0.005,51,52149,0.004583021726207597,2.8479892490487857,0.7532973274028812,0.7986997427400274,10.0,0.27688539661235556,2.3419020068831675,-5281.6249763483065,0.26911778233994244,0.2846530108847687,0.93901228780337,2.199074761294667,5.107507864354838,5.877343633877388,83.0,False,False,False,0,1,10.0,False,True,GB1_IgG-Fc_fitness_1FCC_2016,52149,1.0054738180130411
2,2,22,4.0,0.02,202,52149,0.01664461447007613,2.4892896052839815,0.7404820826233139,0.8343066199002629,10.0,0.23552268690977401,2.1973964345471133,-4115.514266947226,0.22769354257214572,0.2433518312474023,0.9805649055937146,2.154689827393655,4.989558259065371,5.877343633877388,76.0,False,False,False,0,2,10.0,False,True,GB1_IgG-Fc_fitness_1FCC_2016,52149,1.050298901595767
3,0,22,6.0,0.001,13,52149,0.000920439509865961,3.204974824057751,0.7329480119793447,0.7902262850356216,10.0,0.302687918264677,2.075838110695896,-3162.91312476006,0.29374446131378873,0.3116313752155653,0.8971564029651755,1.862351452529956,4.2710492429190055,5.877343633877388,13.0,False,False,False,0,0,10.0,False,True,GB1_IgG-Fc_fitness_1FCC_2016,52149,0.9948066806472614
3,1,22,6.0,0.005,65,52149,0.005081593127384993,2.7162520021120007,0.7342929957911881,0.8336768201348831,10.0,0.21284389775656157,2.5059452754836204,-6682.597538463044,0.20610677159800594,0.2195810239151172,0.9604017379043487,2.406714197667661,5.665161576304382,5.877343633877388,98.5,False,False,False,1,3,20.0,False,False,GB1_IgG-Fc_fitness_1FCC_2016,52149,1.0495060539951058
3,2,22,6.0,0.02,206,52149,0.01802527373487507,2.4945670163178963,0.7456757693995847,0.845265553398503,10.0,0.2547632441115192,2.444071184681222,-6185.732822275109,0.24746825214329926,0.2620582360797391,0.955845496446125,2.3361544348712915,5.487449721588229,5.877343633877388,96.5,False,False,False,1,3,40.0,False,False,GB1_IgG-Fc_fitness_1FCC_2016,52149,1.064094975534673
0,0,23,2.0,0.001,13,52149,0.001476538380409979,1.7585893039731775,0.7286199703866001,0.7990289385444356,10.0,0.34046467659370055,1.8330090327401374,-1696.1696826158732,0.32971090837620404,0.3512184448111971,0.9115911404326,1.6709547945788388,3.959757278249892,5.877343633877388,0.5,False,False,False,0,0,0.9159744848790784,False,True,GB1_IgG-Fc_fitness_1FCC_2016,52149,1.0058882387829748
0,1,23,2.0,0.005,56,52149,0.004295384379374484,1.8095873263865996,0.7447284476630783,0.7793368059763512,10.0,0.317746323468353,2.1709565998703804,-3844.0051448342274,0.30905685523709114,0.3264357916996149,0.9133853983008889,1.982920058666551,4.570338326512186,5.877343633877388,36.5,False,False,False,0,0,1.37221269296741,False,True,GB1_IgG-Fc_fitness_1FCC_2016,52149,0.9810980420938851
0,2,23,2.0,0.02,212,52149,0.019674394523384917,1.9564984595805797,0.728993319960064,0.8070192275685932,10.0,0.2272915002046074,2.3572343523910666,-5421.653732459759,0.2200409596900243,0.2345420407191905,0.9594311602111207,2.261604089604071,5.4334708300739925,5.877343633877388,95.5,False,False,False,0,2,5.48885077186964,False,False,GB1_IgG-Fc_fitness_1FCC_2016,52149,1.0159471207159851
1,0,23,3.0,0.001,16,52149,0.001802527373487507,1.829730387980633,0.7419447358918517,0.7856653182907172,10.0,0.24002800535417274,2.2427859776361974,-4429.222920057131,0.23232564215008886,0.24773036855825661,0.951483964980519,2.1339748946039987,4.871281791416844,5.877343633877388,64.5,False,False,False,0,0,1.249566122874002,False,True,GB1_IgG-Fc_fitness_1FCC_2016,52149,0.9890649326518294
1,1,23,3.0,0.005,67,52149,0.00935780168363727,2.303473693141023,0.7372418389698929,0.7923930716954383,10.0,0.28164736929606365,2.176535421372404,-3945.0048206170904,0.27330179170126034,0.28999294689086696,0.9291144213953682,2.022250448674945,4.771264853204596,5.877343633877388,55.00000000000001,False,False,False,0,1,10.0,False,True,GB1_IgG-Fc_fitness_1FCC_2016,52149,0.9975344231756257
1,2,23,3.0,0.02,205,52149,0.01639532876948743,2.1761896833092145,0.7382395388659669,0.82424650988928,10.0,0.268376015145438,2.403136003561837,-5784.064087985258,0.26085919751736686,0.2758928327735092,0.9280690284869145,2.2302760961475605,5.1540932268543465,5.877343633877388,86.0,False,False,False,0,1,2.74442538593482,False,True,GB1_IgG-Fc_fitness_1FCC_2016,52149,1.0376343460925026
2,0,23,4.0,0.001,14,52149,0.0012464285029434889,2.9283156506485413,0.7178913311602646,0.8348431336451173,10.0,0.45447290835845605,1.8792940199064772,-1643.4625907092413,0.44321811330917793,0.4657277034077342,0.8277868884868362,1.5556549492903011,4.050063368310699,5.877343633877388,3.5000000000000004,False,False,False,0,0,1.3467545990975354,False,True,GB1_IgG-Fc_fitness_1FCC_2016,52149,1.050974312510017
2,1,23,4.0,0.005,45,52149,0.004141977794396824,2.288599454434238,0.748067661633924,0.8063486020328953,10.0,0.2564861884492134,2.141063075546712,-3693.5822327655624,0.2482449430770739,0.2647274338213529,0.9541229039721565,2.0428373192281857,4.933669613720776,5.877343633877388,71.5,False,False,False,0,2,40.0,False,True,GB1_IgG-Fc_fitness_1FCC_2016,52149,1.0151028780278355
2,2,23,4.0,0.02,203,52149,0.018121152850486107,2.7483290809531824,0.7480038740796242,0.8340047136878981,10.0,0.21193443066743728,2.8218401509135407,-9779.197555053688,0.20575846888486757,0.218110392450007,0.9837370849559282,2.775948804271283,6.360935817572307,5.877343633877388,100.0,True,False,False,3,2,11.29032258064516,False,False,GB1_IgG-Fc_fitness_1FCC_2016,52149,1.0499188353759046
3,0,23,6.0,0.001,9,52149,0.0006328021630328482,3.4055669413420993,0.7603019677275673,0.7861699859037656,10.0,0.28066200846577677,2.279917171718356,-4714.864592892351,0.27268869250969285,0.2886353244218607,0.9350714175012319,2.131885381544083,4.793343015904368,5.877343633877388,59.0,False,False,False,0,0,1.120167809662465,False,True,GB1_IgG-Fc_fitness_1FCC_2016,52149,0.9897002528410892
3,1,23,6.0,0.005,50,52149,0.004295384379374484,3.298765357384438,0.7404755652000161,0.7822352781331272,10.0,0.3040001043071387,2.083549672892995,-3262.172251384298,0.2950625507445218,0.3129376578697556,0.9280617834892818,1.933662825413583,4.505218735157212,5.877343633877388,33.5,False,False,False,0,1,10.0,False,True,GB1_IgG-Fc_fitness_1FCC_2016,52149,0.9847468949855613
3,2,23,6.0,0.02,193,52149,0.015321482674643809,2.8434923614289254,0.7155835539112617,0.8303694592176939,10.0,0.2647396649390492,2.1728508342615624,-3971.0112265435164,0.25652563632667447,0.27295369355142396,0.9262482405328125,2.012599262175026,5.144121877032071,5.877343633877388,86.0,False,False,False,0,3,80.0,False,True,GB1_IgG-Fc_fitness_1FCC_2016,52149,1.0453424557979347
0,0,24,2.0,0.001,16,52149,0.0015915933191432243,1.5127196484832655,0.752535989894223,0.7961924863224167,10.0,0.27185546094679547,2.1997382855815415,-4160.6692360944,0.26367577254221786,0.2800351493513731,0.9527537815532885,2.0958089700153617,4.843089625822053,5.877343633877388,62.5,False,False,False,0,0,1.411290322580645,False,True,GB1_IgG-Fc_fitness_1FCC_2016,52149,1.0023174620659312
0,1,24,2.0,0.005,52,52149,0.005081593127384993,1.948538673490387,0.7521127348980172,0.7965023560328541,10.0,0.30434462389899686,2.344134784540782,-5177.523663171218,0.29635640738448504,0.31233284041350867,0.9120113635218078,2.137877561127938,4.898365952281485,5.877343633877388,69.0,False,False,False,0,0,1.237203628069803,False,True,GB1_IgG-Fc_fitness_1FCC_2016,52149,1.0027075534409093
0,2,24,2.0,0.02,231,52149,0.02042225162515101,1.7537864957330518,0.7244255337637338,0.8367132605844958,10.0,0.35531695119781154,2.1502118302747237,-3565.7581911705493,0.34625389418822744,0.36438000820739563,0.8754840917526656,1.8824762513039033,4.526052141694531,5.877343633877388,34.5,False,False,False,0,1,10.0,False,True,GB1_IgG-Fc_fitness_1FCC_2016,52149,1.0533285935661936
1,0,24,3.0,0.001,13,52149,0.0011121977410880363,2.023657319578525,0.7516349717954588,0.8115683642608398,10.0,0.37183557885749435,2.1231449791343606,-3277.148184838501,0.362539011360278,0.3811321463547107,0.878100332813698,1.8643343127896141,4.196197432087538,5.877343633877388,8.5,False,False,False,0,0,1.00041301454729,False,True,GB1_IgG-Fc_fitness_1FCC_2016,52149,1.0216739759956983
1,1,24,3.0,0.005,52,52149,0.004237856910007862,2.4153881057439817,0.7504630797995051,0.8218559528577422,10.0,0.35271863910198664,2.0657469111959235,-3021.09873179032,0.34329337082087824,0.36214390738309504,0.9076561976736791,1.8749879867722392,4.432045448342481,5.877343633877388,26.5,False,False,False,0,1,2.0583190394511153,False,True,GB1_IgG-Fc_fitness_1FCC_2016,52149,1.034624901645416
1,2,24,3.0,0.02,213,52149,0.020000383516462446,2.32729897923246,0.7370412146541223,0.8287501776867243,10.0,0.16686606368172163,3.2941972536991195,-14368.497775618685,0.16170558792951623,0.17202653943392704,0.9955207033614726,3.2794415670139787,7.672070530216854,5.877343633877388,100.0,True,False,False,4,3,40.0,False,False,GB1_IgG-Fc_fitness_1FCC_2016,52149,1.0433039611093096
2,0,24,4.0,0.001,13,52149,0.0011889010335768664,2.730266234153218,0.7615852452965477,0.7824936358516045,10.0,0.3102634796814412,2.2653830907169104,-4557.497241327917,0.30197815766477687,0.3185488016981055,0.9250721547855526,2.0956428171442476,4.652069305791099,5.877343633877388,46.0,False,False,False,0,1,20.0,False,True,GB1_IgG-Fc_fitness_1FCC_2016,52149,0.9850721385128965
2,1,24,4.0,0.005,60,52149,0.0049857140117739555,2.6501376432654062,0.7230350262528423,0.8104497337392461,10.0,0.25890899563766456,2.155922628755934,-3810.6229123977246,0.2506931140926116,0.26712487718271755,0.9336313415078504,2.0128369360725338,4.66870085532788,5.877343633877388,47.5,False,False,False,0,1,10.0,False,True,GB1_IgG-Fc_fitness_1FCC_2016,52149,1.0202657450406787
2,2,24,4.0,0.02,206,52149,0.019597691230896087,2.7272312628848088,0.7282442755649908,0.8399385575057318,10.0,0.29312522599384655,2.021387081129057,-2887.254830584745,0.28398227632665274,0.30226817566104036,0.940841771782835,1.901805402868395,4.607054885017848,5.877343633877388,40.5,False,False,False,0,3,49.99999999999999,False,True,GB1_IgG-Fc_fitness_1FCC_2016,52149,1.0573888823531856
3,0,24,6.0,0.001,7,52149,0.00042186810868856547,2.368766023249248,0.75627779066166,0.8140706441646667,10.0,0.2842512516249088,2.4353418117242924,-6021.775435155199,0.2766748589751688,0.29182764427464875,0.9221752201307507,2.2458118713204707,5.080586514258138,5.877343633877388,81.5,False,False,False,0,0,1.5501440167583136,False,True,GB1_IgG-Fc_fitness_1FCC_2016,52149,1.024824067067478
3,1,24,6.0,0.005,53,52149,0.0051007689505072,3.5413105866315604,0.7687039756440941,0.8281816131123695,10.0,0.21421762576711914,2.6088692307417305,-7674.288754927402,0.20766845948746188,0.2207667920467764,0.9976266618479137,2.6026775018626074,5.828964647575203,5.877343633877388,98.5,False,False,False,2,3,40.0,False,False,GB1_IgG-Fc_fitness_1FCC_2016,52149,1.0425882017785222
3,2,24,6.0,0.02,243,52149,0.021323515311894765,2.666426668682181,0.7087643008029341,0.8079695571440058,10.0,0.172962838066354,2.8156766798790525,-9355.016127408686,0.16721417745702877,0.17871149867567926,0.9664197679208064,2.7211256035087406,6.466318077839005,5.877343633877388,100.0,True,False,False,3,3,80.0,False,False,GB1_IgG-Fc_fitness_1FCC_2016,52149,1.017143479567038
0,0,25,2.0,0.001,9,52149,0.0010930219179658286,2.3713664579396214,0.76204274216859,0.7946579816662146,10.0,0.22585180427818247,2.50243430095268,-6681.303952552698,0.21897499356663394,0.232728614989731,0.9763237228764319,2.4431859729598018,5.468010896370913,5.877343633877388,96.5,False,False,False,1,0,4.233870967741936,False,False,GB1_IgG-Fc_fitness_1FCC_2016,52149,1.0003856919990757
0,1,25,2.0,0.005,60,52149,0.006040384283495369,1.989531512892966,0.7207190097236892,0.789024034411898,10.0,0.3129483839538527,1.964127012803609,-2470.435835919081,0.30332278660527784,0.3225739813024276,0.9061063222051118,1.7797079039151906,4.222801613733911,5.877343633877388,10.5,False,False,False,0,0,0.9718847622353348,False,True,GB1_IgG-Fc_fitness_1FCC_2016,52149,0.993293181318093
0,2,25,2.0,0.02,220,52149,0.018197856142974936,1.8803763352163732,0.7755113265642093,0.8316353816361243,10.0,0.24297557692036392,2.565099557527663,-7313.988967823825,0.23605136787877254,0.2498997859619553,0.9984722280147258,2.5611806702842332,5.645510809721465,5.877343633877388,98.5,False,False,False,3,1,10.0,False,False,GB1_IgG-Fc_fitness_1FCC_2016,52149,1.0469361108090167
1,0,25,3.0,0.001,9,52149,0.000997142802354791,3.3409999181013457,0.7574315854290358,0.8142384232839768,10.0,0.3388301666211053,2.020630298840206,-2778.232035849738,0.3292906288993983,0.34836970434281234,0.9260830305355432,1.8712714307418783,4.249964752869503,5.877343633877388,11.5,False,False,False,0,0,1.0291595197255576,False,True,GB1_IgG-Fc_fitness_1FCC_2016,52149,1.0250352822496651
1,1,25,3.0,0.005,45,52149,0.005081593127384993,2.2661820325436928,0.7544400874633541,0.8181914797114219,10.0,0.2921547790077696,2.4630239727651255,-6245.957871061197,0.28457914573463255,0.29973041228090663,0.9218479148571458,2.270533513536695,5.193288144154778,5.877343633877388,88.5,False,False,False,0,2,29.999999999999996,False,True,GB1_IgG-Fc_fitness_1FCC_2016,52149,1.0300117390158694
1,2,25,3.0,0.02,222,52149,0.019214174768451935,2.566794941596957,0.737957430057529,0.8257347034813859,10.0,0.2651936419334111,2.4497142675207564,-6206.022341964854,0.25781883409980727,0.27256844976701494,0.9395184730886665,2.3015518081246222,5.29032840690241,5.877343633877388,91.0,False,False,False,0,3,29.999999999999996,False,True,GB1_IgG-Fc_fitness_1FCC_2016,52149,1.0395078156993212
2,0,25,4.0,0.001,15,52149,0.0014190109110433565,3.0190711551670484,0.7465392645020853,0.7972908697303653,10.0,0.2544264052346872,2.2003573733149797,-4144.914650150284,0.24641897663723644,0.2624338338321379,0.9569126532942812,2.1055498122944725,4.703165282568498,5.877343633877388,51.0,False,False,False,0,0,1.121563948419072,False,True,GB1_IgG-Fc_fitness_1FCC_2016,52149,1.0037002041650378
2,1,25,4.0,0.005,55,52149,0.0054267579435847285,2.615135258872473,0.7361836962533105,0.813878989710946,10.0,0.3236385934783623,2.310160043810754,-4871.583658007003,0.3153865096574768,0.33189067729924787,0.8876152639680917,2.0505333170956206,4.80734662644587,5.877343633877388,59.0,False,False,False,0,2,20.0,False,True,GB1_IgG-Fc_fitness_1FCC_2016,52149,1.024582795504449
2,2,25,4.0,0.02,233,52149,0.021304339488772556,2.8322369411756547,0.7214852179148059,0.832426765743479,10.0,0.2435688912604576,2.460986997931098,-6360.950242549734,0.23641719176329265,0.25072059075762254,0.9407212555192961,2.315102778510406,5.676665797465387,5.877343633877388,98.5,False,False,False,1,3,80.0,False,False,GB1_IgG-Fc_fitness_1FCC_2016,52149,1.047932375058717
3,0,25,6.0,0.001,8,52149,0.0004602197549329805,4.607983690437839,0.7537090067184441,0.7699977925511536,10.0,0.25447425801110135,2.248655608374134,-4552.721170276229,0.24662112808479267,0.26232738793741,0.9686269575952694,2.178108440618977,4.7500715289030815,5.877343633877388,54.0,False,False,False,0,1,10.0,False,True,GB1_IgG-Fc_fitness_1FCC_2016,52149,0.9693412666967945
3,1,25,6.0,0.005,56,52149,0.004448790964352145,3.1319118207479213,0.7401462361892048,0.7936046009511342,10.0,0.1992167247518757,2.6739052022097036,-8208.457355345454,0.1929459544617163,0.20548749504203512,0.9731955059712438,2.602232526183614,6.169950259244786,5.877343633877388,99.5,True,False,False,2,2,10.0,False,False,GB1_IgG-Fc_fitness_1FCC_2016,52149,0.9990596032666822
3,2,25,6.0,0.02,201,52149,0.018619724251663503,3.0878219811646694,0.7397175632529509,0.8680793782494044,10.0,0.24185189787024908,2.4495491938065923,-6232.64064834459,0.23469114122250567,0.24901265451799248,0.9635873075439539,2.3603545123565572,5.392612579179354,5.877343633877388,95.0,False,False,False,0,3,59.99999999999999,False,False,GB1_IgG-Fc_fitness_1FCC_2016,52149,1.0928150343362732
0,0,26,2.0,0.001,15,52149,0.0013423076185545264,2.5149769416722036,0.7388544888428284,0.7983333618017663,10.0,0.23780294998129306,2.2061968727523054,-4177.649124422111,0.22998310509525227,0.24562279486733385,0.9599244997609957,2.11778242945103,4.7019948597329355,5.877343633877388,51.0,False,False,False,0,0,1.5437392795883362,False,True,GB1_IgG-Fc_fitness_1FCC_2016,52149,1.005012585310528
0,1,26,2.0,0.005,55,52149,0.00487065907304071,2.2993663122787593,0.7490490673900054,0.8030378437579242,10.0,0.30283191092514505,2.2028087093289686,-4091.703232903208,0.29439741094017363,0.3112664109101165,0.9239253776272734,2.035230868607414,4.49361434927973,5.877343633877388,33.5,False,False,False,0,0,1.1656188334633564,False,True,GB1_IgG-Fc_fitness_1FCC_2016,52149,1.0109350029364608
0,2,26,2.0,0.02,221,52149,0.020288020863295557,1.8713404670277711,0.749515620396521,0.8125159061428788,10.0,0.26502291616331286,2.275421286026089,-4748.9891479666985,0.2571607904654974,0.27288504186112833,0.9634566295964002,2.1922697231466026,4.94489814132376,5.877343633877388,72.0,False,False,False,0,0,1.5437392795883362,False,True,GB1_IgG-Fc_fitness_1FCC_2016,52149,1.0228668254519817
1,0,26,3.0,0.001,9,52149,0.000920439509865961,2.934974381236052,0.7460886581780235,0.8114848809890753,10.0,0.36236471301153217,1.9731261123059527,-2433.0594819047546,0.3523736542676779,0.3723557717553864,0.9067439668855896,1.7891201982378409,4.233753570328742,5.877343633877388,11.0,False,False,False,0,0,1.5437392795883362,False,True,GB1_IgG-Fc_fitness_1FCC_2016,52149,1.0215688798757054
1,1,26,3.0,0.005,64,52149,0.005752746936662256,2.400339118856455,0.7449789274277252,0.7947894850593417,10.0,0.31575955672500194,2.2086631210694883,-4094.8280037092045,0.30723528866445354,0.32428382478555035,0.9042370358696125,1.9971549938304012,4.4571354929409175,5.877343633877388,30.5,False,False,False,0,1,2.0583190394511153,False,True,GB1_IgG-Fc_fitness_1FCC_2016,52149,1.0005512400914234
1,2,26,3.0,0.02,209,52149,0.020211317570806728,2.3342525399544725,0.7450062178318555,0.8178037852694905,10.0,0.26308555983559856,2.510432179051341,-6765.412632703665,0.25586839046459614,0.270302729206601,0.9455089518375456,2.373636098274079,5.5453036086456775,5.877343633877388,97.5,False,False,False,1,3,20.0,False,False,GB1_IgG-Fc_fitness_1FCC_2016,52149,1.0295236749914416
2,0,26,4.0,0.001,13,52149,0.0008053845711327159,2.4529161036091915,0.7553544252912558,0.8232037806378236,10.0,0.2637864273130001,2.2140284081337525,-4283.1368126365705,0.2557288495300592,0.27184400509594103,0.9600393615157196,2.125554419322393,4.811492290698456,5.877343633877388,59.0,False,False,False,0,0,1.1088709677419355,False,True,GB1_IgG-Fc_fitness_1FCC_2016,52149,1.0363216663637989
2,1,26,4.0,0.005,60,52149,0.005618516174806803,2.2860289021580362,0.72502219673804,0.7926349630855817,10.0,0.3462030103907082,2.0688730871525833,-3041.086422727705,0.3368511733654662,0.3555548474159502,0.8759226269534192,1.8121727493319209,4.33043225981874,5.877343633877388,17.5,False,False,False,0,0,1.1107254425546682,False,True,GB1_IgG-Fc_fitness_1FCC_2016,52149,0.9978389374337092
2,2,26,4.0,0.02,235,52149,0.023413680032215382,2.6886032597539447,0.7182273647252457,0.8552551849910011,10.0,0.2399668257254115,2.2423018318299874,-4501.16171868713,0.2322409456561377,0.2476927057946853,0.9510038952630496,2.13243777642579,5.277085911702964,5.877343633877388,90.5,False,False,False,0,3,20.0,False,True,GB1_IgG-Fc_fitness_1FCC_2016,52149,1.0766708065765043
3,0,26,6.0,0.001,10,52149,0.000997142802354791,2.9547016252967415,0.7755621725646414,0.7974629023827653,10.0,0.21741507104163876,2.825068563023705,-9787.952294097922,0.21119076538246692,0.2236393767008106,0.9936246006643313,2.807057622783785,5.853227454644854,5.877343633877388,99.0,False,False,False,4,1,10.0,False,False,GB1_IgG-Fc_fitness_1FCC_2016,52149,1.0039167740705672
3,1,26,6.0,0.005,49,52149,0.004678900841818635,2.8726014771392285,0.7440959633449087,0.7978539717851706,10.0,0.2481835161999378,2.1920202630320316,-4073.028116770147,0.24021457287374126,0.25615245952613436,0.955231373733612,2.093886527108001,5.015088579229151,5.877343633877388,76.5,False,False,False,0,1,10.0,False,True,GB1_IgG-Fc_fitness_1FCC_2016,52149,1.004409086793488
3,2,26,6.0,0.02,229,52149,0.019962031870218028,2.823040752329082,0.7204508442142574,0.8614972147503714,10.0,0.21717502278628767,2.603288989585601,-7606.929586370126,0.21059002542279734,0.223760020149778,0.9500577699307119,2.4732749319308724,6.020922203198901,5.877343633877388,99.5,True,False,False,2,3,109.99999999999999,False,False,GB1_IgG-Fc_fitness_1FCC_2016,52149,1.084528825251675
0,0,27,2.0,0.001,12,52149,0.002032637250953997,1.4268337805481033,0.7479934151839445,0.7883294112511271,10.0,0.3625471774784291,1.9332094195068832,-2203.0686666810943,0.3523133224380278,0.3727810325188303,0.9129931756330792,1.765007007079371,4.186015192399367,5.877343633877388,8.5,False,False,False,0,0,0.8576329331046313,False,True,GB1_IgG-Fc_fitness_1FCC_2016,52149,0.9924187282988087
0,1,27,2.0,0.005,52,52149,0.005043241481140578,1.6572188430938684,0.7561888408465938,0.7888116389139309,10.0,0.2805155427537501,2.236967077111481,-4420.648909925512,0.2723875585625585,0.2886435269449418,0.9493022285748971,2.123557831550603,4.7085379832253995,5.877343633877388,51.0,False,False,False,0,0,1.1112289821248609,False,True,GB1_IgG-Fc_fitness_1FCC_2016,52149,0.993025799095661
0,2,27,2.0,0.02,204,52149,0.019079944006596482,1.7126826882988717,0.7397757020040341,0.8196046803221885,10.0,0.29448426113836773,2.4790234174077597,-6371.104315356992,0.28692795363244566,0.3020405686442898,0.9072231483814386,2.249027429651981,5.176070830978701,5.877343633877388,87.0,False,False,False,0,0,1.8853102906520032,False,True,GB1_IgG-Fc_fitness_1FCC_2016,52149,1.0317908008305774
1,0,27,3.0,0.001,4,52149,0.00034516481619973537,2.279372839245325,0.7432027248739627,0.8008597860338952,10.0,0.20176247054347365,2.4346585935793383,-5912.831579854072,0.19500686448953553,0.20851807659741178,0.9705207397107439,2.3628866591837387,5.263880200890362,5.877343633877388,90.0,False,False,False,0,0,1.814516129032258,False,True,GB1_IgG-Fc_fitness_1FCC_2016,52149,1.0081930713964313
1,1,27,3.0,0.005,43,52149,0.004218681086885654,3.3923819722399355,0.7682003836970942,0.7995060095214326,10.0,0.2759681148793483,2.26508949704396,-4671.477163050993,0.26796939115389723,0.2839668386047994,0.9715057473972635,2.2005474647473835,4.796426233514942,5.877343633877388,59.0,False,False,False,0,0,10.0,False,True,GB1_IgG-Fc_fitness_1FCC_2016,52149,1.0064888178880322
1,2,27,3.0,0.02,210,52149,0.01833208690483039,2.379264321659796,0.76199199018832,0.8407424683091999,10.0,0.2565374631969867,2.6673913293117737,-8314.812387127138,0.2496743287355454,0.26340059765842805,0.9788923889853347,2.6110890707087697,5.948856045546536,5.877343633877388,99.5,True,False,False,3,3,69.99999999999999,False,False,GB1_IgG-Fc_fitness_1FCC_2016,52149,1.0584009163149495
2,0,27,4.0,0.001,18,52149,0.001514890026654394,3.575853495648203,0.7501573040611527,0.8157105780756451,10.0,0.2572507339194602,2.4274874306846965,-6021.806234467513,0.2498940035219256,0.2646074643169948,0.9423104470058122,2.287446765909487,5.458148439831232,5.877343633877388,96.5,False,False,False,1,1,3.9314516129032255,False,False,GB1_IgG-Fc_fitness_1FCC_2016,52149,1.0268885607971288
2,1,27,4.0,0.005,63,52149,0.005445933766706936,2.889136470984417,0.7656663887358711,0.8091413194888291,10.0,0.22691555302280034,2.732268755052474,-8843.511238484789,0.22046417202951554,0.23336693401608513,0.9765810314750013,2.6682818390760623,5.931192812801466,5.877343633877388,99.5,True,False,False,3,2,20.0,False,False,GB1_IgG-Fc_fitness_1FCC_2016,52149,1.0186185975564486
2,2,27,4.0,0.02,222,52149,0.019597691230896087,2.9269293519415758,0.7391009810037341,0.8582902421909,10.0,0.24558082244943188,2.322398428495233,-5182.011456240056,0.23803648428602742,0.25312516061283635,0.9725638421035588,2.2586807385125907,5.1743529443394936,5.877343633877388,87.0,False,False,False,0,2,9.777015437392796,False,True,GB1_IgG-Fc_fitness_1FCC_2016,52149,1.0804916047906132
3,0,27,6.0,0.001,8,52149,0.0006136263399106407,3.60883258650937,0.752751253613922,0.782155326228567,10.0,0.3144795818276245,2.1076293191192033,-3418.067981480446,0.30555430476601414,0.3234048588892348,0.9324966430912086,1.9653572649592668,4.51404753462252,5.877343633877388,34.0,False,False,False,0,0,1.2356820548420686,False,True,GB1_IgG-Fc_fitness_1FCC_2016,52149,0.9846462444626755
3,1,27,6.0,0.005,55,52149,0.005215823889240446,2.806441746429997,0.7087645233693148,0.8472198427676974,10.0,0.2542013180099566,2.2336898312154636,-4401.3093758195755,0.2463154181205885,0.2620872178993247,0.907639601104948,2.027385347396582,4.888235927440432,5.877343633877388,67.5,False,False,False,0,1,4.974271012006862,False,True,GB1_IgG-Fc_fitness_1FCC_2016,52149,1.066555207695015
3,2,27,6.0,0.02,206,52149,0.01792939461926403,3.104249816274439,0.7311154931908559,0.8700945375091211,10.0,0.27642270727790014,2.422559895523528,-5988.744563080894,0.2688689144480607,0.28397650010773956,0.9278578710831838,2.247791267231961,5.1681848437039095,5.877343633877388,87.0,False,False,False,0,3,40.0,False,True,GB1_IgG-Fc_fitness_1FCC_2016,52149,1.095351894893935
0,0,28,2.0,0.001,6,52149,0.00028763734683311283,1.1763824905307798,0.7422153931264799,0.8096568869540153,10.0,0.2786951681274284,2.3298923013111756,-5147.894241463509,0.2708840142283796,0.2865063220264772,0.9168956468008443,2.136268108587018,4.788518811188852,5.877343633877388,59.0,False,False,False,0,0,1.1940298507462686,False,True,GB1_IgG-Fc_fitness_1FCC_2016,52149,1.0192676394428095
0,1,28,2.0,0.005,56,52149,0.005311703004851483,1.9846158998945838,0.7677381208663037,0.8113914331158187,10.0,0.2522799007740209,2.44633929901906,-6240.8843930276635,0.24500226319856483,0.259557538349477,0.9785276345643285,2.3938106076108787,5.273920910581235,5.877343633877388,90.5,False,False,False,1,0,3.9314516129032255,False,True,GB1_IgG-Fc_fitness_1FCC_2016,52149,1.0214512394347732
0,2,28,2.0,0.02,224,52149,0.0232027459778711,1.9749612666854346,0.7456465404730983,0.8193500417018748,10.0,0.28349631559875166,2.402827286705553,-5780.740136972076,0.2758329313734161,0.29115969982408724,0.9444965545826398,2.2694620935505476,4.977491802418032,5.877343633877388,75.5,False,False,False,0,0,10.0,False,True,GB1_IgG-Fc_fitness_1FCC_2016,52149,1.0314702392326707
1,0,28,3.0,0.001,16,52149,0.0019367581353429595,2.4642245630086985,0.7579720208840275,0.8216390695624985,10.0,0.3093039966372003,2.2410663663380572,-4384.670705990575,0.30094548279837097,0.31766251047602967,0.924392983259396,2.071626024061531,4.774350834215502,5.877343633877388,56.00000000000001,False,False,False,0,0,1.1088709677419355,False,True,GB1_IgG-Fc_fitness_1FCC_2016,52149,1.0343518697871814
1,1,28,3.0,0.005,50,52149,0.0035475272776083915,2.5603530018758747,0.7756509706024948,0.7965714576838825,10.0,0.27876950820514407,2.7785889653164517,-9211.52699255821,0.27191711309076283,0.2856219033195253,0.9512842137990581,2.6432278193417993,5.76090611020701,5.877343633877388,98.5,False,False,False,4,0,7.560483870967742,False,False,GB1_IgG-Fc_fitness_1FCC_2016,52149,1.002794544705802
1,2,28,3.0,0.02,207,52149,0.019846976931484784,2.3003529019563786,0.7379552180062153,0.7939200651689899,10.0,0.2635946711483864,2.411540469618239,-5899.0253891224565,0.2561346495285727,0.27105469276820016,0.9437356521711064,2.275856717832185,5.107158042466215,5.877343633877388,83.0,False,False,False,0,2,20.0,False,True,GB1_IgG-Fc_fitness_1FCC_2016,52149,0.9994567375019904
2,0,28,4.0,0.001,10,52149,0.0007286812786438858,3.0567312707674814,0.7769938891135155,0.8097268741834651,10.0,0.27288537356684883,2.4287804130769075,-6013.983995518123,0.2653869752326209,0.2803837719010768,0.9630754897844476,2.339098885902916,5.117178809737882,5.877343633877388,84.0,False,False,False,0,0,3.024193548387097,False,True,GB1_IgG-Fc_fitness_1FCC_2016,52149,1.0193557455520788
2,1,28,4.0,0.005,52,52149,0.005963680991006539,2.6589760733643146,0.7611409923921579,0.800963495958854,10.0,0.42360902890509405,2.25243546987308,-3790.4286948634253,0.4144869577860425,0.4327311000241456,0.8493201116602493,1.9130387447801107,4.35523047139421,5.877343633877388,19.5,False,False,False,0,0,10.0,False,True,GB1_IgG-Fc_fitness_1FCC_2016,52149,1.0083236306149137
2,2,28,4.0,0.02,195,52149,0.017181537517497937,2.7019466408330923,0.7214171384340985,0.785932477590813,10.0,0.18961800254821634,2.4190558027076485,-5748.571231015201,0.18294962229673573,0.19628638279969696,0.9835204733739951,2.379190908197136,5.701037355099979,5.877343633877388,98.5,False,False,False,1,3,20.0,False,False,GB1_IgG-Fc_fitness_1FCC_2016,52149,0.9894012563879101
3,0,28,6.0,0.001,13,52149,0.0009779669792325835,2.5928060398456774,0.7688394470337196,0.7998186483838783,10.0,0.2923955332639994,2.322853322358737,-5085.144063556858,0.2844351121362056,0.30035595439179325,0.9464736906309701,2.198519556807284,4.960139765287841,5.877343633877388,74.0,False,False,False,0,0,1.7137096774193548,False,True,GB1_IgG-Fc_fitness_1FCC_2016,52149,1.006882395316271
3,1,28,6.0,0.005,60,52149,0.006692362269650425,2.9809765094242353,0.7361631055242921,0.8209986875546744,10.0,0.26764658995049645,2.2281405584046396,-4391.856973335147,0.2595997941089733,0.2756933857920196,0.9448211571753272,2.1051943407411513,4.925883066999627,5.877343633877388,71.0,False,False,False,0,2,10.0,False,True,GB1_IgG-Fc_fitness_1FCC_2016,52149,1.0335457003245687
3,2,28,6.0,0.02,211,52149,0.019616867054018293,2.9627743282329866,0.7191223965509883,0.8311743555268906,10.0,0.24819580649047093,2.4099659896963708,-5906.247978629952,0.24087542758463543,0.25551618539630644,0.9302992678193586,2.2419895956840894,5.78174449581321,5.877343633877388,98.5,False,False,False,1,3,99.99999999999999,False,False,GB1_IgG-Fc_fitness_1FCC_2016,52149,1.0463557304014
0,0,29,2.0,0.001,13,52149,0.0011697252104546588,2.0801954862045147,0.7897191664425247,0.790683492559358,10.0,0.2508159609440816,2.7260373142586927,-8810.507809348637,0.2441178646788831,0.2575140572092801,0.9943415039596619,2.710612042910146,5.505527407346142,5.877343633877388,97.0,False,False,False,4,0,7.056451612903226,False,False,GB1_IgG-Fc_fitness_1FCC_2016,52149,0.9953822538820022
0,1,29,2.0,0.005,58,52149,0.005119944773629408,1.7229522499390122,0.7568361755047441,0.8015902664712252,10.0,0.24003357189393054,2.4858514293947036,-6508.04922219945,0.2329868087418424,0.24708033504601867,0.9574994112272475,2.38020128004384,5.336801300276096,5.877343633877388,93.5,False,False,False,0,0,2.82258064516129,False,True,GB1_IgG-Fc_fitness_1FCC_2016,52149,1.00911266472419
0,2,29,2.0,0.02,205,52149,0.020364724155784386,1.739611632892621,0.7181927851273543,0.825546738821461,10.0,0.29050619619700463,2.001996138466488,-2729.94241742359,0.2812892983327941,0.29972309406121517,0.9281056380466702,1.85806390345841,4.146864994399113,5.877343633877388,6.5,False,False,False,0,0,10.0,False,True,GB1_IgG-Fc_fitness_1FCC_2016,52149,1.0392711891747928
1,0,29,3.0,0.001,10,52149,0.001284780149187904,1.8300293767105031,0.7519604034557934,0.790931429535503,10.0,0.25056762860763593,2.148517439849682,-3739.7404217737785,0.24241221002374352,0.25872304719152833,0.9630918746713794,2.069219688908983,4.647928608521807,5.877343633877388,46.0,False,False,False,0,0,1.37221269296741,False,True,GB1_IgG-Fc_fitness_1FCC_2016,52149,0.9956943788579986
1,1,29,3.0,0.005,47,52149,0.0043912634949855225,2.5092001811264617,0.7658929739676332,0.8079441255703133,10.0,0.2626165643891589,2.3754213035143015,-5597.071487942012,0.2550706681262849,0.2701624606520329,0.966554799329922,2.2959748613422875,5.17823102193398,5.877343633877388,87.0,False,False,False,0,2,20.0,False,True,GB1_IgG-Fc_fitness_1FCC_2016,52149,1.0171114640546617
1,2,29,3.0,0.02,194,52149,0.015609120021476922,2.215624085577975,0.7184437598620496,0.8487390141385825,10.0,0.22464361704118274,2.521701115101557,-6845.805436544237,0.2178252521141366,0.23146198196822887,0.9334612085622725,2.353910170535529,5.69887816162134,5.877343633877388,98.5,False,False,False,0,1,10.0,False,False,GB1_IgG-Fc_fitness_1FCC_2016,52149,1.0684676748672968
2,0,29,4.0,0.001,9,52149,0.0011889010335768664,1.2825837086040024,0.750769831363286,0.7726908301785383,10.0,0.22148538133823348,2.541068226534599,-7006.4303672253445,0.21473677132393262,0.22823399135253433,0.9651460501816104,2.452501962081858,5.499996965396146,5.877343633877388,97.0,False,False,False,1,0,4.032258064516129,False,False,GB1_IgG-Fc_fitness_1FCC_2016,52149,0.9727315004484294
2,1,29,4.0,0.005,55,52149,0.005369230474218106,3.183792218594296,0.764270592468249,0.7953891754123422,10.0,0.28854629874138077,2.2670812219265826,-4664.315919721295,0.2804477060489794,0.29664489143378214,0.9525255267939134,2.1594527352002073,4.965851354276159,5.877343633877388,75.0,False,False,False,0,3,29.999999999999996,False,True,GB1_IgG-Fc_fitness_1FCC_2016,52149,1.0013061833029844
2,2,29,4.0,0.02,213,52149,0.018811482482885576,2.361032733742443,0.7082072343045795,0.8611777465169992,10.0,0.29607272816062297,2.3462575532330336,-5288.88418801513,0.2881471347943141,0.30399832152693185,0.8873911590054728,2.0820482094888066,5.213015240828766,5.877343633877388,89.5,False,False,False,0,3,40.0,False,True,GB1_IgG-Fc_fitness_1FCC_2016,52149,1.084126650407796
3,0,29,6.0,0.001,7,52149,0.000517747224299603,4.253512971903387,0.7174443504306399,0.7767695116150957,10.0,0.2141128148227124,2.2662492581858036,-4553.5454208507435,0.2067584275655979,0.22146720207982692,0.936892238113286,2.1232313396242715,4.845897471701646,5.877343633877388,63.0,False,False,False,0,0,1.2006861063464838,False,True,GB1_IgG-Fc_fitness_1FCC_2016,52149,0.977866105077705
3,1,29,6.0,0.005,59,52149,0.005676043644173426,3.0307061209162542,0.7298289952693741,0.8132027190111484,10.0,0.27351412871661457,2.0881948081977133,-3310.977054269024,0.2648857362873767,0.2821425211458524,0.9292690028037256,1.940494707073806,4.560582051671573,5.877343633877388,35.5,False,False,False,0,3,29.999999999999996,False,True,GB1_IgG-Fc_fitness_1FCC_2016,52149,1.0237314461848623
3,2,29,6.0,0.02,203,52149,0.01817868031985273,3.1744372165654964,0.7406967037142266,0.8373628906078441,10.0,0.22121915120936858,2.494079814293162,-6632.706571670424,0.21436157448452872,0.22807672793420844,0.9803881033017381,2.4451661786180248,5.650394472449432,5.877343633877388,98.5,False,False,False,2,3,59.99999999999999,False,False,GB1_IgG-Fc_fitness_1FCC_2016,52149,1.054146405248004
0,0,30,2.0,0.001,17,52149,0.001073846094843621,2.408663262264721,0.7622709716098272,0.79112710299271,10.0,0.2748232975126902,2.2161737399928754,-4269.638206652569,0.2666764068929763,0.2829701881324041,0.9600641950503513,2.1276690577779864,4.876599467642157,5.877343633877388,65.0,False,False,False,0,0,1.1311861743912017,False,True,GB1_IgG-Fc_fitness_1FCC_2016,52149,0.9959407098977794
0,1,30,2.0,0.005,61,52149,0.005810274406028879,1.9038876352112322,0.7701919535649597,0.8185448071621639,10.0,0.2920486711895115,2.560767250524154,-7087.524197893887,0.28469424843008173,0.29940309394894127,0.939775054787383,2.4065451831590727,5.514279763580606,5.877343633877388,97.0,False,False,False,2,0,5.342741935483871,False,False,GB1_IgG-Fc_fitness_1FCC_2016,52149,1.0304565388347446
0,2,30,2.0,0.02,205,52149,0.019444284645918426,1.7881691976210927,0.7324510454741505,0.8211393885519296,10.0,0.22170908067019018,2.3432457376315665,-5276.597005437507,0.21447842318565577,0.2289397381547246,0.9747191774830358,2.28400655802487,5.187059243647133,5.877343633877388,88.0,False,False,False,0,0,2.5201612903225805,False,True,GB1_IgG-Fc_fitness_1FCC_2016,52149,1.0337228271737937
1,0,30,3.0,0.001,9,52149,0.0007478571017660933,3.108423562539611,0.7386157299023237,0.7835515997002624,10.0,0.27087074118622784,2.0309833754701523,-2931.765174854634,0.2619943378261147,0.279747144546341,0.9483560633274162,1.926095398644301,4.47475069532177,5.877343633877388,32.0,False,False,False,0,0,1.37221269296741,False,True,GB1_IgG-Fc_fitness_1FCC_2016,52149,0.9864039968988534
1,1,30,3.0,0.005,55,52149,0.004525494256840975,2.410753880780816,0.7416605086115725,0.7998191771500275,10.0,0.29055050045525227,2.15726240212153,-3804.5824459167197,0.28204152699761004,0.2990594739128945,0.9367048310992512,2.0207181140160126,4.539807008453848,5.877343633877388,35.0,False,False,False,0,0,1.4717112113849355,False,True,GB1_IgG-Fc_fitness_1FCC_2016,52149,1.0068830609738273
1,2,30,3.0,0.02,254,52149,0.024084833841492646,2.269285829586716,0.737238873387776,0.8284016291871215,10.0,0.20098319396743383,2.6146434701200176,-7650.022862721002,0.19458485554770286,0.2073815323871648,0.9951462047621764,2.6019525260961425,5.714394452123528,5.877343633877388,98.5,False,False,False,3,2,29.999999999999996,False,False,GB1_IgG-Fc_fitness_1FCC_2016,52149,1.0428651774564488
2,0,30,4.0,0.001,13,52149,0.0011505493873324513,2.6670571736140576,0.7382944165563144,0.8162669029814895,10.0,0.25516583224052175,2.3790575138549577,-5603.646980426158,0.24770560795611685,0.26262605652492665,0.9303135883573668,2.2132695326229617,5.273201578225961,5.877343633877388,90.5,False,False,False,0,1,2.9159519725557463,False,True,GB1_IgG-Fc_fitness_1FCC_2016,52149,1.0275889117515642
2,1,30,4.0,0.005,56,52149,0.004276208556252277,2.6267314898477263,0.7446957744817349,0.8010665200371363,10.0,0.36209408499258033,2.27273635830772,-4346.687030846893,0.35344126049669955,0.3707469094884611,0.8671718310935894,1.9708529494266815,4.4798687718584365,5.877343633877388,32.0,False,False,False,0,1,20.0,False,True,GB1_IgG-Fc_fitness_1FCC_2016,52149,1.0084533264289908
2,2,30,4.0,0.02,221,52149,0.020863295556961783,2.6901177534570433,0.7328343590004444,0.8503507582687085,10.0,0.25500068014265953,2.5503163710433165,-7141.782700246491,0.24794585739579994,0.2620555028895191,0.9335174566715326,2.380764852404129,6.02680734540552,5.877343633877388,99.5,True,False,False,1,3,69.99999999999999,False,False,GB1_IgG-Fc_fitness_1FCC_2016,52149,1.070496680809653
3,0,30,6.0,0.001,10,52149,0.0006711538092772632,3.3003439916918627,0.739265710556515,0.7668927477463655,10.0,0.20056671758482955,2.363895757793138,-5297.833532784774,0.19364630658168666,0.20748712858797244,0.9712509499460699,2.2959360003300695,5.042626964874796,5.877343633877388,78.5,False,False,False,0,0,1.277821419219691,False,True,GB1_IgG-Fc_fitness_1FCC_2016,52149,0.9654323619007803
3,1,30,6.0,0.005,44,52149,0.006404724922817312,3.7682310988062664,0.7728983942453864,0.809017049712639,10.0,0.21503776808642586,2.4735471583934787,-6437.206709289603,0.20819212832650844,0.22188340784634328,1.0172843381696108,2.516300783957632,5.679888724504493,5.877343633877388,98.5,False,False,False,2,2,10.0,False,False,GB1_IgG-Fc_fitness_1FCC_2016,52149,1.0184621557803428
3,2,30,6.0,0.02,235,52149,0.02101670214193944,3.0892861336121573,0.7267887926918988,0.8404769796717524,10.0,0.2877578876926903,2.3604717397708335,-5435.885485673556,0.27993950241477705,0.2955762729706035,0.9243856414793113,2.1819861833618477,5.14563210870273,5.877343633877388,86.0,False,False,False,0,3,80.0,False,True,GB1_IgG-Fc_fitness_1FCC_2016,52149,1.0580666957566487
0,0,31,2.0,0.001,9,52149,0.0007670329248883008,2.130693248689017,0.7363417189268059,0.811169376177314,10.0,0.31990282093776357,2.144396225944522,-3633.755618601892,0.311096482088887,0.3287091597866401,0.8969659533190224,1.9234504050980423,4.622032248890127,5.877343633877388,42.5,False,False,False,0,0,1.374522735161402,False,True,GB1_IgG-Fc_fitness_1FCC_2016,52149,1.0211716945372016
0,1,31,2.0,0.005,70,52149,0.005714395290417841,1.9694450906117762,0.749806573534185,0.790934978235061,10.0,0.2967296119533746,2.3825451011740233,-5539.896397066914,0.2889088904161942,0.304550333490555,0.9208602848958477,2.193991160644317,4.983120633728848,5.877343633877388,75.5,False,False,False,0,1,10.0,False,True,GB1_IgG-Fc_fitness_1FCC_2016,52149,0.9956988462746041
0,2,31,2.0,0.02,214,52149,0.018907361598496614,1.7452310526720591,0.7322638203971131,0.8359352375684068,10.0,0.28923926720767296,2.264665142175002,-4626.248815211351,0.2811291904382127,0.2973493439771332,0.9201012538827543,2.0837212369397853,4.925707452552358,5.877343633877388,71.0,False,False,False,0,0,1.5133634154807356,False,True,GB1_IgG-Fc_fitness_1FCC_2016,52149,1.0523491494389108
1,0,31,3.0,0.001,12,52149,0.001399835087921149,2.4111093859130843,0.7439176634740357,0.7925432316382376,10.0,0.29320273060038127,2.2489111805005604,-4477.027925183589,0.2850053323234372,0.3014001288773253,0.9189631231027049,2.0666664420133856,4.562687950383696,5.877343633877388,36.0,False,False,False,0,0,1.0475786347000478,False,True,GB1_IgG-Fc_fitness_1FCC_2016,52149,0.9977234577813976
1,1,31,3.0,0.005,53,52149,0.0053500546510958985,2.782480432214427,0.7544412532225007,0.8262508906031474,10.0,0.24888810216562504,2.4967560035059133,-6681.316111348511,0.24176589254304282,0.25601031178820727,0.961554218088123,2.4007662667079557,5.386643021086437,5.877343633877388,95.0,False,False,False,2,2,10.0,False,True,GB1_IgG-Fc_fitness_1FCC_2016,52149,1.0401576376641388
1,2,31,3.0,0.02,231,52149,0.018830658306007785,2.643450145282835,0.760625587402887,0.8455478894072154,10.0,0.2288451407661011,2.9712773772650825,-11246.481103166007,0.22271651695524733,0.23497376457695487,0.9635968200718678,2.8631134322841123,6.401298385918561,5.877343633877388,100.0,True,False,False,4,3,40.0,False,False,GB1_IgG-Fc_fitness_1FCC_2016,52149,1.0644504050527401
2,0,31,4.0,0.001,10,52149,0.0011121977410880363,2.334679038401255,0.7499269203655758,0.8140640505961368,10.0,0.23042773203898498,2.469247955371035,-6378.008313277533,0.22343084737545105,0.2374246167025189,0.9567209193103883,2.362381173867873,5.287674418971199,5.877343633877388,90.5,False,False,False,0,0,2.4193548387096775,False,True,GB1_IgG-Fc_fitness_1FCC_2016,52149,1.024815766500733
2,1,31,4.0,0.005,44,52149,0.00471725248806305,2.7230126591234067,0.7417493509777819,0.8022217104062049,10.0,0.3028892778119508,2.1790898303496866,-3944.57862494883,0.294359514921918,0.3114190407019836,0.9168361868365488,1.9978684108321085,4.654064332922652,5.877343633877388,46.0,False,False,False,0,1,10.0,False,True,GB1_IgG-Fc_fitness_1FCC_2016,52149,1.0099075821508403
2,2,31,4.0,0.02,208,52149,0.022934284454160195,2.6709350017831173,0.7468301496135067,0.8275958284387845,10.0,0.2208947353275192,2.617460107322819,-7762.055013759673,0.21429567800699975,0.22749379264803862,0.9816089766810171,2.5693223374525376,5.866695467670548,5.877343633877388,99.0,False,False,False,3,3,40.0,False,False,GB1_IgG-Fc_fitness_1FCC_2016,52149,1.0418507642650678
3,0,31,6.0,0.001,18,52149,0.0023778020671537327,3.4707125979199676,0.7629362070712351,0.8044598631469039,10.0,0.25394525520244576,2.3458670006814843,-5354.472109654569,0.24639300632464123,0.2614975040802503,0.9780100765184357,2.2942815648385717,5.092238206928627,5.877343633877388,82.5,False,False,False,0,1,3.0874785591766725,False,True,GB1_IgG-Fc_fitness_1FCC_2016,52149,1.012725166608507
3,1,31,6.0,0.005,49,52149,0.003931043740052541,2.920000554460128,0.7260780125267512,0.8084578040184258,10.0,0.23873125457997652,2.231502063194038,-4376.22851806946,0.2309872914258256,0.24647521773412742,0.9451784783703295,2.109167724569992,4.731726498393926,5.877343633877388,53.0,False,False,False,0,1,3.6020583190394517,False,True,GB1_IgG-Fc_fitness_1FCC_2016,52149,1.0177581278793961
3,2,31,6.0,0.02,238,52149,0.021170108726917103,2.7736158193534166,0.7347032327929683,0.844677353975467,10.0,0.20340187584896172,2.7400348218777997,-8895.082417607802,0.19719191790962312,0.2096118337883003,0.9793964625672026,2.6835804118580717,6.195488399766519,5.877343633877388,99.5,True,False,False,3,3,49.99999999999999,False,False,GB1_IgG-Fc_fitness_1FCC_2016,52149,1.0633544981212155
0,0,32,2.0,0.001,5,52149,0.0005752746936662257,1.7190645163917133,0.739672925646474,0.7860226380280894,10.0,0.3422850253803677,1.9965655311008883,-2618.5504875232873,0.3325883166232619,0.3519817341374735,0.9088785119002035,1.814635508818215,4.242506013338584,5.877343633877388,11.0,False,False,False,0,0,1.2006861063464838,False,True,GB1_IgG-Fc_fitness_1FCC_2016,52149,0.9895147583139168
0,1,32,2.0,0.005,66,52149,0.005886977698517709,1.9311454984230831,0.7471751672956808,0.7995791768734707,10.0,0.26328063832362236,1.974720450568802,-2536.4234706866846,0.2541948484932094,0.27236642815403533,0.9732104385799005,1.9218185557707628,4.27091889581685,5.877343633877388,13.0,False,False,False,0,0,1.0291595197255576,False,True,GB1_IgG-Fc_fitness_1FCC_2016,52149,1.006580927416646
0,2,32,2.0,0.02,226,52149,0.02072906479510633,1.9203724425526465,0.7350805133318135,0.8074960145580826,10.0,0.2701301224676629,2.3385747615311105,-5284.092169207754,0.2624094031508032,0.2778508417845226,0.9413084709957097,2.2013202330860064,5.128825232328327,5.877343633877388,85.0,False,False,False,0,0,2.6209677419354835,False,True,GB1_IgG-Fc_fitness_1FCC_2016,52149,1.0165473423124716
1,0,32,3.0,0.001,11,52149,0.0007478571017660933,2.693529710178395,0.7592822494909366,0.8011871200249782,10.0,0.30408362203974426,2.152635916008647,-3778.1966578830616,0.29542822442965283,0.3127390196498357,0.9480370796365195,2.0407786673335213,4.595586920037375,5.877343633877388,38.5,False,False,False,0,0,1.5437392795883362,False,True,GB1_IgG-Fc_fitness_1FCC_2016,52149,1.008605148351221
1,1,32,3.0,0.005,63,52149,0.00471725248806305,2.3878549467549526,0.785072044093976,0.7990121626158573,10.0,0.28060612747247327,2.515236209106606,-6737.571090539976,0.27324694984540093,0.2879653050995456,0.9657667285950031,2.429131445312584,5.300630751840741,5.877343633877388,92.5,False,False,False,2,1,4.334677419354839,False,True,GB1_IgG-Fc_fitness_1FCC_2016,52149,1.0058671197615758
1,2,32,3.0,0.02,240,52149,0.02088247138008399,2.2407531708604855,0.7505652926218762,0.8149073927981321,10.0,0.2632870893285841,2.3086166654111557,-5058.709699958883,0.2555390132545876,0.27103516540258055,0.9727345478891337,2.24567118827804,5.211055405029057,5.877343633877388,89.5,False,False,False,0,1,3.430531732418525,False,True,GB1_IgG-Fc_fitness_1FCC_2016,52149,1.0258774401915527
2,0,32,4.0,0.001,10,52149,0.0009779669792325835,2.5117722074381916,0.761618522574856,0.8143040412502657,10.0,0.24015875328388886,2.6599450463254275,-8146.253919857263,0.23345553279285175,0.24686197377492597,0.9490179642592809,2.5243356329053155,5.494814893943017,5.877343633877388,97.0,False,False,False,2,0,3.4274193548387095,False,False,GB1_IgG-Fc_fitness_1FCC_2016,52149,1.0251178879443514
2,1,32,4.0,0.005,44,52149,0.0039502195631747495,2.8571152269344284,0.7430626895715753,0.8008092386147584,10.0,0.3798847131006375,2.0138912933412962,-2591.7160325882433,0.3699956047690177,0.38977382143225725,0.8833345269668909,1.7789397129663738,4.124634131171554,5.877343633877388,6.0,False,False,False,0,1,10.0,False,True,GB1_IgG-Fc_fitness_1FCC_2016,52149,1.0081294378382988
2,2,32,4.0,0.02,216,52149,0.018696427544152332,2.956498047150539,0.7280914458862384,0.8678615839213074,10.0,0.25441063450267276,2.523099916832245,-6946.55949913917,0.24728872552605233,0.2615325434792932,0.9389170381850914,2.368981500957182,5.938839312811169,5.877343633877388,99.5,True,False,False,2,3,89.99999999999999,False,False,GB1_IgG-Fc_fitness_1FCC_2016,52149,1.0925408555893739
3,0,32,6.0,0.001,15,52149,0.001323131795432319,3.4520130656449,0.7526215216516534,0.8023143034070117,10.0,0.2949662103304202,2.11166965100761,-3472.5555151651206,0.28623170304159584,0.30370071761924455,0.9415199399104057,1.9881790829273125,4.417763705665902,5.877343633877388,25.5,False,False,False,0,0,1.886792452830189,False,True,GB1_IgG-Fc_fitness_1FCC_2016,52149,1.0100241464027868
3,1,32,6.0,0.005,61,52149,0.005733571113540049,3.0000702569999698,0.747257863856778,0.806593137574173,10.0,0.26326585569652194,2.1815524940190465,-4035.2371504470357,0.2550972943648712,0.27143441702817267,0.9635962215406251,2.1021357403292797,4.926807332935981,5.877343633877388,71.0,False,False,False,0,2,29.999999999999996,False,True,GB1_IgG-Fc_fitness_1FCC_2016,52149,1.0154107209770329
3,2,32,6.0,0.02,213,52149,0.01779516385740858,3.0441985705944448,0.719742505035859,0.8456791410756131,10.0,0.196434000501496,2.6978026366975527,-8420.350041918398,0.19023715434968783,0.2026308466533042,0.9597811508098867,2.589300119307524,6.013035440868185,5.877343633877388,99.5,True,False,False,2,3,49.99999999999999,False,False,GB1_IgG-Fc_fitness_1FCC_2016,52149,1.0646156362517534
0,0,33,2.0,0.001,12,52149,0.0007286812786438858,1.1966948674404827,0.7446070241365116,0.7796578018260555,10.0,0.3149805984127367,2.110926329282356,-3405.8963204363536,0.3060758843032324,0.32388531252224095,0.9087132481247759,1.9182267212342803,4.331055609075015,5.877343633877388,17.5,False,False,False,0,0,10.0,False,True,GB1_IgG-Fc_fitness_1FCC_2016,52149,0.9815021400361997
0,1,33,2.0,0.005,54,52149,0.004046098678785787,1.9071265640211503,0.7354138800159533,0.828038088107872,10.0,0.31379345778854073,2.088082356128791,-3281.7502065111184,0.3047906295756168,0.32279628600146465,0.9112413486670684,1.9027469823267091,4.490046161849437,5.877343633877388,33.5,False,False,False,0,0,1.2006861063464838,False,True,GB1_IgG-Fc_fitness_1FCC_2016,52149,1.0424075198194205
0,2,33,2.0,0.02,212,52149,0.020614009856373086,1.751350940184606,0.7678660676387226,0.8353855820840299,10.0,0.2608180643550104,2.6559179206854595,-8112.342914967856,0.253910940048412,0.2677251886616088,0.9732688261093855,2.5849221169084173,5.3671159436769225,5.877343633877388,93.5,False,False,False,4,0,5.040322580645161,False,True,GB1_IgG-Fc_fitness_1FCC_2016,52149,1.051657194541602
1,0,33,3.0,0.001,9,52149,0.0010163186254769985,2.61841305452827,0.7521686408656132,0.7764781850443327,10.0,0.2783625595085502,2.263521782759695,-4625.43962549034,0.2703459292562297,0.28637918976087073,0.9409792217600011,2.1299269655780284,4.852579953717298,5.877343633877388,63.5,False,False,False,0,1,3.0874785591766725,False,True,GB1_IgG-Fc_fitness_1FCC_2016,52149,0.977499357445624
1,1,33,3.0,0.005,59,52149,0.006270494160961859,2.610803603008639,0.7402008585497895,0.7939201538350837,10.0,0.26635237031633874,2.1800574501542105,-4011.162195220153,0.25815256493924416,0.2745521756934333,0.9478756846063507,2.0664234480460975,4.975523233950687,5.877343633877388,75.5,False,False,False,0,1,10.0,False,True,GB1_IgG-Fc_fitness_1FCC_2016,52149,0.9994568491227048
1,2,33,3.0,0.02,215,52149,0.021304339488772556,2.6418452367147616,0.7751867292752967,0.8394598963050468,10.0,0.20148354463913418,2.89421270896985,-10487.093664429674,0.19550899307373668,0.20745809620453168,1.0400913598152348,3.0102456320669853,6.291009079101261,5.877343633877388,99.5,True,False,False,4,2,14.415322580645162,False,False,GB1_IgG-Fc_fitness_1FCC_2016,52149,1.0567863013340204
2,0,33,4.0,0.001,11,52149,0.0013039559723101114,3.0635821529495955,0.7599654021540639,0.756225341837329,10.0,0.25900533405543846,2.306396568719882,-5043.2552048776415,0.25128558109517335,0.2667250870157036,0.9743416187275211,2.24721816619413,5.161459551990846,5.877343633877388,86.0,False,False,False,0,1,2.74442538593482,False,True,GB1_IgG-Fc_fitness_1FCC_2016,52149,0.9520032886537328
2,1,33,4.0,0.005,54,52149,0.004736428311185257,2.7416804458103123,0.7546448504720088,0.8307018541246022,10.0,0.27391493737561395,2.4589347908986925,-6303.706718966452,0.26647867466763975,0.28135120008358816,0.944205945287373,2.3217408486405087,5.379930431669016,5.877343633877388,94.5,False,False,False,0,3,20.0,False,True,GB1_IgG-Fc_fitness_1FCC_2016,52149,1.0457609038808033
2,2,33,4.0,0.02,223,52149,0.022608295461082666,2.742050425911262,0.719184232665955,0.8320507533237536,10.0,0.22655325125622158,2.54746345440587,-7103.436208235333,0.21976025899856239,0.23334624351388078,0.9458456534749067,2.4095072357359633,5.905018800692301,5.877343633877388,99.5,True,False,False,1,3,59.99999999999999,False,False,GB1_IgG-Fc_fitness_1FCC_2016,52149,1.0474590173961935
3,0,33,6.0,0.001,10,52149,0.0012080768566990739,2.131797506687453,0.7234597980078435,0.7905490014861541,10.0,0.3579843682153834,1.9796710372665265,-2451.232050891529,0.34807669797489366,0.3678920384558731,0.8723308642410217,1.7269281468516289,4.146448813125359,5.877343633877388,6.5,False,False,False,0,0,1.035289798540682,False,True,GB1_IgG-Fc_fitness_1FCC_2016,52149,0.9952129446339498
3,1,33,6.0,0.005,53,52149,0.0045446700799631826,3.2443556642934723,0.7185875706435427,0.817564385527093,10.0,0.2904294968462501,2.3076330007342984,-5000.3465710587625,0.2824409423681132,0.298418051324387,0.8948301342556645,2.064939547859874,5.497879063202143,5.877343633877388,97.0,False,False,False,0,3,20.0,False,False,GB1_IgG-Fc_fitness_1FCC_2016,52149,1.0292222974397298
3,2,33,6.0,0.02,220,52149,0.0206523615026175,2.8431057698137443,0.7519461300387926,0.8272182472887881,10.0,0.22571602294033785,2.6466861173044642,-8083.622493249743,0.21911558121826805,0.23231646466240766,0.9909359869543486,2.6226965198094723,6.08570361297759,5.877343633877388,99.5,True,False,False,3,3,29.999999999999996,False,False,GB1_IgG-Fc_fitness_1FCC_2016,52149,1.041375431746249
0,0,34,2.0,0.001,11,52149,0.000517747224299603,1.911113790631082,0.7342005110744092,0.8043550521681339,10.0,0.20600658158525978,2.380797417138028,-5496.106449192332,0.1990579662970604,0.21295519687345915,0.9661212452232575,2.3001389652697064,5.178245670607909,5.877343633877388,87.0,False,False,False,0,0,1.4454045561665356,False,True,GB1_IgG-Fc_fitness_1FCC_2016,52149,1.0125932212861861
0,1,34,2.0,0.005,67,52149,0.006289669984084067,2.064570268006486,0.7458626372601458,0.7896273424753394,10.0,0.22465281005300863,2.5798528558490266,-7377.94479822577,0.21795189820588107,0.2313537219001362,0.9599671094676026,2.4765738888811297,5.609706495639757,5.877343633877388,98.5,False,False,False,2,1,10.0,False,False,GB1_IgG-Fc_fitness_1FCC_2016,52149,0.9940526788232574
0,2,34,2.0,0.02,209,52149,0.018140328673608316,1.7134153860762769,0.7380442122938344,0.81627852777961,10.0,0.2689415735743011,2.1688950230747204,-3920.801929263049,0.26067390872197993,0.27720923842662226,0.9528858146552481,2.0667093009642676,4.87795186967589,5.877343633877388,65.0,False,False,False,0,1,20.0,False,True,GB1_IgG-Fc_fitness_1FCC_2016,52149,1.0276035460747326
1,0,34,3.0,0.001,7,52149,0.00028763734683311283,2.7440504579793856,0.76583121399322,0.7926533738601274,10.0,0.2911811826646487,2.256403504808467,-4540.609861144039,0.2830284248451152,0.2993339404841822,0.9451704888719101,2.1326860037321103,4.876931756884421,5.877343633877388,65.0,False,False,False,0,0,1.3104838709677418,False,True,GB1_IgG-Fc_fitness_1FCC_2016,52149,0.9978621145436848
1,1,34,3.0,0.005,63,52149,0.004372087671863314,2.0091168282783114,0.7451626313049181,0.8069556800181328,10.0,0.2875335978713309,2.4098602326965133,-5778.709616196284,0.27986689982381274,0.2952002959188491,0.91403401391941,2.2026942214763574,4.984774076326595,5.877343633877388,76.0,False,False,False,0,1,10.0,False,True,GB1_IgG-Fc_fitness_1FCC_2016,52149,1.0158671214437083
1,2,34,3.0,0.02,213,52149,0.01672131776256496,2.492746606159433,0.7632750813234755,0.8367042679901537,10.0,0.2714192081005851,2.3311897362584078,-5259.308822086372,0.26365157551613766,0.2791868406850326,0.9875521604538915,2.302171460469928,5.16798240373844,5.877343633877388,87.0,False,False,False,0,3,29.999999999999996,False,True,GB1_IgG-Fc_fitness_1FCC_2016,52149,1.0533172728937517
2,0,34,4.0,0.001,4,52149,0.00032598899307752785,3.4053639084677583,0.7546537402383122,0.7642839397027035,10.0,0.20683070740707732,2.5509695276307403,-7045.926320370345,0.2002561867676897,0.21340522804646495,0.9786579303355027,2.4965265582600353,5.45808716895905,5.877343633877388,96.5,False,False,False,1,0,2.82258064516129,False,False,GB1_IgG-Fc_fitness_1FCC_2016,52149,0.9621481637925836
2,1,34,4.0,0.005,38,52149,0.003432472338875146,3.8347434611238187,0.7403178400371335,0.8000725564555957,10.0,0.2266048507659819,2.278737258122486,-4746.437744513503,0.21914079034428036,0.23406891118768347,0.9659351855244713,2.2011124961860684,5.492835225570229,5.877343633877388,96.5,False,False,False,0,1,10.0,False,False,GB1_IgG-Fc_fitness_1FCC_2016,52149,1.0072020372350454
2,2,34,4.0,0.02,208,52149,0.017891042973019616,2.908311248057786,0.7552174808495925,0.8502063474340241,10.0,0.23129293086478078,2.6214442146948875,-7843.110831546364,0.22459412769913284,0.23799173403042873,0.982064188831274,2.5744264862707706,6.020639480678779,5.877343633877388,99.5,True,False,False,3,3,29.999999999999996,False,False,GB1_IgG-Fc_fitness_1FCC_2016,52149,1.0703148836892302
3,0,34,6.0,0.001,12,52149,0.0008245603942549234,3.3441105326317513,0.744882026837563,0.7915940659553338,10.0,0.28785641322257477,2.24425503003967,-4475.790663951222,0.2796882520403062,0.29602457440484337,0.9207682651714608,2.066438810611952,4.652945053636938,5.877343633877388,46.0,False,False,False,0,0,1.485595279416869,False,True,GB1_IgG-Fc_fitness_1FCC_2016,52149,0.9965285641410889
3,1,34,6.0,0.005,71,52149,0.007133406201461198,3.232429655736916,0.7442669584971493,0.8215314654314015,10.0,0.19502897366089147,2.291598474801864,-4721.617226059025,0.18794982567926152,0.20210812164252143,0.9991573129221847,2.289667374379607,5.284734543297452,5.877343633877388,90.5,False,False,False,0,2,20.0,False,True,GB1_IgG-Fc_fitness_1FCC_2016,52149,1.0342164081978777
3,2,34,6.0,0.02,222,52149,0.019942856047095822,2.8330657395959116,0.7127588505972525,0.8514856469432783,10.0,0.20098276678988367,2.8057248648147173,-9499.952405477728,0.19491048280010337,0.20705505077966396,0.936990743968739,2.6289382284543317,6.314544041147337,5.877343633877388,99.5,True,False,False,3,3,59.99999999999999,False,False,GB1_IgG-Fc_fitness_1FCC_2016,52149,1.0719253789643872
0,0,35,2.0,0.001,8,52149,0.0007095054555216782,2.0099178848042114,0.7439114499948276,0.7836632570791391,10.0,0.2962511358448211,2.229321827794035,-4318.660012894077,0.2879631476726839,0.3045391240169583,0.9196837743821016,2.0502711128980238,4.5948662211587346,5.877343633877388,38.5,False,False,False,0,0,1.166261714682402,False,True,GB1_IgG-Fc_fitness_1FCC_2016,52149,0.9865445610746515
0,1,35,2.0,0.005,57,52149,0.004736428311185257,1.8133046295311441,0.7694730279344348,0.797204102273919,10.0,0.23743303248481493,2.4197368392195067,-5967.343762040109,0.23024495977564707,0.24462110519398278,0.9894296161834039,2.3941592920937995,5.31105772423154,5.877343633877388,92.5,False,False,False,1,0,4.032258064516129,False,True,GB1_IgG-Fc_fitness_1FCC_2016,52149,1.003590973623141
0,2,35,2.0,0.02,219,52149,0.017833515503652995,1.7713680333118855,0.7580015902797257,0.8267483272679943,10.0,0.28822021562856504,2.292992725039508,-4864.426706448488,0.28020410378511346,0.2962363274720166,0.9553184232839342,2.1905381946862743,4.857549842776499,5.877343633877388,63.5,False,False,False,0,1,2.9159519725557463,False,True,GB1_IgG-Fc_fitness_1FCC_2016,52149,1.0407838548967967
1,0,35,3.0,0.001,13,52149,0.0012464285029434889,2.6503260617208464,0.7449830517653366,0.8155575694811937,10.0,0.29802143846799173,2.0504017213324497,-3035.3461150388175,0.28898942093140934,0.3070534560045741,0.9334786739317793,1.914006279856853,4.475806661143655,5.877343633877388,32.0,False,False,False,0,1,2.0583190394511153,False,True,GB1_IgG-Fc_fitness_1FCC_2016,52149,1.0266959400569193
1,1,35,3.0,0.005,47,52149,0.00525417553548486,2.6430838413441107,0.7489517727458543,0.8119581139956954,10.0,0.2673757488801331,2.3851608084607903,-5649.120744246582,0.2598157882701306,0.2749357094901356,0.9405505256350243,2.2433642521218555,5.166244767318134,5.877343633877388,87.0,False,False,False,0,1,10.0,False,True,GB1_IgG-Fc_fitness_1FCC_2016,52149,1.0221646274044873
1,2,35,3.0,0.02,196,52149,0.0191182956528409,2.582951868772481,0.7373782296751883,0.8537896544685455,10.0,0.2230347959275164,2.87266065441254,-10284.229731512169,0.21682391493683406,0.22924567691819875,0.9554646187330145,2.7447256169176093,6.345810991145198,5.877343633877388,100.0,True,False,False,4,3,49.99999999999999,False,False,GB1_IgG-Fc_fitness_1FCC_2016,52149,1.0748258672445183
2,0,35,4.0,0.001,6,52149,0.000479395578055188,4.371458476584434,0.7581532510793643,0.798838564797296,10.0,0.2742475401156229,2.282711511665382,-4770.060605580598,0.26633559260178036,0.28215948762946547,0.9412912631133806,2.148696402138962,4.788253610956591,5.877343633877388,59.0,False,False,False,0,1,20.0,False,True,GB1_IgG-Fc_fitness_1FCC_2016,52149,1.0056485794865675
2,1,35,4.0,0.005,53,52149,0.005580164528562389,2.773826101844073,0.7600656079335533,0.7820156269536506,10.0,0.2675785064531533,2.4930013980271997,-6563.417532043939,0.2602895541758869,0.2748674587304197,0.9419090403704129,2.348180554457897,5.392410883847597,5.877343633877388,95.0,False,False,False,1,1,10.0,False,False,GB1_IgG-Fc_fitness_1FCC_2016,52149,0.9844703786700536
2,2,35,4.0,0.02,203,52149,0.019041592360352067,2.5948301092312307,0.7189435278622622,0.8660950517390382,10.0,0.2358020615614626,2.2050189378721106,-4144.418177943415,0.22800747998159251,0.2435966431413327,0.9475358882679744,2.089334577944356,4.763745287256159,5.877343633877388,54.0,False,False,False,0,2,10.0,False,True,GB1_IgG-Fc_fitness_1FCC_2016,52149,1.0903169887682131
3,0,35,6.0,0.001,10,52149,0.0010163186254769985,1.6398014686055493,0.7397702929716728,0.7908452142743897,10.0,0.3753218326580751,1.9303855957506209,-2135.8370017933776,0.36497494612770254,0.3856687191884477,0.8908868719091513,1.719755184976754,3.9798343326218557,5.877343633877388,1.0,False,False,False,0,0,1.37221269296741,False,True,GB1_IgG-Fc_fitness_1FCC_2016,52149,0.995585843468385
3,1,35,6.0,0.005,57,52149,0.005771922759784464,3.7733019764790785,0.7303580161373722,0.7850218983174243,10.0,0.15585036343053685,2.741844297900646,-8389.074214265827,0.1502009551485977,0.161499771712476,1.0040060877833343,2.7528283668462703,6.487582510664909,5.877343633877388,100.0,True,False,False,2,3,40.0,False,False,GB1_IgG-Fc_fitness_1FCC_2016,52149,0.9882549387298166
3,2,35,6.0,0.02,211,52149,0.019041592360352067,3.143963564603099,0.7547295814888073,0.8511410322689764,10.0,0.28019887856167264,2.696911898901174,-8475.811862952833,0.273191273108902,0.28720648401444326,0.9461168899766085,2.5515938983292883,5.9886726543828415,5.877343633877388,99.5,True,False,False,3,4,89.99999999999999,False,False,GB1_IgG-Fc_fitness_1FCC_2016,52149,1.0714915475584512
0,0,36,2.0,0.001,8,52149,0.0004602197549329805,2.5119356219789246,0.7434117592844335,0.7946206337155824,10.0,0.2861304507427342,2.200464952141556,-4155.652809426916,0.2778172744398845,0.29444362704558386,0.9339893008313374,2.055210722154554,4.559153856404309,5.877343633877388,35.5,False,False,False,0,1,10.0,False,True,GB1_IgG-Fc_fitness_1FCC_2016,52149,1.0003386750983463
0,1,36,2.0,0.005,48,52149,0.004276208556252277,1.77370099844437,0.7619792514449389,0.8119120199567734,10.0,0.3092106942534731,2.1996367482110184,-4087.8811483662575,0.300697873874691,0.3177235146322552,0.941601950021738,2.0711822514549696,4.626736681536817,5.877343633877388,43.5,False,False,False,0,0,10.0,False,True,GB1_IgG-Fc_fitness_1FCC_2016,52149,1.0221066001549186
0,2,36,2.0,0.02,212,52149,0.019597691230896087,1.885666034853805,0.7676466786578338,0.8076575970101233,10.0,0.22753347747667346,2.5163711933682067,-6772.285959881585,0.22067621768623283,0.2343907372671141,0.9905757600913784,2.49265630754276,5.275328636757585,5.877343633877388,90.5,False,False,False,0,1,3.2258064516129035,False,True,GB1_IgG-Fc_fitness_1FCC_2016,52149,1.0167507565822946
1,0,36,3.0,0.001,14,52149,0.001284780149187904,2.6219487087787376,0.7344529091802965,0.8004449703958996,10.0,0.3574223177149169,1.8395801914213739,-1698.2306255503208,0.3465774363466799,0.36826719908315386,0.902495789338444,1.6602133769081988,4.008647143724354,5.877343633877388,1.5,False,False,False,0,0,0.9673718507640768,False,True,GB1_IgG-Fc_fitness_1FCC_2016,52149,1.007670864813672
1,1,36,3.0,0.005,50,52149,0.0045446700799631826,2.69756148810157,0.7830587314998385,0.8078332657481183,10.0,0.2794325216814954,2.519153988751043,-6770.095889356337,0.27209360190911425,0.28677144145387656,0.9612798133514304,2.421611876110114,5.21552354640153,5.877343633877388,89.5,False,False,False,2,1,10.0,False,True,GB1_IgG-Fc_fitness_1FCC_2016,52149,1.0169719039136953
1,2,36,3.0,0.02,228,52149,0.02044142744827322,2.5694126702514026,0.7352540381509474,0.8521291845894249,10.0,0.21540073148388433,2.53157468457669,-6949.421113085322,0.20868325142854446,0.2221182115392242,0.9800693069853951,2.481118646694847,5.85750712584399,5.877343633877388,99.0,False,False,False,1,3,40.0,False,False,GB1_IgG-Fc_fitness_1FCC_2016,52149,1.072735521023387
2,0,36,4.0,0.001,11,52149,0.0017833515503652994,3.4284094628632134,0.7643118747385836,0.7955105753815387,10.0,0.24661357677019835,2.510164047909349,-6817.016369412944,0.23953660997722406,0.2536905435631726,0.9710232640600327,2.43742768712708,5.433115546746488,5.877343633877388,95.5,False,False,False,2,0,10.0,False,False,GB1_IgG-Fc_fitness_1FCC_2016,52149,1.001459012312439
2,1,36,4.0,0.005,55,52149,0.005637691997929011,3.0925103104041494,0.7297651165191792,0.8045087200150923,10.0,0.30854748466970067,2.117086070752826,-3505.4913905326976,0.29971113705777624,0.3173838322816251,0.9121800912704666,1.9311637652467462,4.715765185015156,5.877343633877388,51.5,False,False,False,0,2,20.0,False,True,GB1_IgG-Fc_fitness_1FCC_2016,52149,1.0127866719517105
2,2,36,4.0,0.02,210,52149,0.01716236169437573,2.7875650376254844,0.7327380333930776,0.813128418345232,10.0,0.25018894439112566,2.4136047684660817,-5918.753352202504,0.24286177108972767,0.25751611769252364,0.9397585154073792,2.268205633993856,5.361464489073108,5.877343633877388,93.5,False,False,False,0,3,49.99999999999999,False,True,GB1_IgG-Fc_fitness_1FCC_2016,52149,1.0236379099405866
3,0,36,6.0,0.001,13,52149,0.0010546702717214136,5.391657436568269,0.7467341551330238,0.8167192945140952,10.0,0.2624601025291202,2.1882440774096437,-4064.134071331733,0.25432923436388194,0.2705909706943585,0.9509769353539174,2.080969646541383,4.713220715946199,5.877343633877388,51.0,False,False,False,0,1,10.0,False,True,GB1_IgG-Fc_fitness_1FCC_2016,52149,1.0281584221910758
3,1,36,6.0,0.005,58,52149,0.005407582120462521,3.153357198310055,0.7372673192045514,0.8177042925268664,10.0,0.25670173249465733,2.025327927672015,-2887.3235601817723,0.24794188927570074,0.26546157571361395,0.9585925327982887,1.9414642279342258,4.577642439933569,5.877343633877388,38.0,False,False,False,0,1,10.0,False,True,GB1_IgG-Fc_fitness_1FCC_2016,52149,1.0293984247347585
3,2,36,6.0,0.02,236,52149,0.02256994381483825,3.042286808870525,0.7462339361723183,0.8571579771912524,10.0,0.26526838772437566,2.3452318262433027,-5359.953912208846,0.2576054633718562,0.27293131207689514,0.9715511784476903,2.27851274451971,5.494047929077151,5.877343633877388,97.0,False,False,False,1,3,40.0,False,False,GB1_IgG-Fc_fitness_1FCC_2016,52149,1.0790662095497274
0,0,37,2.0,0.001,13,52149,0.0012656043260656964,1.9605407655444205,0.7570950347121227,0.7928358185893262,10.0,0.26775820721271765,2.2683833400866726,-4663.2725728415535,0.25986199402842997,0.27565442039700533,0.9480528299574634,2.150547244997533,4.871587636311626,5.877343633877388,64.5,False,False,False,0,0,1.5437392795883362,False,True,GB1_IgG-Fc_fitness_1FCC_2016,52149,0.9980917920916136
0,1,37,2.0,0.005,53,52149,0.0049090107192851255,1.6930169067187635,0.7302072721566306,0.8211355945687532,10.0,0.2547704706169809,2.2004342321424004,-4138.916618054704,0.2467636349911679,0.2627773062427939,0.9367464488725924,2.061248952937083,4.730742334175933,5.877343633877388,53.0,False,False,False,0,0,10.0,False,True,GB1_IgG-Fc_fitness_1FCC_2016,52149,1.0337180509724933
0,2,37,2.0,0.02,225,52149,0.02126598784252814,1.9362259317573987,0.7444444808824511,0.8209538007390151,10.0,0.22082067305683592,2.4509482461589784,-6218.551836531697,0.21387031252738395,0.2277710335862879,0.9887460942159954,2.423365505515234,5.364278208131546,5.877343633877388,93.5,False,False,False,0,0,3.4274193548387095,False,True,GB1_IgG-Fc_fitness_1FCC_2016,52149,1.0334891928343264
1,0,37,3.0,0.001,13,52149,0.001284780149187904,2.585354834973725,0.7676061478661247,0.7889274690776394,10.0,0.4052615822841531,2.035385111909042,-2617.2714600893087,0.3953064326539776,0.4152167319143286,0.8968930751310406,1.8255228120960376,4.170254768559699,5.877343633877388,8.0,False,False,False,0,0,0.9717060649017277,False,True,GB1_IgG-Fc_fitness_1FCC_2016,52149,0.9931716163417584
1,1,37,3.0,0.005,59,52149,0.005273351358607068,2.26737631872894,0.7254649952916636,0.8219006971557054,10.0,0.25153015185043787,2.2413682365139405,-4468.817375562037,0.24369112844546656,0.25936917525540915,0.9310997545086608,2.0869374147816395,4.812674383304164,5.877343633877388,59.0,False,False,False,0,1,2.2298456260720414,False,True,GB1_IgG-Fc_fitness_1FCC_2016,52149,1.0346812297217882
1,2,37,3.0,0.02,211,52149,0.018447141843563636,2.2462127511049514,0.748564218135669,0.8161998994053867,10.0,0.2687521000228889,2.3761354510043056,-5604.387915594329,0.26114968764503554,0.27635451240074227,0.9549563108077705,2.269105544270629,5.479562445983248,5.877343633877388,96.5,False,False,False,1,3,29.999999999999996,False,False,GB1_IgG-Fc_fitness_1FCC_2016,52149,1.0275045617287966
2,0,37,4.0,0.001,11,52149,0.0008629120404993384,3.097281612078503,0.737972426548336,0.8082457026264643,10.0,0.2643512277135329,2.1139411943933504,-3506.0742932239955,0.25591713064755467,0.2727853247795112,0.942212603786047,1.9917820370199446,4.6008858106462585,5.877343633877388,39.0,False,False,False,0,0,1.2006861063464838,False,True,GB1_IgG-Fc_fitness_1FCC_2016,52149,1.0174911159035944
2,1,37,4.0,0.005,48,52149,0.005139120596751616,2.900329333243019,0.7524666796353189,0.7895739182361329,10.0,0.259001518275399,2.3389681747296476,-5275.3919208997395,0.25139146314623334,0.2666115734045647,0.9530457682211828,2.229143720930115,5.140848888657652,5.877343633877388,85.5,False,False,False,0,1,10.0,False,True,GB1_IgG-Fc_fitness_1FCC_2016,52149,0.9939854236697937
2,2,37,4.0,0.02,234,52149,0.021898790005560987,2.770052068373457,0.7502854363605223,0.832458568288074,10.0,0.23579467146720154,2.7127491351067357,-8700.4413851141,0.22922073331764972,0.24236860961675336,0.9746187494313202,2.6438961695786225,6.423826702860773,5.877343633877388,100.0,True,False,False,3,3,40.0,False,False,GB1_IgG-Fc_fitness_1FCC_2016,52149,1.0479724109122743
3,0,37,6.0,0.001,15,52149,0.0019367581353429595,4.063347134815028,0.754122305870683,0.8189088689204181,10.0,0.3045225943016315,2.3104197424329223,-4926.532059740392,0.2964297419900557,0.3126154466132073,0.9174479757628684,2.1196899158576525,4.810571215048604,5.877343633877388,59.0,False,False,False,0,1,10.0,False,True,GB1_IgG-Fc_fitness_1FCC_2016,52149,1.030914851948517
3,1,37,6.0,0.005,64,52149,0.0043337360256189,3.070807318257213,0.7424452533329363,0.8018364344076452,10.0,0.27128224014560726,2.1884381582332373,-4075.214655071002,0.26306613558522235,0.27949834470599216,0.9462449634921875,2.07079858514232,4.791113640088982,5.877343633877388,59.0,False,False,False,0,2,20.0,False,True,GB1_IgG-Fc_fitness_1FCC_2016,52149,1.0094225626766486
3,2,37,6.0,0.02,206,52149,0.018370438551074803,3.287651376163962,0.7104151590837966,0.8618081926996763,10.0,0.17664923639305186,2.5239413620202367,-6628.232629771723,0.17034855282538378,0.18294991996071994,0.9868469069641962,2.490743726468671,5.840901495026733,5.877343633877388,98.5,False,False,False,1,3,59.99999999999999,False,False,GB1_IgG-Fc_fitness_1FCC_2016,52149,1.0849203117756756
0,0,38,2.0,0.001,16,52149,0.0019367581353429595,1.876138241195494,0.7309820986254552,0.7978381475476717,10.0,0.26510107729363513,2.0440501493498364,-2995.134210917633,0.256355189411857,0.2738469651754133,0.9347265451933208,1.9106279343036636,4.479965959870378,5.877343633877388,32.0,False,False,False,0,0,1.0291595197255576,False,True,GB1_IgG-Fc_fitness_1FCC_2016,52149,1.0043891658449215
0,1,38,2.0,0.005,49,52149,0.0038543404475637117,1.9923666130289157,0.7519078804408974,0.7936111544284877,10.0,0.19347700087539912,2.417905393996741,-5733.776739823457,0.18676857034401517,0.20018543140678308,0.9944860060954008,2.404573078392346,5.228203949657644,5.877343633877388,90.0,False,False,False,0,0,2.0161290322580645,False,True,GB1_IgG-Fc_fitness_1FCC_2016,52149,0.9990678533631118
0,2,38,2.0,0.02,188,52149,0.01593510901455445,1.9112733760630523,0.7377697171209803,0.8421298445225981,10.0,0.30347376193539155,2.2424337144064483,-4419.485496828536,0.29516455943259723,0.3117829644381859,0.9185786377113947,2.059851706537578,4.873894872019284,5.877343633877388,64.5,False,False,False,0,1,3.0874785591766725,False,True,GB1_IgG-Fc_fitness_1FCC_2016,52149,1.0601474680961238
1,0,38,3.0,0.001,13,52149,0.001514890026654394,2.219988860237659,0.7604917254516412,0.7928988893458184,10.0,0.16119987998399735,2.8451979851663047,-9482.739787350292,0.15563516881151696,0.16676459115647774,1.0244059147385447,2.9146376446065525,6.4238687021501,5.877343633877388,100.0,True,False,False,3,2,10.987903225806452,False,False,GB1_IgG-Fc_fitness_1FCC_2016,52149,0.9981711911335085
1,1,38,3.0,0.005,57,52149,0.004966538188651748,2.324821258804747,0.7256043666661186,0.8266330324999601,10.0,0.29606510859215057,1.9611929274543254,-2462.470228924474,0.2865799713707713,0.30555024581352985,0.923192704253835,1.8105590022600542,4.276936955846414,5.877343633877388,13.0,False,False,False,0,0,1.7152658662092626,False,True,GB1_IgG-Fc_fitness_1FCC_2016,52149,1.0406387116540876
1,2,38,3.0,0.02,209,52149,0.018677251721030127,2.399155164274138,0.7335039295581025,0.820465855547199,10.0,0.2835935311203561,2.3407514863791152,-5266.536491821607,0.2757623311058847,0.29142473113482753,0.9281152874836921,2.1724872387086323,5.4042689621493105,5.877343633877388,95.0,False,False,False,0,3,29.999999999999996,False,False,GB1_IgG-Fc_fitness_1FCC_2016,52149,1.03287492430669
2,0,38,4.0,0.001,5,52149,0.00034516481619973537,3.8845985212741656,0.7505496016013421,0.8074760177278582,10.0,0.27887977029996075,2.021398394993543,-2856.400268321362,0.26987785468164016,0.28788168591828134,0.9614206291501352,1.9434141166777652,4.338615995231309,5.877343633877388,18.5,False,False,False,0,0,1.332870531065602,False,True,GB1_IgG-Fc_fitness_1FCC_2016,52149,1.0165221685354462
2,1,38,4.0,0.005,48,52149,0.003432472338875146,2.542573333411279,0.7452949588663615,0.7891605856667383,10.0,0.22672695660423128,2.4109975796537326,-5843.965075816464,0.21962808554153723,0.23382582766692533,0.9702282649699948,2.3392179985542976,5.158950330757562,5.877343633877388,86.0,False,False,False,0,0,10.0,False,True,GB1_IgG-Fc_fitness_1FCC_2016,52149,0.9934650841048496
2,2,38,4.0,0.02,212,52149,0.01825538361234156,2.4540314180401213,0.7317784101075588,0.8477083371425348,10.0,0.2112118783456086,2.3590034045030266,-5398.577206511691,0.2041296326165405,0.2182941240746767,0.9807064882789958,2.3134899446683588,5.543646477243519,5.877343633877388,97.5,False,False,False,0,3,40.0,False,False,GB1_IgG-Fc_fitness_1FCC_2016,52149,1.0671701675827707
3,0,38,6.0,0.001,14,52149,0.0017449999041208844,2.432146903866106,0.7441454490805972,0.794088691508175,10.0,0.32674108587689743,1.9759148799645845,-2511.2653189545963,0.3170667546795808,0.3364154170742141,0.9183556672666108,1.814592628051901,4.2674140492730395,5.877343633877388,13.0,False,False,False,0,0,1.2217979868101352,False,True,GB1_IgG-Fc_fitness_1FCC_2016,52149,0.9996690192394256
3,1,38,6.0,0.005,52,52149,0.005963680991006539,2.784497721671505,0.7242513056299864,0.792003897671901,10.0,0.2640746223254127,2.2055186333528747,-4189.182994504576,0.25599501427162286,0.2721542303792025,0.9248826355500135,2.039845886370071,4.85700475726777,5.877343633877388,63.5,False,False,False,0,2,20.0,False,True,GB1_IgG-Fc_fitness_1FCC_2016,52149,0.9970444965231203
3,2,38,6.0,0.02,238,52149,0.02256994381483825,2.6149558376671176,0.7239481530794094,0.851718170260559,10.0,0.2019445476256623,2.687424916448795,-8366.835857419035,0.19566597995587426,0.20822311529545035,0.9667100954401618,2.5979607974684837,6.173459324627057,5.877343633877388,99.5,True,False,False,2,3,99.99999999999999,False,False,GB1_IgG-Fc_fitness_1FCC_2016,52149,1.0722180998644857
0,0,39,2.0,0.001,14,52149,0.0010163186254769985,1.267749090712997,0.7339067180164998,0.8006397153025462,10.0,0.2617001939588321,2.071693253724572,-3210.413305231661,0.2531042610733485,0.2702961268443157,0.9479925377070151,1.96394974494886,4.589865597461648,5.877343633877388,38.5,False,False,False,0,0,1.2356820548420686,False,True,GB1_IgG-Fc_fitness_1FCC_2016,52149,1.0079160269119505
0,1,39,2.0,0.005,51,52149,0.0035858789238528066,1.9704643385157428,0.7307678524847742,0.7958425256506226,10.0,0.2929275395314923,2.155853415941738,-3800.8161484375596,0.28439182420848824,0.3014632548544964,0.9152844080127288,1.9732190175724529,4.634901095863049,5.877343633877388,45.0,False,False,False,0,1,2.74442538593482,False,True,GB1_IgG-Fc_fitness_1FCC_2016,52149,1.0018769006459212
0,2,39,2.0,0.02,223,52149,0.01879230665976337,1.966640549956074,0.7463562279545405,0.7957586255520783,10.0,0.1901839787364892,2.8669929108937175,-10114.619449904392,0.1842949759228267,0.1960729815501517,1.0029019706262479,2.8753128401067922,6.222020071157162,5.877343633877388,99.5,True,False,False,3,1,8.366935483870968,False,False,GB1_IgG-Fc_fitness_1FCC_2016,52149,1.0017712797875424
1,0,39,3.0,0.001,11,52149,0.0006903296323994707,1.8644991020141655,0.7392168474711353,0.7898137334521658,10.0,0.39566722007925736,1.9575327485432377,-2234.536108792061,0.3853370809047196,0.40599735925379515,0.8774622874095659,1.7176611632158838,4.131405065810379,5.877343633877388,6.0,False,False,False,0,0,10.0,False,True,GB1_IgG-Fc_fitness_1FCC_2016,52149,0.9942873242564334
1,1,39,3.0,0.005,67,52149,0.005733571113540049,2.767294226937749,0.7416705658811754,0.821590000336211,10.0,0.2413587817211089,2.44996913505666,-6239.119821839326,0.23420496770590613,0.24851259573631165,0.9496238854503903,2.3265492092660374,5.395727141344282,5.877343633877388,95.0,False,False,False,0,3,20.0,False,False,GB1_IgG-Fc_fitness_1FCC_2016,52149,1.0342900971088367
1,2,39,3.0,0.02,214,52149,0.019674394523384917,2.3219468206637153,0.705609100123071,0.8515124632360979,10.0,0.36028817578848804,1.8696536223468796,-1876.1201508295198,0.34963564062999186,0.3709407109469842,0.8925117939418724,1.6686879085307336,4.139260043669876,5.877343633877388,6.0,False,False,False,0,1,10.0,False,True,GB1_IgG-Fc_fitness_1FCC_2016,52149,1.0719591376835698
2,0,39,4.0,0.001,11,52149,0.0012272526798212814,2.5914823938207694,0.7549290507866517,0.7915772190495194,10.0,0.2946139826075041,2.268180287098021,-4658.664615284157,0.2864605538523818,0.3027674113626264,0.9383378721753256,2.128319464305576,4.695213181698624,5.877343633877388,50.5,False,False,False,0,0,1.5437392795883362,False,True,GB1_IgG-Fc_fitness_1FCC_2016,52149,0.9965073557672728
2,1,39,4.0,0.005,58,52149,0.005522637059195766,2.6563182977371143,0.773660931340285,0.7806208187352017,10.0,0.2769789196258643,2.413131276684101,-5858.397249384434,0.269406920678664,0.2845509185730646,0.9624815501967992,2.3225943320112945,5.207264328954064,5.877343633877388,89.0,False,False,False,1,2,29.999999999999996,False,True,GB1_IgG-Fc_fitness_1FCC_2016,52149,0.9827144708241484
2,2,39,4.0,0.02,231,52149,0.020786592264472954,2.7615879030464594,0.7309115332909124,0.8508426776162296,10.0,0.29385567099357734,2.274951441478973,-4738.835818775173,0.2857287086759878,0.30198263331116687,0.9270632150827965,2.1090237974947392,4.901452925756852,5.877343633877388,69.0,False,False,False,0,3,49.99999999999999,False,True,GB1_IgG-Fc_fitness_1FCC_2016,52149,1.0711159523556906
3,0,39,6.0,0.001,9,52149,0.0005944505167884332,3.7652412224133087,0.7775855593032548,0.7975987093816691,10.0,0.2799656068038431,2.4146577760326404,-5895.12229864407,0.2723631263299559,0.28756808727773026,0.965829811697423,2.332148465139323,5.216942262500742,5.877343633877388,89.5,False,False,False,0,0,3.4274193548387095,False,True,GB1_IgG-Fc_fitness_1FCC_2016,52149,1.0040877399221804
3,1,39,6.0,0.005,57,52149,0.007248461140194443,3.285959323720928,0.7717361758407087,0.7998403158909244,10.0,0.25181862400768473,2.6930693920272066,-8470.52710505802,0.24506149775613273,0.25857575025923674,0.968397772566701,2.6079624006067066,5.623901614190316,5.877343633877388,98.5,False,False,False,4,1,5.947580645161291,False,False,GB1_IgG-Fc_fitness_1FCC_2016,52149,1.0069096722889188
3,2,39,6.0,0.02,232,52149,0.021074229611306065,2.913614589304094,0.721663972753015,0.8428236205173361,10.0,0.2082780021091172,2.185829528874953,-3958.782847856841,0.20070117656492187,0.21585482765331254,0.9863015872458678,2.155887133778254,5.096203987221823,5.877343633877388,82.5,False,False,False,0,3,40.0,False,True,GB1_IgG-Fc_fitness_1FCC_2016,52149,1.061020854627941
0,0,0,2.0,0.001,9,40257,0.000447127207690588,1.6364634463560674,0.7626949607915435,0.19017965289703406,10.0,0.07494263626441895,3.4402966427619956,-8956.504161215533,0.07077070596446977,0.07911456656436813,1.0750878799171222,3.698621223952987,7.378015635957787,8.31176592342744,92.5,False,False,False,0,0,1.5866020273248127,False,True,KRAS_RAF1-RBD_norfitness_6VJJ,40257,1.0278051271519641
0,1,0,2.0,0.005,47,40257,0.003129890453834116,2.0152710963782305,0.7441267026323074,0.1870132407500342,10.0,0.12099827942496835,2.8846332125866656,-6813.479696448281,0.11537557315501758,0.1266209856949191,1.0195249908256365,2.940955649597746,6.517863201667406,8.31176592342744,55.00000000000001,False,False,False,0,0,1.3525894091582962,False,True,KRAS_RAF1-RBD_norfitness_6VJJ,40257,1.0106925991302378
0,2,0,2.0,0.02,245,40257,0.015053282658916462,2.018328592233657,0.7486819774867812,0.18936066807087276,10.0,0.15921458126672883,2.5872851201746996,-5353.103512766014,0.15245368763281575,0.1659754749006419,1.0247653960351055,2.6513602608315616,5.967826801995664,8.31176592342744,16.0,False,False,False,0,0,1.055844006358707,False,True,KRAS_RAF1-RBD_norfitness_6VJJ,40257,1.0233790132614105
1,0,0,3.0,0.001,7,40257,0.0003477656059815684,2.809416545407946,0.7504756418747258,0.18399850987565128,10.0,0.10145670157965465,2.8081727198105244,-5700.432919049112,0.09609737745311782,0.10681602570619149,1.044996671242557,2.9345311444761553,5.948997485109043,8.31176592342744,15.5,False,False,False,0,0,0.9653677782648694,False,True,KRAS_RAF1-RBD_norfitness_6VJJ,40257,0.9943998159514205
1,1,0,3.0,0.005,61,40257,0.004669995280323919,2.987729864217709,0.8049558298764955,0.1846419765586641,10.0,0.11120212941975091,2.8761484672092363,-6520.340626829013,0.10572933389824615,0.11667492494125567,1.1248063315972026,3.235110006530538,6.556683334533023,8.31176592342744,56.00000000000001,False,False,False,0,0,1.1752607609813428,False,True,KRAS_RAF1-RBD_norfitness_6VJJ,40257,0.9978773612401908
1,2,0,3.0,0.02,214,40257,0.012941848622599797,2.9320111683747725,0.7592120697884959,0.19015509825469384,10.0,0.15018852528401982,2.7774395807685743,-6636.883758572891,0.14391815052101767,0.15645890004702198,1.0364644788648667,2.878717467659954,6.501619874617402,8.31176592342744,54.0,False,False,False,0,0,1.2039234839741297,False,True,KRAS_RAF1-RBD_norfitness_6VJJ,40257,1.027672424273879
2,0,0,4.0,0.001,9,40257,0.000447127207690588,2.889119333566967,0.7775665891157307,0.1896451440151482,10.0,0.12538075341990362,2.8500960230657504,-6743.116641158733,0.11959777581525516,0.1311637310245521,1.0743778201029022,3.0620799523453317,6.679002971968019,8.31176592342744,66.5,False,False,False,0,0,1.1899515204936095,False,True,KRAS_RAF1-RBD_norfitness_6VJJ,40257,1.0249164323786701
2,1,0,4.0,0.005,68,40257,0.0045209528777603895,4.053862241841678,0.80603252169005,0.1946050864223578,10.0,0.08551441471137607,3.1462016059135522,-7429.639159212355,0.08088349518903064,0.0901453342337215,1.1374156982645354,3.578539096471165,6.8131135830546405,8.31176592342744,74.0,False,False,False,0,0,1.4103129131776113,False,True,KRAS_RAF1-RBD_norfitness_6VJJ,40257,1.051721898467456
2,2,0,4.0,0.02,227,40257,0.013364135429863129,3.4153518465696364,0.7299842652665013,0.1958308994276645,10.0,0.12729924762641373,2.864637429148154,-6788.997745160013,0.12155178303429942,0.13304671221852804,1.0101044582678302,2.893583038503446,6.093452086722918,8.31176592342744,24.0,False,False,False,0,0,1.0941040633740637,False,True,KRAS_RAF1-RBD_norfitness_6VJJ,40257,1.0583466707424682
3,0,0,6.0,0.001,12,40257,0.0007203716123903917,3.4085181830799627,0.8032200163846408,0.18325129590519074,10.0,0.11511801037502715,2.656358188739947,-5038.4462262423185,0.10925687808031895,0.12097914266973536,1.0980987294813715,2.916943552102773,5.950424300874546,8.31176592342744,15.5,False,False,False,0,0,1.0397693243351713,False,True,KRAS_RAF1-RBD_norfitness_6VJJ,40257,0.9903615797982884
3,1,0,6.0,0.005,62,40257,0.0038005812653699976,4.444962937071443,0.7984809767627964,0.18271673097214824,10.0,0.1507015711546951,2.638288972336798,-5558.864280602254,0.1441944446667697,0.1572086976426205,1.0646950952899206,2.808973328804474,5.691397387902723,8.31176592342744,9.0,False,False,False,0,0,1.168668552613273,False,True,KRAS_RAF1-RBD_norfitness_6VJJ,40257,0.9874725821026507
3,2,0,6.0,0.02,228,40257,0.03132374493876841,3.1928318054075695,0.7682157158948595,0.19912576018869635,10.0,0.1689361200078239,2.9383837233471297,-8144.254193884961,0.16263328097754348,0.17523895903810432,1.0433225618209043,3.0656820338553747,6.28863162524038,8.31176592342744,39.5,False,False,False,0,0,1.6286028102867098,False,True,KRAS_RAF1-RBD_norfitness_6VJJ,40257,1.0761533852455905
0,0,1,2.0,0.001,8,40257,0.00037260600640882333,2.2096917850097757,0.7547818898367515,0.18486288672510867,10.0,0.1114509988052315,3.0379080658339466,-7674.319214810239,0.10619682019336592,0.11670517741709709,1.0335435575027043,3.1398103097281767,6.5400831067148175,8.31176592342744,56.00000000000001,False,False,False,0,0,1.2426498759015874,False,True,KRAS_RAF1-RBD_norfitness_6VJJ,40257,0.999071246065686
0,1,1,2.0,0.005,53,40257,0.0031547308542613705,2.0387521763439715,0.8309395851432707,0.181943400870453,10.0,0.10867267570516832,2.5593012788885323,-4242.691783511167,0.10276219897469012,0.11458315243564653,1.1481086624508559,2.9383559681134774,5.763642564735158,8.31176592342744,10.0,False,False,False,0,0,1.0552218236796505,False,True,KRAS_RAF1-RBD_norfitness_6VJJ,40257,0.9832932041755404
0,2,1,2.0,0.02,223,40257,0.029609757309287825,2.2018306216291643,0.7414840540718906,0.1913306626039472,10.0,0.1444546607297024,2.5617402327460503,-5000.1874351776205,0.13785835942106403,0.15105096203834076,1.0419105691590957,2.6691042239381915,5.71350799720749,8.31176592342744,9.0,False,False,False,0,0,1.1593623507071111,False,True,KRAS_RAF1-RBD_norfitness_6VJJ,40257,1.0340256331847917
1,0,1,3.0,0.001,15,40257,0.0007452120128176467,2.7010927404217764,0.7624612388055865,0.1845634100513749,10.0,0.10534687001864061,2.7839559428247114,-5614.778747009579,0.0998959702242507,0.11079776981303052,1.0362627351751084,2.8849097999185327,5.9915904820929695,8.31176592342744,18.0,False,False,False,0,0,1.0194393083803908,False,True,KRAS_RAF1-RBD_norfitness_6VJJ,40257,0.9974527571472492
1,1,1,3.0,0.005,66,40257,0.004893558884169213,2.8001610729670894,0.7797585392654149,0.18527329375426627,10.0,0.12126010105636711,2.7903553133006813,-6123.489103652304,0.11549950526581568,0.12702069684691855,1.0728051837909764,2.9935076447276647,6.13878343602603,8.31176592342744,28.000000000000004,False,False,False,0,0,1.0957923957042819,False,True,KRAS_RAF1-RBD_norfitness_6VJJ,40257,1.0012892459534857
1,2,1,3.0,0.02,246,40257,0.014556474650371364,2.788495617469364,0.7564284717099542,0.18991272985988503,10.0,0.1383695776826541,2.7142605180102457,-5903.844360416086,0.13220388531212487,0.1445352700531833,1.0381949797596528,2.8179316435580724,5.791916691119653,8.31176592342744,10.5,False,False,False,0,0,1.0851922274266104,False,True,KRAS_RAF1-RBD_norfitness_6VJJ,40257,1.0263625708008635
2,0,1,4.0,0.001,14,40257,0.0008445736145266661,3.210340056214312,0.8015857603960432,0.19262125355862747,10.0,0.10307144884742828,2.8368269682851586,-5944.491950472264,0.09772547877100586,0.10841741892385069,1.1044304435248413,3.1330780667864087,6.1272162851675605,8.31176592342744,27.0,False,False,False,0,0,1.0483778142100302,False,True,KRAS_RAF1-RBD_norfitness_6VJJ,40257,1.0410004908000512
2,1,1,4.0,0.005,50,40257,0.0029560076508433316,3.701780204091891,0.7536484471888335,0.1865238331630301,10.0,0.11659485642257787,2.8053443755907637,-6127.091753759509,0.11093516827115624,0.12225454457399951,1.034372708695721,2.9017716606041244,6.253280488339849,8.31176592342744,36.0,False,False,False,0,0,0.9500729509191194,False,True,KRAS_RAF1-RBD_norfitness_6VJJ,40257,1.0080476493707478
2,2,1,4.0,0.02,251,40257,0.015972377474724894,3.8858127215031764,0.7760369433350418,0.1955333430268228,10.0,0.14241073508287536,2.7180445939979045,-5952.4441116415255,0.13620504587457619,0.14861642429117453,1.050990146924302,2.856638087192662,5.676030302398234,8.31176592342744,8.5,False,False,False,0,0,1.200469057446287,False,True,KRAS_RAF1-RBD_norfitness_6VJJ,40257,1.0567385597287862
3,0,1,6.0,0.001,12,40257,0.0005961696102541173,5.305061634438189,0.7778308828734373,0.18989113588890802,10.0,0.07569761225787519,3.451725601544444,-9091.249479519174,0.07151612793455132,0.07987909658119906,1.0984960084745965,3.791706795646148,7.32230938519663,8.31176592342744,92.0,False,False,False,0,0,1.7482003819597474,False,True,KRAS_RAF1-RBD_norfitness_6VJJ,40257,1.0262458685472435
3,1,1,6.0,0.005,52,40257,0.003502496460242939,4.409080935290301,0.7434498070280113,0.18758162172731754,10.0,0.11782337867728791,2.7969709058474135,-6066.373041428917,0.11214443719922235,0.12350232015535348,1.0228003899692208,2.860742933233299,6.059804799258079,8.31176592342744,22.5,False,False,False,0,0,1.0520060860737097,False,True,KRAS_RAF1-RBD_norfitness_6VJJ,40257,1.013764351937273
3,2,1,6.0,0.02,223,40257,0.01520232506147999,4.2524570303781015,0.7532122545241348,0.19379994140240286,10.0,0.12657094237943892,3.061713599614251,-8281.667934445053,0.1210895704608961,0.13205231429798173,1.020851391015847,3.1255545870583443,6.446042465032085,8.31176592342744,50.0,False,False,False,0,0,1.3374533044320438,False,True,KRAS_RAF1-RBD_norfitness_6VJJ,40257,1.0473705802953768
0,0,2,2.0,0.001,7,40257,0.0003477656059815684,2.066945620836071,0.801740449132006,0.1907353132731998,10.0,0.14899379519313916,2.8509511118357804,-7074.2600676511065,0.14289536196009556,0.15509222842618275,1.054288984816854,3.005726353459826,6.467595746911216,8.31176592342744,51.0,False,False,False,0,0,1.409735126128782,False,True,KRAS_RAF1-RBD_norfitness_6VJJ,40257,1.0308081328619787
0,1,2,2.0,0.005,56,40257,0.0032540924559703904,1.819410605030835,0.789357224362738,0.186182986809908,10.0,0.10637656956661021,2.4535113285295473,-3608.2532439212664,0.10024472263097976,0.11250841650224065,1.1217924762003912,2.752330548616873,5.650100968868763,8.31176592342744,7.000000000000001,False,False,False,0,0,0.9613077076033815,False,True,KRAS_RAF1-RBD_norfitness_6VJJ,40257,1.0062055825461773
0,2,2,2.0,0.02,230,40257,0.027473482872543906,1.8633735544874388,0.7682026972247908,0.18913012033447374,10.0,0.11570860356602615,2.92619510759841,-6989.65076552768,0.11023179151449257,0.12118541561755973,1.0776172342561294,3.153318278744016,6.632125231251057,8.31176592342744,60.0,False,False,False,0,0,1.2175436978277916,False,True,KRAS_RAF1-RBD_norfitness_6VJJ,40257,1.0221330432435112
1,0,2,3.0,0.001,11,40257,0.0005216484089723526,2.781253105035268,0.8007071483688923,0.18692409845224928,10.0,0.15114038002127977,2.5131516890343875,-4629.409018567414,0.14439863653111687,0.15788212351144268,1.0654979658641526,2.6777580125741993,5.356849690209519,8.31176592342744,2.0,False,False,False,0,0,1.2892908900104942,False,True,KRAS_RAF1-RBD_norfitness_6VJJ,40257,1.0102108393346245
1,1,2,3.0,0.005,60,40257,0.004247708473060586,2.5414596630427493,0.7684575276451955,0.18324987320834837,10.0,0.09955888785664999,2.9547443950808776,-6742.240824352833,0.09439140353569471,0.10472637217760526,1.100279086760161,3.2510434646292925,6.282858812340514,8.31176592342744,38.5,False,False,False,0,0,1.1990960660425218,False,True,KRAS_RAF1-RBD_norfitness_6VJJ,40257,0.9903538909888564
1,2,2,3.0,0.02,244,40257,0.039570757880617036,2.835673145057533,0.745962288170565,0.18864933228074152,10.0,0.2528173890477976,2.4620496041914417,-4858.398117353965,0.24460191101896198,0.2610328670766332,0.9702185968224467,2.388726312285881,5.459220229394937,8.31176592342744,3.5000000000000004,False,False,False,0,0,1.3345818465759731,False,True,KRAS_RAF1-RBD_norfitness_6VJJ,40257,1.0195346768085545
2,0,2,4.0,0.001,13,40257,0.0006458504111086271,3.6074293117444602,0.8203058979383497,0.18216944389608644,10.0,0.10913694452886227,2.8459195172369007,-6194.536690773413,0.10368600043080216,0.11458788862692239,1.1141431335459082,3.1707616887537786,6.321175177438902,8.31176592342744,42.0,False,False,False,0,0,1.1186844569434031,False,True,KRAS_RAF1-RBD_norfitness_6VJJ,40257,0.9845148289769529
2,1,2,4.0,0.005,62,40257,0.024467794420846064,1.8022438227184736,0.7812760904621441,0.1838619888404772,10.0,0.08552730161754987,3.078096676563465,-6941.624304499594,0.0808311800016594,0.09022342323344035,1.118740361716443,3.443590989336792,6.488790204259534,8.31176592342744,53.0,False,False,False,0,0,1.3368591156162772,False,True,KRAS_RAF1-RBD_norfitness_6VJJ,40257,0.9936620029531394
2,2,2,4.0,0.02,237,40257,0.013364135429863129,3.7334534493084885,0.7799807082839328,0.1968815618973121,10.0,0.12033240645697203,2.8954054999966186,-6877.622713057732,0.11473723622667491,0.12592757668726917,1.0786287496172717,3.1230676140963243,6.425529603430576,8.31176592342744,49.0,False,False,False,0,0,1.168668552613273,False,True,KRAS_RAF1-RBD_norfitness_6VJJ,40257,1.064024861110155
3,0,2,6.0,0.001,9,40257,0.000869414014953921,4.561880364137326,0.7514575392396501,0.18045209941131277,10.0,0.10519986137449702,2.9944434718113193,-7201.120625982614,0.09998558065781518,0.11041414209117886,1.0454485012277508,3.1305364396163666,6.613919852932611,8.31176592342744,59.5,False,False,False,0,0,1.099395332567088,False,True,KRAS_RAF1-RBD_norfitness_6VJJ,40257,0.9752336285980028
3,1,2,6.0,0.005,57,40257,0.016022058275579402,3.848429785476587,0.8065014805328165,0.19332883016818844,10.0,0.15753752792703313,2.8014466172038515,-6873.1114694844,0.1512132626298226,0.16386179322424366,1.0822205361376949,3.0317830600314837,6.242086620087437,8.31176592342744,35.5,False,False,False,0,0,1.453548075075692,False,True,KRAS_RAF1-RBD_norfitness_6VJJ,40257,1.044824511172795
3,2,2,6.0,0.02,239,40257,0.014556474650371364,3.9816530137355546,0.7295224822787069,0.19260771423542644,10.0,0.13303109845412578,2.960303750112959,-7673.514975420141,0.12730896246301895,0.1387532344452326,1.0023017567511803,2.9671176492553255,6.194155806962981,8.31176592342744,31.5,False,False,False,0,0,1.1791589339595248,False,True,KRAS_RAF1-RBD_norfitness_6VJJ,40257,1.0409273190091042
0,0,3,2.0,0.001,12,40257,0.0005961696102541173,2.414255321556279,0.7312965576942791,0.18482639781104232,10.0,0.11446462344409478,2.8622490882078218,-6526.723847229354,0.10890379384501186,0.12002545304317769,1.0159572823758196,2.907922805138286,6.560479276178689,8.31176592342744,56.00000000000001,False,False,False,0,0,1.1505983484463724,False,True,KRAS_RAF1-RBD_norfitness_6VJJ,40257,0.9988740457217464
0,1,3,2.0,0.005,63,40257,0.019946841543085674,1.7901594224524808,0.7624373177895716,0.18901665847876975,10.0,0.09761698080857632,3.1050968443176408,-7723.282311785151,0.0926759594873926,0.10255800212976005,1.0811912438471671,3.3572035193737038,6.911897211224058,8.31176592342744,78.0,False,False,False,0,0,1.439694432202145,False,True,KRAS_RAF1-RBD_norfitness_6VJJ,40257,1.0215198510578474
0,2,3,2.0,0.02,230,40257,0.014755197853789403,1.7078079803728075,0.7582468407273685,0.18436715617392538,10.0,0.08204323480358117,3.1084489552806858,-7099.147357248876,0.07739757798181558,0.08668889162534675,1.0946867668242988,3.4027779366945836,7.261376329151687,8.31176592342744,89.5,False,False,False,0,0,1.2634053180549434,False,True,KRAS_RAF1-RBD_norfitness_6VJJ,40257,0.9963921245380644
1,0,3,3.0,0.001,5,40257,0.00032292520555431354,3.6955263515205172,0.7896646300787811,0.18556313880493944,10.0,0.09853458745307175,3.052868389076684,-7348.754229244834,0.0935340984590116,0.1035350764471319,1.086129871986301,3.3158115526188845,6.910175203446128,8.31176592342744,78.0,False,False,False,0,0,1.2780960775672103,False,True,KRAS_RAF1-RBD_norfitness_6VJJ,40257,1.0028556818188554
1,1,3,3.0,0.005,55,40257,0.0041980276722060755,2.5858198272147135,0.7414016998737669,0.18758352436226963,10.0,0.11875697441023068,2.819170673808295,-6267.129920357605,0.11308416101240426,0.12442978780805711,1.018460916579334,2.8712151484403745,6.1665498444424225,8.31176592342744,29.5,False,False,False,0,0,1.3759099162127495,False,True,KRAS_RAF1-RBD_norfitness_6VJJ,40257,1.0137746345197105
1,2,3,3.0,0.02,227,40257,0.016518866284124502,2.5516601610582232,0.7533447449177122,0.19492271668579103,10.0,0.15062095196699224,2.930683668685386,-7848.597522179829,0.14455957821608167,0.1566823257179028,1.0333125503349272,3.0283122159142173,6.659999865475983,8.31176592342744,64.5,False,False,False,0,0,1.3956221536653444,False,True,KRAS_RAF1-RBD_norfitness_6VJJ,40257,1.0534384964752987
2,0,3,4.0,0.001,13,40257,0.0006955312119631368,4.098250839719992,0.740216823013599,0.18495278430591464,10.0,0.12448710277260058,3.005538873101043,-7872.87990691376,0.11894725069125738,0.1300269548539438,1.0005719538041473,3.0072579024930257,7.059442586752792,8.31176592342744,84.0,False,False,False,0,0,1.1899515204936095,False,True,KRAS_RAF1-RBD_norfitness_6VJJ,40257,0.9995570877057534
2,1,3,4.0,0.005,66,40257,0.004496112477333135,3.2576155984260975,0.7617951129312195,0.18681546938832064,10.0,0.10489411107314697,3.025615182388085,-7407.097520240175,0.09973011918995091,0.11005810295634304,1.0466620476610304,3.166796582232615,6.91660463948947,8.31176592342744,78.0,False,False,False,0,0,1.462528942415005,False,True,KRAS_RAF1-RBD_norfitness_6VJJ,40257,1.0096237654433706
2,2,3,4.0,0.02,225,40257,0.030926298531932336,3.1414102977664373,0.7511834354733662,0.20026462531116157,10.0,0.1738748696215209,2.951293720107739,-8289.840297419927,0.16752957325736872,0.1802201659856731,1.015705002226657,2.9976437945535497,6.944484004886946,8.31176592342744,78.5,False,False,False,0,0,1.571911267812546,False,True,KRAS_RAF1-RBD_norfitness_6VJJ,40257,1.082308257200468
3,0,3,6.0,0.001,9,40257,0.000447127207690588,3.107135255412712,0.7637363076820933,0.18710046818370274,10.0,0.1287771286645086,2.802754947739338,-6397.243806472281,0.12290255429610727,0.13465170303290994,1.0391830343478312,2.912575391125162,6.33560170155071,8.31176592342744,42.5,False,False,False,0,0,1.1148919615330297,False,True,KRAS_RAF1-RBD_norfitness_6VJJ,40257,1.0111640102522328
3,1,3,6.0,0.005,50,40257,0.0031795712546886256,4.364363999008848,0.7595404396093246,0.19391166203010016,10.0,0.11890237277460686,2.8719263780800928,-6678.792248200276,0.11329465927098034,0.12451008627823337,1.043979786271865,2.9982330863765867,6.27126231479663,8.31176592342744,37.0,False,False,False,0,0,1.0694118234970766,False,True,KRAS_RAF1-RBD_norfitness_6VJJ,40257,1.0479743622047806
3,2,3,6.0,0.02,230,40257,0.013587699033708423,3.8938501128563625,0.7630885667901874,0.19462891410339117,10.0,0.11990673936429938,3.0773199398038327,-8232.191244598594,0.11454794029750316,0.1252655384310956,1.0437047060271036,3.2118133031243032,6.444280096734826,8.31176592342744,50.0,False,False,False,0,0,1.4158557395194393,False,True,KRAS_RAF1-RBD_norfitness_6VJJ,40257,1.0518506725626924
0,0,4,2.0,0.001,17,40257,0.0008445736145266661,1.657387839142443,0.7651755316217893,0.19167662893947296,10.0,0.10282699487390988,3.1849730279058597,-8493.24736803578,0.09788417798697528,0.10776981176084448,1.04179988921083,3.318104547611806,7.129995216424705,8.31176592342744,86.5,False,False,False,0,0,1.439694432202145,False,True,KRAS_RAF1-RBD_norfitness_6VJJ,40257,1.035895370394102
0,1,4,2.0,0.005,63,40257,0.0036018580619519586,1.9825958733431805,0.8048016244430887,0.18533444277478933,10.0,0.11696219246953848,2.6482473748209197,-5035.386939279648,0.11104227689832423,0.12288210804075274,1.1156385267513407,2.954486799718316,5.715434128780082,8.31176592342744,9.0,False,False,False,0,0,1.0689098426188912,False,True,KRAS_RAF1-RBD_norfitness_6VJJ,40257,1.0016197191447893
0,2,4,2.0,0.02,221,40257,0.02866582209305214,1.668168278264105,0.8260681160659287,0.18798277908100558,10.0,0.11763197982210703,2.8559918000705182,-6563.259141931951,0.1120084755096666,0.12325548413454747,1.1553577283795862,3.2996921984001992,6.2365691106693,8.31176592342744,35.5,False,False,False,0,0,1.5131482297634786,False,True,KRAS_RAF1-RBD_norfitness_6VJJ,40257,1.015932362965974
1,0,4,3.0,0.001,11,40257,0.0005961696102541173,2.7227868045134316,0.7588121237922995,0.18919372904966394,10.0,0.10502812080421318,3.139200294528236,-8347.47712314609,0.09994934084293322,0.11010690076549315,1.0756402500038011,3.376650189618358,6.993482838415429,8.31176592342744,82.0,False,False,False,0,0,1.7041281034229467,False,True,KRAS_RAF1-RBD_norfitness_6VJJ,40257,1.0224768095855366
1,1,4,3.0,0.005,54,40257,0.003701219663660978,2.924923720104953,0.7412408505068999,0.1837857894977282,10.0,0.1022767838570003,2.9318092862881224,-6645.422395844827,0.09704090261215367,0.10751266510184693,1.0456212135631704,3.0655619838643586,6.213650402967328,8.31176592342744,32.5,False,False,False,0,0,0.9913002673516138,False,True,KRAS_RAF1-RBD_norfitness_6VJJ,40257,0.9932501919419718
1,2,4,3.0,0.02,220,40257,0.012842487020890777,2.6957065805679066,0.7461765513427254,0.1914075186264702,10.0,0.11294730857847778,2.9828450826009654,-7335.932920230029,0.1075941524862217,0.11830046467073385,1.0332251427235806,3.081950536192713,6.658724841659837,8.31176592342744,64.0,False,False,False,0,0,1.0724254443954753,False,True,KRAS_RAF1-RBD_norfitness_6VJJ,40257,1.0344409931499525
2,0,4,4.0,0.001,13,40257,0.0006458504111086271,4.191386924764876,0.7695102895412532,0.18471287804918168,10.0,0.07876934752932724,2.6869166029251437,-4120.431127196527,0.07375714973460142,0.08378154532405306,1.0736047443920305,2.8846864126861513,5.234451638049732,8.31176592342744,1.5,False,False,False,0,0,1.0755808568835323,False,True,KRAS_RAF1-RBD_norfitness_6VJJ,40257,0.9982605405885943
2,1,4,4.0,0.005,58,40257,0.0038502620662245073,3.409009091691014,0.7969440140932629,0.18314555793019596,10.0,0.11521412843740045,2.8755653930017844,-6595.118579828675,0.10968311049217594,0.12074514638262496,1.0929496438277662,3.1428481720847503,6.408353737920309,8.31176592342744,47.0,False,False,False,0,0,1.1437531706867132,False,True,KRAS_RAF1-RBD_norfitness_6VJJ,40257,0.989790130480873
2,2,4,4.0,0.02,247,40257,0.015127803860198226,3.471369011561025,0.7696508805794282,0.19442159323221667,10.0,0.15485085702795487,2.6439421995055747,-5654.202658266993,0.14829231544360888,0.16140939861230086,1.046181399037247,2.7660431492523583,5.817654161306064,8.31176592342744,11.0,False,False,False,0,0,1.1460604948218847,False,True,KRAS_RAF1-RBD_norfitness_6VJJ,40257,1.0507302295967242
3,0,4,6.0,0.001,15,40257,0.0009190948158084309,6.401871792412029,0.7357279535666531,0.18884789956584114,10.0,0.1258548458529506,2.8652693470441886,-6807.058505425637,0.12011620339519377,0.1315934883107074,1.0072554870173038,2.886058271592746,6.475528113982992,8.31176592342744,51.5,False,False,False,0,0,1.0243892404846306,False,True,KRAS_RAF1-RBD_norfitness_6VJJ,40257,1.020607811976282
3,1,4,6.0,0.005,60,40257,0.004545793278187644,3.992505469130353,0.7479418802951399,0.18695742491181555,10.0,0.12611946046996447,2.845847964192245,-6646.561429402558,0.12035821491986856,0.13188070602006038,1.016397345529262,2.8925123165848525,6.347290457813915,8.31176592342744,43.5,False,False,False,0,0,1.004202843997026,False,True,KRAS_RAF1-RBD_norfitness_6VJJ,40257,1.0103909485392122
3,2,4,6.0,0.02,235,40257,0.015127803860198226,4.226427914104658,0.7741584848504656,0.19369915187925174,10.0,0.11673698628079342,3.162658080628064,-8811.98374988261,0.11152129607159567,0.12195267648999117,1.0657976640964604,3.3707535946691856,6.735340824467537,8.31176592342744,71.5,False,False,False,0,0,1.5553788079637414,False,True,KRAS_RAF1-RBD_norfitness_6VJJ,40257,1.0468258743445567
0,0,5,2.0,0.001,13,40257,0.0009439352162356857,1.4518384903821244,0.7759280476401769,0.1872680812565311,10.0,0.09482189257957355,2.5364282550416477,-3734.0181930421386,0.08918029823378625,0.10046348692536085,1.0811446095702502,2.7422457354999534,5.531351132408739,8.31176592342744,3.5000000000000004,False,False,False,0,0,1.0227708093881698,False,True,KRAS_RAF1-RBD_norfitness_6VJJ,40257,1.0120698567663389
0,1,5,2.0,0.005,54,40257,0.0028814864495615667,2.216184801571,0.7859072584110174,0.18376482407559594,10.0,0.11577536309924098,2.8732611417216383,-6592.382433804742,0.11022925873488575,0.12132146746359622,1.077766475608204,3.0967045342153345,6.284287798533492,8.31176592342744,39.0,False,False,False,0,0,1.1249428584678782,False,True,KRAS_RAF1-RBD_norfitness_6VJJ,40257,0.9931368866118159
0,2,5,2.0,0.02,215,40257,0.033708423379784885,1.612244864136049,0.7780789498474963,0.19416234211008887,10.0,0.10392711726083931,2.9708405379212013,-6987.784733771434,0.09870716725451785,0.10914706726716077,1.111848653909453,3.303125053067323,6.766669120982774,8.31176592342744,72.5,False,False,False,0,0,1.4543851917144115,False,True,KRAS_RAF1-RBD_norfitness_6VJJ,40257,1.0493291352709968
1,0,5,3.0,0.001,10,40257,0.0007700524132449015,1.9224379267039202,0.7413328037457969,0.18177075689153424,10.0,0.09810890397617612,3.1247071947519007,-7903.689654127695,0.09317161510271549,0.10304619284963676,1.0380087435569942,3.2434733892079204,6.858697016901683,8.31176592342744,76.0,False,False,False,0,0,1.1483650786330306,False,True,KRAS_RAF1-RBD_norfitness_6VJJ,40257,0.9823601686798837
1,1,5,3.0,0.005,61,40257,0.0036266984623792137,2.6886020560326296,0.7386174572141628,0.18817690014702568,10.0,0.12468645370589303,2.756128640926298,-6068.197492393898,0.11875400539175836,0.1306189020200277,1.0376501930798023,2.859897416409946,6.180753176826191,8.31176592342744,29.5,False,False,False,0,0,1.27831342576701,False,True,KRAS_RAF1-RBD_norfitness_6VJJ,40257,1.0169814690291323
1,2,5,3.0,0.02,235,40257,0.036987356236182524,2.2643437428131947,0.7348307318347067,0.19569225628444198,10.0,0.15398564370230775,2.791113566015413,-6811.8961470309005,0.14767062429290084,0.16030066311171465,1.0267288519535533,2.865716827306993,6.453779800147221,8.31176592342744,50.0,False,False,False,0,0,1.1815249075280994,False,True,KRAS_RAF1-RBD_norfitness_6VJJ,40257,1.0575973890434123
2,0,5,4.0,0.001,13,40257,0.0012171796209354895,2.923639746002536,0.7586400541033718,0.1836515922302136,10.0,0.11383682895521346,2.6813578654237156,-5195.459655170387,0.10803149908451241,0.11964215882591452,1.046342135602171,2.805617715221129,5.8287074405652,8.31176592342744,11.0,False,False,False,0,0,0.9838909847554012,False,True,KRAS_RAF1-RBD_norfitness_6VJJ,40257,0.9925249374917706
2,1,5,4.0,0.005,57,40257,0.024269071217428027,4.622251644032884,0.7764319385475174,0.18893661703773956,10.0,0.13724825988691688,3.245171562375091,-9949.08156587754,0.1318057225388486,0.14269079723498518,1.040437966295786,3.3763997006384585,6.483021811453724,8.31176592342744,53.0,False,False,False,1,0,2.065421858627176,False,True,KRAS_RAF1-RBD_norfitness_6VJJ,40257,1.0210872758468703
2,2,5,4.0,0.02,210,40257,0.013041210224308816,3.5074325607231063,0.7921536384282667,0.187926637207939,10.0,0.13220301443276486,2.7486960703762757,-6048.5054565009195,0.12619413055489762,0.1382118983106321,1.0822898622397208,2.974885891346401,6.126205419729153,8.31176592342744,26.5,False,False,False,0,0,1.166018510543855,False,True,KRAS_RAF1-RBD_norfitness_6VJJ,40257,1.0156289503552831
3,0,5,6.0,0.001,13,40257,0.0006458504111086271,4.005385304979674,0.7494918525271025,0.18847137460705263,10.0,0.09609825022124122,2.913200388270785,-6230.271294343751,0.09099736543543524,0.10119913500704719,1.0367714828166399,3.0203230862895127,6.251405884359708,8.31176592342744,36.0,False,False,False,0,0,0.923381843552998,False,True,KRAS_RAF1-RBD_norfitness_6VJJ,40257,1.0185729240308663
3,1,5,6.0,0.005,59,40257,0.00437191047519686,4.225302414096696,0.7694781543477488,0.18497168503982123,10.0,0.09400392687027029,3.6185343762394404,-11489.324145467079,0.08957032643630322,0.09843752730423735,1.0662632828578076,3.858310343142895,8.014922463207636,8.31176592342744,99.0,False,False,False,1,0,2.306449243425885,False,False,KRAS_RAF1-RBD_norfitness_6VJJ,40257,0.9996592346542844
3,2,5,6.0,0.02,218,40257,0.01433291104652607,4.655990390052806,0.7539738617504587,0.20033101322474553,10.0,0.1345253957029006,3.192634848121646,-9635.605793802912,0.12901413886239635,0.14003665254340483,1.0419158632923176,3.3264568939578023,6.9170463092694545,8.31176592342744,78.0,False,False,False,0,0,1.7245515029857716,False,True,KRAS_RAF1-RBD_norfitness_6VJJ,40257,1.0826670434161494
0,0,6,2.0,0.001,12,40257,0.0005713292098268625,1.7121009168483141,0.782059085006899,0.18354863701788166,10.0,0.10141982334222596,2.810175606915023,-5738.64976956835,0.0960514078401996,0.10678823884425233,1.0867621388122726,3.053992453009047,6.274508199748417,8.31176592342744,38.0,False,False,False,0,0,1.0456350063905064,False,True,KRAS_RAF1-RBD_norfitness_6VJJ,40257,0.9919685273107137
0,1,6,2.0,0.005,44,40257,0.0031795712546886256,1.9630400926199294,0.7782407179097633,0.1851219337219823,10.0,0.10569902716407963,2.5321143776002972,-4007.5045759176137,0.09979447916225634,0.11160357516590291,1.0842706890239808,2.745497400888203,5.529737740175636,8.31176592342744,3.5000000000000004,False,False,False,0,0,1.204957325538327,False,True,KRAS_RAF1-RBD_norfitness_6VJJ,40257,1.00047123721881
0,2,6,2.0,0.02,222,40257,0.01520232506147999,1.9790841521643068,0.756121203086973,0.19091429107252972,10.0,0.10703827661708966,2.8254641390077664,-6027.389725268935,0.1015778648254041,0.11249868840877522,1.063481925778799,3.004830043770916,6.410311737435548,8.31176592342744,47.5,False,False,False,0,0,0.9606500564630781,False,True,KRAS_RAF1-RBD_norfitness_6VJJ,40257,1.031775398797085
1,0,6,3.0,0.001,8,40257,0.0005713292098268625,3.7230390449339126,0.7307516140637501,0.1894317446225701,10.0,0.11132237882262046,2.9633200954895313,-7189.435360253701,0.10594738608963247,0.11669737155560844,1.0152551650661807,3.0085260326901544,6.672643565571099,8.31176592342744,66.0,False,False,False,0,0,1.09273233055153,False,True,KRAS_RAF1-RBD_norfitness_6VJJ,40257,1.023763138708807
1,1,6,3.0,0.005,64,40257,0.003775740864942743,3.1425697825411216,0.734007873730718,0.1894067933991823,10.0,0.12856154692272234,2.612892977943803,-5063.580814025365,0.12235082805967634,0.13477226578576834,1.0192948592902134,2.663308380293615,5.871114994288151,8.31176592342744,12.5,False,False,False,0,0,1.096063831559309,False,True,KRAS_RAF1-RBD_norfitness_6VJJ,40257,1.023628292551839
1,2,6,3.0,0.02,242,40257,0.01671758948754254,2.8636353897394287,0.7749689286192902,0.19273511474691307,10.0,0.14866417119555725,2.6728004979856017,-5821.751667138364,0.1422378706659959,0.15509047172511858,1.0623571136817178,2.8394686224870416,5.945222380977482,8.31176592342744,15.5,False,False,False,0,0,1.1672147059098021,False,True,KRAS_RAF1-RBD_norfitness_6VJJ,40257,1.0416158411349627
2,0,6,4.0,0.001,12,40257,0.0013910624239262736,3.2109253876495347,0.7337476536265712,0.1838108851762108,10.0,0.09824935398367311,2.9416065525148585,-6584.598895989358,0.09309801746058113,0.10340069050676509,1.036033448885843,3.047602781867163,6.632350282710818,8.31176592342744,60.0,False,False,False,0,0,1.1415385189310465,False,True,KRAS_RAF1-RBD_norfitness_6VJJ,40257,0.9933858187906954
2,1,6,4.0,0.005,55,40257,0.0031547308542613705,3.123951039679104,0.7788408163507908,0.18580578352561428,10.0,0.10180736598842928,2.7786934267540433,-5503.180635653727,0.09640306949551791,0.10721166248134065,1.0772877128655292,2.993452286462343,6.138715042705763,8.31176592342744,28.000000000000004,False,False,False,0,0,1.0261023103959488,False,True,KRAS_RAF1-RBD_norfitness_6VJJ,40257,1.0041670286647821
2,2,6,4.0,0.02,216,40257,0.013562858633281168,3.42504156628738,0.7821597222848957,0.19283403983143035,10.0,0.11915438829826563,2.9326745233582496,-7155.887844823097,0.1136147923028207,0.12469398429371056,1.0914770567034549,3.2009469570242692,6.81533042069863,8.31176592342744,74.0,False,False,False,0,0,1.2599578330745245,False,True,KRAS_RAF1-RBD_norfitness_6VJJ,40257,1.0421504709311684
3,0,6,6.0,0.001,7,40257,0.0003477656059815684,6.237956626294869,0.7728921762321476,0.18902560966711157,10.0,0.10511381138545786,3.0549451134748167,-7595.698636466113,0.0999921532981815,0.11023546947273423,1.0680907844789405,3.2629587227914225,6.716041607601184,8.31176592342744,69.5,False,False,False,0,0,1.2634053180549434,False,True,KRAS_RAF1-RBD_norfitness_6VJJ,40257,1.0215682267759207
3,1,6,6.0,0.005,50,40257,0.0027821248478525473,3.8752584819733578,0.7788503220629731,0.18905455269095298,10.0,0.11134761766667041,2.857719489599839,-6371.679427531781,0.10585480344497063,0.11684043188837019,1.0753942189647776,3.0731750185386413,6.310846749106266,8.31176592342744,41.5,False,False,False,0,0,1.2626712492450478,False,True,KRAS_RAF1-RBD_norfitness_6VJJ,40257,1.0217246461817104
3,2,6,6.0,0.02,214,40257,0.02372258240802842,4.4892892096552295,0.7705559815127052,0.19734686631665857,10.0,0.14373683390448974,3.0798415851981105,-8779.505068813625,0.1380109791082246,0.14946268870075488,1.0410389158830584,3.206234944946201,6.57564645852369,8.31176592342744,56.99999999999999,False,False,False,0,0,1.704351778207022,False,True,KRAS_RAF1-RBD_norfitness_6VJJ,40257,1.0665395479370876
0,0,7,2.0,0.001,14,40257,0.0007203716123903917,2.6808989870988036,0.7487587003200668,0.18598265592664653,10.0,0.09606806730071851,2.831918581745407,-5723.824252097373,0.09083078486902431,0.10130534973241272,1.0494511927597414,2.971960333411193,6.438586327614182,8.31176592342744,50.0,False,False,False,0,0,0.8542285393216802,False,True,KRAS_RAF1-RBD_norfitness_6VJJ,40257,1.0051229162051336
0,1,7,2.0,0.005,56,40257,0.003726060064088233,1.8552522956071749,0.7394111804733978,0.17991704915949747,10.0,0.10743102229459017,3.0230164801494017,-7457.999223960389,0.10222041238191457,0.11264163220726578,1.022318723302133,3.0904863485076444,6.665250005771407,8.31176592342744,65.5,False,False,False,0,0,1.222660869854913,False,True,KRAS_RAF1-RBD_norfitness_6VJJ,40257,0.9723420080501546
0,2,7,2.0,0.02,236,40257,0.015525250267034305,2.028092463869915,0.7476848299965034,0.19512154028985396,10.0,0.10436340013551657,2.9396520472457377,-6775.619047746179,0.09909618076858284,0.10963061950245029,1.063430424018283,3.1261154230687485,6.535915538078853,8.31176592342744,56.00000000000001,False,False,False,0,0,1.0577346848832085,False,True,KRAS_RAF1-RBD_norfitness_6VJJ,40257,1.0545130168908206
1,0,7,3.0,0.001,9,40257,0.000447127207690588,3.117618509459108,0.7245844061822028,0.1835717060053103,10.0,0.12462972165150389,2.8952757282166215,-7033.831920904049,0.11894090867147195,0.13031853463153584,0.9859201844806367,2.854510780085641,6.623120746277352,8.31176592342744,60.0,False,False,False,0,0,1.089400829543751,False,True,KRAS_RAF1-RBD_norfitness_6VJJ,40257,0.9920932011293698
1,1,7,3.0,0.005,45,40257,0.003105050053406861,3.0509523990233163,0.77928715074483,0.19139715023294837,10.0,0.09591823961573133,3.1002578979856636,-7573.973881115788,0.09102579054861336,0.1008106886828493,1.0851297814547656,3.364182175294594,7.184109825400008,8.31176592342744,88.5,False,False,False,0,0,1.1990960660425218,False,True,KRAS_RAF1-RBD_norfitness_6VJJ,40257,1.0343849583015357
1,2,7,3.0,0.02,213,40257,0.024840400427254886,1.9707577002410774,0.7780916954299154,0.18836069766649918,10.0,0.10072703399080284,2.805913644204035,-5619.8500640409475,0.09540334849450592,0.10605071948709975,1.0880425662182212,3.0529534820264788,5.852221574757709,8.31176592342744,11.5,False,False,False,0,0,1.0218635580609907,False,True,KRAS_RAF1-RBD_norfitness_6VJJ,40257,1.0179747826144452
2,0,7,4.0,0.001,11,40257,0.000869414014953921,3.5973190832395647,0.7629770092834196,0.18538667075343399,10.0,0.08638180939663825,3.0512395682725786,-6788.27650279185,0.08164355086394738,0.09112006792932913,1.068773051593051,3.261082624524147,6.699997501685919,8.31176592342744,69.0,False,False,False,0,0,1.0376792879214134,False,True,KRAS_RAF1-RBD_norfitness_6VJJ,40257,1.0019019795412831
2,1,7,4.0,0.005,67,40257,0.004048985269642547,3.6684999188931546,0.7778526801005897,0.18818434528847744,10.0,0.10972265176933142,2.7870720547962824,-5765.457542611024,0.10418990349622496,0.11525540004243788,1.0632330989128798,2.963307257714539,6.081515863729992,8.31176592342744,24.0,False,False,False,0,0,0.9659403343028072,False,True,KRAS_RAF1-RBD_norfitness_6VJJ,40257,1.01702170548156
2,2,7,4.0,0.02,225,40257,0.015723973470452342,3.353376800541042,0.7623664150908297,0.19336835197884045,10.0,0.14063499045249045,2.986151408588405,-8071.50437400068,0.1348122555314715,0.1464577253735094,1.0351970103840038,3.0912550107246983,6.558259130451324,8.31176592342744,56.00000000000001,False,False,False,0,0,1.3974081077341698,False,True,KRAS_RAF1-RBD_norfitness_6VJJ,40257,1.0450381024745123
3,0,7,6.0,0.001,11,40257,0.0011178180192264698,4.0798570444516375,0.7435903589082569,0.1871803710192206,10.0,0.10533483295216171,3.271234865453643,-9303.452043602534,0.10040904462680937,0.11026062127751406,1.0252662498373584,3.3538867028408723,7.296370619671889,8.31176592342744,90.5,False,False,False,0,0,1.4837667107389452,False,True,KRAS_RAF1-RBD_norfitness_6VJJ,40257,1.011595836384883
3,1,7,6.0,0.005,60,40257,0.0045706336786149,4.1536280793607325,0.7580307566496315,0.18846821529282445,10.0,0.11540569512940409,2.837029046168345,-6377.459063224407,0.1097882341088769,0.12102315614993127,1.0596286355639695,3.0061972172467133,6.6448680465116565,8.31176592342744,61.5,False,False,False,0,0,1.1549140332048649,False,True,KRAS_RAF1-RBD_norfitness_6VJJ,40257,1.0185558498627703
3,2,7,6.0,0.02,215,40257,0.015376207864470776,4.170649825356738,0.7744651663171782,0.19647874418930886,10.0,0.13209219495975283,3.1020222221456613,-8760.2503396963,0.12655582775539356,0.1376285621641121,1.0586828712507388,3.2840577928247656,6.628451071226873,8.31176592342744,60.0,False,False,False,0,0,1.6510630447816264,False,True,KRAS_RAF1-RBD_norfitness_6VJJ,40257,1.0618478768782116
0,0,8,2.0,0.001,11,40257,0.0005961696102541173,1.4681141817106225,0.7591497581411691,0.18647740052703246,10.0,0.13356814269634407,2.758511641952524,-6216.801834858867,0.12752001841436936,0.13961626697831878,1.0457867798100322,2.8848150071060146,6.4185403437280595,8.31176592342744,48.0,False,False,False,0,0,1.0720207560141732,False,True,KRAS_RAF1-RBD_norfitness_6VJJ,40257,1.0077967092695406
0,1,8,2.0,0.005,60,40257,0.003949623667933527,1.762861736714781,0.7528202429165786,0.1814546124423282,10.0,0.12810732948152412,2.492595157569884,-4218.342215065641,0.12167650820174421,0.13453815076130404,1.0359368931651223,2.5821712834513737,5.482589124167523,8.31176592342744,3.5000000000000004,False,False,False,0,0,0.9338809541767515,False,True,KRAS_RAF1-RBD_norfitness_6VJJ,40257,0.9806516005924736
0,2,8,2.0,0.02,201,40257,0.012519561815336464,1.9909411224022169,0.7478081621687698,0.19262155846543944,10.0,0.11053265179592292,3.078099067236169,-7998.629457983567,0.10532329184804357,0.11574201174380228,1.0308558289621343,3.1730763655833134,6.997036657969532,8.31176592342744,82.0,False,False,False,0,0,1.3221683561040105,False,True,KRAS_RAF1-RBD_norfitness_6VJJ,40257,1.0410021386355577
1,0,8,3.0,0.001,10,40257,0.0006458504111086271,1.88362770318768,0.7423786351507967,0.18633498314130612,10.0,0.10593630878500533,3.1293657463777595,-8286.24225322844,0.10083887710790136,0.1110337404621093,1.037600438952411,3.247031272084202,7.185183023233144,8.31176592342744,88.5,False,False,False,0,0,1.225992370862692,False,True,KRAS_RAF1-RBD_norfitness_6VJJ,40257,1.0070270300898
1,1,8,3.0,0.005,49,40257,0.003055369252552351,2.8534169901136965,0.7413687255652113,0.18515375505540177,10.0,0.1000537968305468,2.768718505126918,-5407.013559827261,0.09466029465468027,0.10544729900641332,1.0357023120101088,2.867568157065121,6.274581966982502,8.31176592342744,38.0,False,False,False,0,0,1.083356760351885,False,True,KRAS_RAF1-RBD_norfitness_6VJJ,40257,1.0006432121338082
1,2,8,3.0,0.02,267,40257,0.017661524703778225,2.788755691497464,0.7462332283642303,0.19054225121511062,10.0,0.13087495561765866,2.7306588721894633,-5914.511120193201,0.1248492933045076,0.13690061793080974,1.0393503105553576,2.8381111468308617,6.0284613389052275,8.31176592342744,21.0,False,False,False,0,0,1.0463306432259345,False,True,KRAS_RAF1-RBD_norfitness_6VJJ,40257,1.02976475009132
2,0,8,4.0,0.001,11,40257,0.0005464888093996075,4.0241572248561415,0.7702698549926842,0.1865280310132725,10.0,0.1279880523188935,2.5513718146118705,-4620.545602521568,0.121674666843684,0.13430143779410303,1.0534979778404878,2.6878650474128216,5.7877537736411195,8.31176592342744,10.5,False,False,False,0,0,1.0706200819476248,False,True,KRAS_RAF1-RBD_norfitness_6VJJ,40257,1.0080703361931098
2,1,8,4.0,0.005,43,40257,0.0028069652482798023,3.7834681430601305,0.757273764339299,0.19045803931542074,10.0,0.12021401388348116,3.1749158342625794,-9077.239608448144,0.11493192547728782,0.1254961022896745,1.0348058111886538,3.28542135532979,7.041359856533419,8.31176592342744,84.0,False,False,False,0,0,1.4158557395194393,False,True,KRAS_RAF1-RBD_norfitness_6VJJ,40257,1.029309636092793
2,2,8,4.0,0.02,238,40257,0.01530168666318901,3.620189891870555,0.75270406024982,0.19944506873979756,10.0,0.12314447245254022,3.4853611513569565,-11739.008023592818,0.11807974821786353,0.12820919668721692,1.0461361901080282,3.646162436031097,7.784651479442277,8.31176592342744,98.0,False,False,False,1,0,2.600264433671221,False,False,KRAS_RAF1-RBD_norfitness_6VJJ,40257,1.0778790533755191
3,0,8,6.0,0.001,11,40257,0.0007452120128176467,4.118398865839476,0.7550260451643753,0.18183379954062298,10.0,0.09635257504871599,3.22784578861078,-8577.354273239296,0.09155950211560057,0.1011456479818314,1.049347509290855,3.387131938653698,7.193297694656073,8.31176592342744,88.5,False,False,False,0,0,1.4543851917144115,False,True,KRAS_RAF1-RBD_norfitness_6VJJ,40257,0.9827008757795951
3,1,8,6.0,0.005,48,40257,0.018630300320441166,5.116676323188713,0.7655307796715161,0.18473233303594733,10.0,0.15202659785855238,3.1143707978374104,-9282.543537739431,0.14618948606452253,0.15786370965258223,1.0400260471746459,3.23902675031099,6.248880759372718,8.31176592342744,35.5,False,False,False,0,0,1.9669482003307706,False,True,KRAS_RAF1-RBD_norfitness_6VJJ,40257,0.9983656829360631
3,2,8,6.0,0.02,226,40257,0.03827905705839978,2.989729441226314,0.7427133224636668,0.19397239054840634,10.0,0.17033463782771152,2.772210565670238,-6852.588289619191,0.16376235639701178,0.17690691925841126,1.0261557195892594,2.8447197278682914,6.143112786608282,8.31176592342744,28.000000000000004,False,False,False,0,0,1.2991174338697584,False,True,KRAS_RAF1-RBD_norfitness_6VJJ,40257,1.0483025628378588
0,0,9,2.0,0.001,9,40257,0.0007452120128176467,1.0491815682915102,0.7741511380454282,0.19146334337499737,10.0,0.11740503616359499,2.9563937217785905,-7270.083900024241,0.11193511367920309,0.12287495864798689,1.0575999667388738,3.1266819018200525,6.597718189723438,8.31176592342744,57.99999999999999,False,False,False,0,0,1.2406032375593785,False,True,KRAS_RAF1-RBD_norfitness_6VJJ,40257,1.0347426918957656
0,1,9,2.0,0.005,55,40257,0.003750900464515488,2.184778126368449,0.7513835989738319,0.18498148941993123,10.0,0.09267464918449897,3.171801940309061,-7984.592931718595,0.08790635381845895,0.09744294455053899,1.048440111746241,3.3254443807345755,6.8603501479489255,8.31176592342744,77.0,False,False,False,0,0,1.3368591156162772,False,True,KRAS_RAF1-RBD_norfitness_6VJJ,40257,0.9997122213539239
0,2,9,2.0,0.02,216,40257,0.015475569466179794,1.8317046031725028,0.8009679904454381,0.1891992849775773,10.0,0.09163987897563233,3.182713529612732,-8028.1135158913385,0.08689819214006479,0.09638156581119987,1.1286563491394894,3.5921898326895643,7.052146035053735,8.31176592342744,84.0,False,False,False,0,0,1.7922726604965478,False,True,KRAS_RAF1-RBD_norfitness_6VJJ,40257,1.0225068359900884
1,0,9,3.0,0.001,9,40257,0.0006458504111086271,3.061809288351296,0.7832521172303288,0.19030625592962722,10.0,0.10018896769514533,3.0288113665373513,-7211.982641206734,0.09513907156568466,0.10523886382460601,1.0794912296065244,3.269575306309623,6.513355640289051,8.31176592342744,55.00000000000001,False,False,False,0,0,1.1668127104183001,False,True,KRAS_RAF1-RBD_norfitness_6VJJ,40257,1.0284893393903927
1,1,9,3.0,0.005,68,40257,0.004471272076905879,3.1456528389075484,0.7712701061913191,0.18957912575510882,10.0,0.09890499221250215,2.888384169128133,-6158.774465683964,0.09371366857006354,0.10409631585494077,1.0702566697931999,3.0913124219344748,6.031004551095437,8.31176592342744,21.0,False,False,False,0,0,1.0194393083803908,False,True,KRAS_RAF1-RBD_norfitness_6VJJ,40257,1.0245596439151279
1,2,9,3.0,0.02,238,40257,0.014780038254216659,2.8445440287397705,0.7471827620798385,0.19892106900242326,10.0,0.1433270288609921,2.733550647094683,-6194.28499552235,0.13708710893449455,0.14956694878748966,1.0348293012267222,2.8287583060008448,6.171665079615182,8.31176592342744,29.5,False,False,False,0,0,1.082597861558132,False,True,KRAS_RAF1-RBD_norfitness_6VJJ,40257,1.0750471541239668
2,0,9,4.0,0.001,11,40257,0.0007452120128176467,2.501333192326582,0.7774886992006773,0.17989942548897275,10.0,0.09981732569336887,2.8057301655646785,-5634.779163518135,0.09449040873514056,0.10514424265159719,1.07937686875492,3.028440240678426,6.36959899785654,8.31176592342744,44.5,False,False,False,0,0,0.9997051624006635,False,True,KRAS_RAF1-RBD_norfitness_6VJJ,40257,0.9722467628509516
2,1,9,4.0,0.005,50,40257,0.003552177261097449,3.493110703043106,0.789702174860545,0.1968832594498856,10.0,0.13121006610593947,2.7911741819848754,-6356.333153244603,0.12527342475336847,0.13714670745851046,1.0776169787581176,3.0078166891782017,5.988619025536821,8.31176592342744,18.0,False,False,False,0,0,1.2110692257239586,False,True,KRAS_RAF1-RBD_norfitness_6VJJ,40257,1.064034035347315
2,2,9,4.0,0.02,200,40257,0.03373326378021214,3.529778719633064,0.7604098674753808,0.19481497172008802,10.0,0.1793180786871514,2.873116698567081,-7682.466553716629,0.1727952007485013,0.18584095662580152,1.025831126965615,2.9473325407947963,6.499164018146277,8.31176592342744,54.0,False,False,False,0,0,1.562199799921824,False,True,KRAS_RAF1-RBD_norfitness_6VJJ,40257,1.052856200596179
3,0,9,6.0,0.001,8,40257,0.0005216484089723526,4.081423017906941,0.7697579051857989,0.1833442346117421,10.0,0.10268160785848023,3.039778815556847,-7421.813256966707,0.09758041418647882,0.10778280153048163,1.063094175547498,3.2315711537711564,7.098592606883571,8.31176592342744,86.5,False,False,False,0,0,1.160570001469076,False,True,KRAS_RAF1-RBD_norfitness_6VJJ,40257,0.9908638568697271
3,1,9,6.0,0.005,71,40257,0.01530168666318901,5.0135566214249945,0.7706039495412506,0.18590350697063168,10.0,0.13933395254137448,2.8822702162655585,-7150.980525583058,0.13341980694240063,0.14524809814034834,1.0574880186369733,3.0479662201750264,5.911678936654726,8.31176592342744,13.0,False,False,False,0,0,1.4846797712381168,False,True,KRAS_RAF1-RBD_norfitness_6VJJ,40257,1.004695164331778
3,2,9,6.0,0.02,230,40257,0.014084507042253521,3.9000612246659263,0.7756053089238638,0.18975007554036502,10.0,0.11718098261186743,2.9365578341495264,-7090.684127087297,0.11169971038212567,0.1226622548416092,1.079130966093484,3.1689304925551673,6.136643693221323,8.31176592342744,28.000000000000004,False,False,False,0,0,1.2018836243356184,False,True,KRAS_RAF1-RBD_norfitness_6VJJ,40257,1.0254835233264914
0,0,10,2.0,0.001,10,40257,0.0005464888093996075,2.5294327060570287,0.7397065831752938,0.18479673411263747,10.0,0.09838294065628302,2.7132579893870234,-4985.508102670137,0.09293737069438184,0.1038285106181842,1.0300458029056805,2.794780004168409,5.9522439572769965,8.31176592342744,15.5,False,False,False,0,0,0.9894479467025605,False,True,KRAS_RAF1-RBD_norfitness_6VJJ,40257,0.9987137315091251
0,1,10,2.0,0.005,55,40257,0.004123506470924312,1.944756946667697,0.7610912393822469,0.18712858130073673,10.0,0.06989088528840322,3.1833821592269373,-6847.743766964733,0.06563074664065721,0.07415102393614922,1.092045154219287,3.4763970610119084,6.8800602243620395,8.31176592342744,77.5,False,False,False,0,0,1.087116203907742,False,True,KRAS_RAF1-RBD_norfitness_6VJJ,40257,1.0113159445174793
0,2,10,2.0,0.02,221,40257,0.0340313485853392,1.7135502777247986,0.8060586054869628,0.19048036760130063,10.0,0.10391476030343172,2.9934135936198527,-7077.368365614209,0.09875809212527084,0.1090714284815926,1.1397840380920106,3.411845033415553,6.420392654267899,8.31176592342744,48.0,False,False,False,0,0,1.4837667107389452,False,True,KRAS_RAF1-RBD_norfitness_6VJJ,40257,1.0294303068709665
1,0,10,3.0,0.001,13,40257,0.0006955312119631368,2.8955462986168534,0.7377474726677,0.18298777745606848,10.0,0.10809985245819553,3.0792217240544844,-7903.940959038446,0.10294254962374455,0.11325715529264652,1.018758054889113,3.1369819341700476,6.8146581991918715,8.31176592342744,74.0,False,False,False,0,0,1.1526993486915529,False,True,KRAS_RAF1-RBD_norfitness_6VJJ,40257,0.9889374231706936
1,1,10,3.0,0.005,73,40257,0.004595474079042154,2.9022158266279887,0.7577611824650274,0.18925972814915804,10.0,0.1007433799621217,3.2210603318409956,-8781.549340142898,0.09583261123747512,0.10565414868676827,1.0680808989184702,3.4403530147033567,7.436711105342556,8.31176592342744,92.5,False,False,False,0,0,1.557220508300279,False,True,KRAS_RAF1-RBD_norfitness_6VJJ,40257,1.022833494498008
1,2,10,3.0,0.02,198,40257,0.013090891025163325,2.6798010273427155,0.7723163190081705,0.1887509582676753,10.0,0.14464811986881032,2.8524300490989343,-7071.023560251895,0.13859719085433872,0.15069904888328192,1.0481463966526092,2.9897642776666733,6.397791983188888,8.31176592342744,47.0,False,False,False,0,0,1.2362769832850622,False,True,KRAS_RAF1-RBD_norfitness_6VJJ,40257,1.020083903336373
2,0,10,4.0,0.001,11,40257,0.0005464888093996075,4.204372464944646,0.7826463211879685,0.185794139059098,10.0,0.10436182093044451,3.2646001277991092,-9187.644120234065,0.09945857486871384,0.10926506699217517,1.0694383465641117,3.491288562866467,7.25185978186286,8.31176592342744,89.0,False,False,False,0,0,1.6012927868370794,False,True,KRAS_RAF1-RBD_norfitness_6VJJ,40257,1.0041040974194777
2,1,10,4.0,0.005,57,40257,0.0032292520555431354,4.0483853909241425,0.7759955577690448,0.1901273257896481,10.0,0.12409458128937464,2.6982216959886394,-5540.155792733858,0.11812869202456035,0.13006047055418896,1.0695405301647982,2.88585746322985,5.909274259945047,8.31176592342744,13.0,False,False,False,0,0,1.0297123338383383,False,True,KRAS_RAF1-RBD_norfitness_6VJJ,40257,1.0275223310250334
2,2,10,4.0,0.02,227,40257,0.03718607943960057,3.013570837572842,0.796853851860239,0.18968422816617117,10.0,0.20543187132129972,2.4943923186565513,-5041.52325462841,0.19783107753532853,0.21303266510727092,1.0824698942103899,2.700104589295366,5.633102320510361,8.31176592342744,6.0,False,False,False,0,0,1.4702176706102679,False,True,KRAS_RAF1-RBD_norfitness_6VJJ,40257,1.0251276583968054
3,0,10,6.0,0.001,12,40257,0.0006706908115358819,3.4522521482640025,0.7265704997650253,0.18629463469572957,10.0,0.12391269606755013,2.63628813278044,-5116.032257589162,0.11783975324296782,0.12998563889213244,0.9946250454910801,2.62211820399434,5.736695424092735,8.31176592342744,9.0,False,False,False,0,0,1.1726883547382272,False,True,KRAS_RAF1-RBD_norfitness_6VJJ,40257,1.0068089713300723
3,1,10,6.0,0.005,59,40257,0.0036763792632337235,4.1576629942445145,0.759105181174164,0.18324552938223704,10.0,0.12618811816441058,2.862163703976131,-6770.402327539923,0.12044582093128887,0.1319304153975323,1.0426856807439349,2.9843371100809346,6.215813199551776,8.31176592342744,32.5,False,False,False,0,0,1.11036762708608,False,True,KRAS_RAF1-RBD_norfitness_6VJJ,40257,0.9903304152558814
3,2,10,6.0,0.02,263,40257,0.017139876294805872,4.521794702676216,0.7650493301435028,0.19760908830922275,10.0,0.13547625830234228,3.156022984321483,-9344.898981175415,0.1299205971026212,0.14103191950206337,1.061214830053516,3.349218394951713,6.741862360604055,8.31176592342744,71.5,False,False,False,0,0,1.9244894961069487,False,True,KRAS_RAF1-RBD_norfitness_6VJJ,40257,1.0679566980070554
0,0,11,2.0,0.001,11,40257,0.0006210100106813722,2.0162178229909147,0.776043584437895,0.1875706533434971,10.0,0.09282914345273449,2.8312577708184725,-5600.1365208707575,0.08766298413383243,0.09799530277163655,1.088942334818815,3.083076447428981,6.169062296111712,8.31176592342744,29.5,False,False,False,0,0,0.9270521917940326,False,True,KRAS_RAF1-RBD_norfitness_6VJJ,40257,1.0137050745069303
0,1,11,2.0,0.005,52,40257,0.0038254216657972527,2.1744723661476177,0.7773494324284486,0.18793575371150611,10.0,0.09233641733037135,3.2247630435540446,-8415.148678743455,0.08760036341312104,0.09707247124762165,1.1025875492221877,3.555583581014537,7.042601536047419,8.31176592342744,84.0,False,False,False,0,0,1.6600558248861466,False,True,KRAS_RAF1-RBD_norfitness_6VJJ,40257,1.015678219501405
0,2,11,2.0,0.02,245,40257,0.06498248751769879,2.3460699183593086,0.7516863953629049,0.1890385643458683,10.0,0.2731143891722157,2.550654786985747,-5458.2325470619835,0.2649065889039172,0.2813221894405142,0.9839617042293498,2.509746631103245,5.549021407316701,8.31176592342744,4.0,False,False,False,0,0,1.5548345149619378,False,True,KRAS_RAF1-RBD_norfitness_6VJJ,40257,1.0216382389199326
1,0,11,3.0,0.001,13,40257,0.0009936160170901955,2.6654378658264335,0.7375605873019709,0.18516071165538617,10.0,0.10741380817983669,3.1459161977397976,-8454.890995575639,0.10231159496102266,0.11251602139865072,1.028875186098769,3.236755113400666,7.1452464167474865,8.31176592342744,87.0,False,False,False,0,0,1.366240634640811,False,True,KRAS_RAF1-RBD_norfitness_6VJJ,40257,1.000680808317325
1,1,11,3.0,0.005,57,40257,0.0034279752589611743,2.792586934584805,0.7524502424766811,0.18629769885632924,10.0,0.10715409181068188,2.6766582278654636,-4982.9129298607295,0.10147201379915843,0.11283616982220532,1.0487018041059704,2.807016312537601,5.802158497919439,8.31176592342744,10.5,False,False,False,0,0,0.9919177075679647,False,True,KRAS_RAF1-RBD_norfitness_6VJJ,40257,1.0068255312507934
1,2,11,3.0,0.02,201,40257,0.013985145440544501,2.6700273827494545,0.7511831784189514,0.1938654881341702,10.0,0.11075738571895158,3.0064802133141004,-7461.696314879315,0.1054620261431592,0.11605274529474396,1.046222747851426,3.1454479901344197,6.693226178703115,8.31176592342744,67.5,False,False,False,0,0,1.152976986579348,False,True,KRAS_RAF1-RBD_norfitness_6VJJ,40257,1.047724820435961
2,0,11,4.0,0.001,10,40257,0.0006706908115358819,4.048457744760354,0.7822310371899062,0.18084815261010562,10.0,0.1046925301413062,2.7860393259086265,-5612.654116358055,0.09925662686674262,0.11012843341586977,1.073698152828071,2.9913652779344564,5.965821090083786,8.31176592342744,16.0,False,False,False,0,0,1.0203199575201132,False,True,KRAS_RAF1-RBD_norfitness_6VJJ,40257,0.9773740547800015
2,1,11,4.0,0.005,71,40257,0.004669995280323919,3.4480919203581375,0.8147134660861877,0.1915738356369956,10.0,0.10778409993936772,3.033213847264244,-7534.521851034166,0.1025835937738416,0.11298460610489383,1.1435192271194117,3.4685383543115056,6.646663353272168,8.31176592342744,61.5,False,False,False,0,0,1.5080938984457875,False,True,KRAS_RAF1-RBD_norfitness_6VJJ,40257,1.0353398352371401
2,2,11,4.0,0.02,232,40257,0.015376207864470776,3.4235177351040273,0.728564156899508,0.19587742817707723,10.0,0.1320992975047061,2.9397965998542372,-7507.148341979773,0.12635817252698142,0.13784042248243075,1.009996543938141,2.969184405733878,6.37182506605981,8.31176592342744,44.5,False,False,False,0,0,1.1607184264050192,False,True,KRAS_RAF1-RBD_norfitness_6VJJ,40257,1.058598130278112
3,0,11,6.0,0.001,7,40257,0.0003477656059815684,4.0159277557887885,0.7662904443042892,0.18775608892029017,10.0,0.12087407128306746,2.8704430548887436,-6741.5629144267,0.11521541283675779,0.12653272972937712,1.0630027427630002,3.0512888402917393,6.3608915588381345,8.31176592342744,44.5,False,False,False,0,0,1.3259374010960638,False,True,KRAS_RAF1-RBD_norfitness_6VJJ,40257,1.014707240793812
3,1,11,6.0,0.005,54,40257,0.0027324440469980375,4.7792490404032435,0.7936281899772083,0.1852917354147481,10.0,0.10183471936516748,3.3034582140001714,-9382.507835701457,0.09701328954386307,0.1066561491864719,1.091235269489683,3.604850114402384,7.183542932414288,8.31176592342744,88.5,False,False,False,0,0,1.851035698545615,False,True,KRAS_RAF1-RBD_norfitness_6VJJ,40257,1.0013889118899184
3,2,11,6.0,0.02,238,40257,0.014109347442680775,4.201259671769376,0.7401377426131027,0.1966879901110152,10.0,0.13344161449719735,2.9424764977337983,-7570.20962700079,0.12767701608096038,0.13920621291343432,1.0240861601733904,3.0133494579646514,6.250737809263761,8.31176592342744,35.5,False,False,False,0,0,1.3097818567541393,False,True,KRAS_RAF1-RBD_norfitness_6VJJ,40257,1.0629787235691657
0,0,12,2.0,0.001,14,40257,0.000869414014953921,2.240916861557047,0.7771842650432708,0.18448296749115836,10.0,0.16087378923896156,2.3474233213873648,-3709.8808708677243,0.15351947981215316,0.16822809866576996,1.047597964790184,2.4591558939864178,5.270832007809455,8.31176592342744,1.5,False,False,False,0,0,1.2060033648160178,False,True,KRAS_RAF1-RBD_norfitness_6VJJ,40257,0.9970180141315149
0,1,12,2.0,0.005,49,40257,0.0032292520555431354,2.214609774155964,0.7989397581012246,0.1909543090922197,10.0,0.10920836674159107,2.9661050261768316,-7165.795625192404,0.1038672969135135,0.11454943656966864,1.1135344292704727,3.3028600674800987,6.713097406652047,8.31176592342744,69.5,False,False,False,0,0,1.4543851917144115,False,True,KRAS_RAF1-RBD_norfitness_6VJJ,40257,1.0319916718062596
0,2,12,2.0,0.02,258,40257,0.030429490523387236,1.2670856479950032,0.7437273048961881,0.18912484698368567,10.0,0.1076380171897341,3.09749908173291,-8100.228343619296,0.10247782779917185,0.11279820658029636,1.0502601844943182,3.253179957051788,7.082278699328357,8.31176592342744,85.0,False,False,False,0,0,1.3074775965917438,False,True,KRAS_RAF1-RBD_norfitness_6VJJ,40257,1.0221045439961172
1,0,12,3.0,0.001,9,40257,0.0004968080085450977,3.972163635732021,0.7624818066003837,0.1888037458194428,10.0,0.0974478704970286,3.1392727122908335,-8033.319337277848,0.09251743217988304,0.10237830881417417,1.0796690364360018,3.389375544388878,7.03570078139437,8.31176592342744,84.0,False,False,False,0,0,1.4690759512266784,False,True,KRAS_RAF1-RBD_norfitness_6VJJ,40257,1.0203691878845882
1,1,12,3.0,0.005,58,40257,0.003552177261097449,2.963635636538933,0.7265099941829931,0.1901303888125924,10.0,0.12256803181894894,3.01267215360216,-7891.207194881485,0.11705498848359443,0.12808107515430348,1.0083873791004407,3.0379405770597625,6.9903997830696545,8.31176592342744,82.0,False,False,False,0,0,1.156030849699332,False,True,KRAS_RAF1-RBD_norfitness_6VJJ,40257,1.0275388847974205
1,2,12,3.0,0.02,226,40257,0.014705517052934894,2.8058397342013808,0.8135973706386789,0.19632626891418659,10.0,0.09839130119180159,2.7853006984329003,-5418.028887690918,0.09308259332080002,0.10370000906280316,1.1399451079455065,3.175089905335787,6.030699888390039,8.31176592342744,21.0,False,False,False,0,0,1.0645545638654965,False,True,KRAS_RAF1-RBD_norfitness_6VJJ,40257,1.0610238409356314
2,0,12,4.0,0.001,13,40257,0.00106813721837196,3.5586761892822203,0.7593618658565424,0.18195239601680238,10.0,0.11860972021952891,2.741568448507077,-5704.371885611414,0.11282576981546782,0.12439367062359,1.04377226440374,2.8615731075160795,6.009371710459144,8.31176592342744,19.0,False,False,False,0,0,1.0860773405615003,False,True,KRAS_RAF1-RBD_norfitness_6VJJ,40257,0.9833418174598564
2,1,12,4.0,0.005,50,40257,0.0033037732568249,3.788079277951887,0.7558391962471865,0.1851201206914881,10.0,0.12009115374126748,2.9984690366426863,-7676.9257958245,0.11462135059465123,0.12556095688788374,1.029767184352935,3.0877250172329966,6.536429793601396,8.31176592342744,56.00000000000001,False,False,False,0,0,1.132724916519819,False,True,KRAS_RAF1-RBD_norfitness_6VJJ,40257,1.0004614388938617
2,2,12,4.0,0.02,269,40257,0.020145564746503714,3.5214064134935255,0.7260381176232142,0.1906930180041347,10.0,0.13027682788119294,3.0016716242490733,-7890.699618077837,0.12466743757448279,0.13588621818790309,0.9905823985079559,2.9734030770819193,6.539822182404833,8.31176592342744,56.00000000000001,False,False,False,0,0,1.1527683001967657,False,True,KRAS_RAF1-RBD_norfitness_6VJJ,40257,1.0305795527077024
3,0,12,6.0,0.001,13,40257,0.0006955312119631368,4.502780546335757,0.7796878978166987,0.19136356575954852,10.0,0.11788737245005354,2.842135483485539,-6415.5194993745245,0.11226278193951184,0.12351196296059525,1.070587679342303,3.042755231641198,6.124846733136942,8.31176592342744,26.5,False,False,False,0,0,1.1337095532073376,False,True,KRAS_RAF1-RBD_norfitness_6VJJ,40257,1.0342034546894128
3,1,12,6.0,0.005,52,40257,0.023548699605037634,5.432081217838259,0.7196717546928619,0.19085214357593866,10.0,0.15727780249841275,3.5939345210126006,-13429.850160435366,0.1518083759071204,0.1627472290897051,0.9647332218253464,3.4671880294858193,6.985668429787798,8.31176592342744,82.0,False,False,False,3,0,2.6702947009177698,False,True,KRAS_RAF1-RBD_norfitness_6VJJ,40257,1.0314395294511116
3,2,12,6.0,0.02,225,40257,0.014059666641826266,3.910148341210861,0.7153952511652082,0.1956050866841159,10.0,0.10347187677342301,3.2859128330889926,-9306.801205741882,0.09860633120110829,0.10833742234573773,0.9943639977342041,3.267393420916495,6.86784333970911,8.31176592342744,77.0,False,False,False,0,0,1.2326553728782503,False,True,KRAS_RAF1-RBD_norfitness_6VJJ,40257,1.057126290475389
0,0,13,2.0,0.001,16,40257,0.0012420200213627444,1.794610642973949,0.7803803731884753,0.1855034359658941,10.0,0.11872068701875793,2.633449658173787,-4998.013874450582,0.11272600818557452,0.12471536585194135,1.082352600704018,2.8503210863475057,5.991192354376799,8.31176592342744,18.0,False,False,False,0,0,1.120153640933838,False,True,KRAS_RAF1-RBD_norfitness_6VJJ,40257,1.0025330243571262
0,1,13,2.0,0.005,55,40257,0.00335345405767941,1.7384392130654451,0.7803421127622324,0.1859251247326043,10.0,0.095723343901931,2.881428785946639,-5981.856992615736,0.09059550252961447,0.10085118527424754,1.0826910511825087,3.119697161164106,6.40453032088382,8.31176592342744,47.0,False,False,False,0,0,1.0074612733401507,False,True,KRAS_RAF1-RBD_norfitness_6VJJ,40257,1.0048119951612309
0,2,13,2.0,0.02,230,40257,0.014879399855925677,1.8674069174834895,0.7497803785963381,0.19184926610486627,10.0,0.11235275900621458,2.8482439173740945,-6305.574950960436,0.106841658636481,0.11786385937594816,1.041943199055594,2.9677083789594016,6.136016553990842,8.31176592342744,28.000000000000004,False,False,False,0,0,1.0099862389374945,False,True,KRAS_RAF1-RBD_norfitness_6VJJ,40257,1.036828369066806
1,0,13,3.0,0.001,10,40257,0.0006210100106813722,3.4118639581563404,0.7537890846824733,0.1885190916653294,10.0,0.12803225078425234,2.9190034429718708,-7253.234090862941,0.12233152058559776,0.13373298098290692,1.031948730035498,3.0122618959440683,6.403524293236148,8.31176592342744,47.0,False,False,False,0,0,1.4958439524927956,False,True,KRAS_RAF1-RBD_norfitness_6VJJ,40257,1.0188308056517568
1,1,13,3.0,0.005,63,40257,0.00442159127605137,2.562706724702429,0.7094472855111783,0.18609195055772362,10.0,0.11423667535358538,2.8194914248958596,-6191.364302424845,0.10862835670339319,0.11984499400377757,0.9855142602167551,2.778649005793728,6.187106513955932,8.31176592342744,30.0,False,False,False,0,0,1.222660869854913,False,True,KRAS_RAF1-RBD_norfitness_6VJJ,40257,1.0057135870812237
1,2,13,3.0,0.02,238,40257,0.015326527063616266,2.790365948620292,0.7723507547917916,0.19746432579434164,10.0,0.09356896271248576,3.0559448168602628,-7169.448236395052,0.08867048735167567,0.09846743807329585,1.101930440438577,3.367438617998816,6.867137599564374,8.31176592342744,77.0,False,False,False,0,0,1.3956221536653444,False,True,KRAS_RAF1-RBD_norfitness_6VJJ,40257,1.0671743448333708
2,0,13,4.0,0.001,16,40257,0.000869414014953921,3.5651472013527656,0.8193319982216414,0.18522084005913558,10.0,0.15051685523708475,2.64588333057014,-5627.196156412421,0.14401988483283804,0.15701382564133146,1.0985785248735516,2.9067106062852637,5.65534201994814,8.31176592342744,7.000000000000001,False,False,False,0,0,1.2720201933205693,False,True,KRAS_RAF1-RBD_norfitness_6VJJ,40257,1.001005765696938
2,1,13,4.0,0.005,60,40257,0.004024144869215292,3.2661129481111324,0.7692128710641073,0.18584801382524233,10.0,0.12281988099439298,2.8028228700249933,-6263.515721911623,0.11704581768333087,0.1285939443054551,1.0585671178643699,2.9669761274066984,6.3146709351376105,8.31176592342744,41.5,False,False,False,0,0,1.0732670381142302,False,True,KRAS_RAF1-RBD_norfitness_6VJJ,40257,1.0043952576988437
2,2,13,4.0,0.02,231,40257,0.014655836252080383,3.4487449276286384,0.7371965686865217,0.19230723736882405,10.0,0.1507953872379128,2.9374084339787796,-7882.758006418648,0.14475037075753552,0.15684040371829008,1.005239971852057,2.9528003714908233,6.298087528597658,8.31176592342744,40.0,False,False,False,0,0,1.2473330050878055,False,True,KRAS_RAF1-RBD_norfitness_6VJJ,40257,1.0393034246577368
3,0,13,6.0,0.001,14,40257,0.0007948928136721564,4.16606006665611,0.7564365761666978,0.18124440047667403,10.0,0.11056883304303246,3.049812030035281,-7765.661475431785,0.10533343615068019,0.11580422993538472,1.0398950960777478,3.1714845739926094,6.602657685918818,8.31176592342744,57.99999999999999,False,False,False,0,0,1.225992370862692,False,True,KRAS_RAF1-RBD_norfitness_6VJJ,40257,0.9795155330226952
3,1,13,6.0,0.005,58,40257,0.004048985269642547,4.4712620737952715,0.733691513290661,0.19383302498640453,10.0,0.09546560369765117,3.496059904610351,-10655.270388093835,0.09089390721943022,0.10003730017587212,1.0324494975323377,3.6095052918579094,7.826463307040846,8.31176592342744,98.0,False,False,False,0,0,1.8804172175701483,False,False,KRAS_RAF1-RBD_norfitness_6VJJ,40257,1.0475493769055477
3,2,13,6.0,0.02,251,40257,0.016369823881560972,4.082949943095153,0.7910593340104883,0.20034432431730953,10.0,0.12917254606438083,2.97623888340858,-7709.141265869606,0.12353104498060176,0.13481404714815992,1.0924131819801923,3.251282588957541,6.265608301973643,8.31176592342744,36.5,False,False,False,0,0,1.5265415302310568,False,True,KRAS_RAF1-RBD_norfitness_6VJJ,40257,1.0827389817595887
0,0,14,2.0,0.001,6,40257,0.0005464888093996075,1.669536267664737,0.7647135258014776,0.19020867106749736,10.0,0.13230803530987603,2.892692080620653,-7135.6725204621325,0.12651588307994244,0.13810018753980963,1.0299065079629104,2.9792023993639822,6.547044690847588,8.31176592342744,56.00000000000001,False,False,False,0,0,1.2959140994082674,False,True,KRAS_RAF1-RBD_norfitness_6VJJ,40257,1.0279619526794506
0,1,14,2.0,0.005,62,40257,0.0038999428670790175,2.1164778240398605,0.7859763538776586,0.18386693184590103,10.0,0.09553991219806852,3.151704667949488,-7975.708319782803,0.09069158282561168,0.10038824157052537,1.0967516704678302,3.4566373593948585,7.199411857802812,8.31176592342744,88.5,False,False,False,0,0,1.439694432202145,False,True,KRAS_RAF1-RBD_norfitness_6VJJ,40257,0.9936887168851546
0,2,14,2.0,0.02,244,40257,0.01594753707429764,1.8796733512920256,0.8264470124999755,0.18741682556122446,10.0,0.10644303070339274,2.6124249170462717,-4529.739491695655,0.10067660397717933,0.11220945742960615,1.1569355185139987,3.0224071759818183,5.871972293737265,8.31176592342744,12.5,False,False,False,0,0,1.0782425828047373,False,True,KRAS_RAF1-RBD_norfitness_6VJJ,40257,1.0128737290874292
1,0,14,3.0,0.001,16,40257,0.0009190948158084309,3.4467715841278803,0.7392251483549712,0.18103243240445302,10.0,0.09290358132293007,3.0595880299331273,-7197.6288719523,0.0880082475791051,0.09779891506675505,1.0365134645385765,3.1713041889667437,6.806893122677554,8.31176592342744,74.0,False,False,False,0,0,1.036096813419286,False,True,KRAS_RAF1-RBD_norfitness_6VJJ,40257,0.9783699747671061
1,1,14,3.0,0.005,57,40257,0.018357055915741362,2.402122402892931,0.7595475187384003,0.18901457236177252,10.0,0.15277759057598067,2.87661993142177,-7470.898342528264,0.14660409878692102,0.15895108236504032,1.043842157158884,3.0027371545415416,6.648563340988081,8.31176592342744,62.5,False,False,False,0,0,1.3368591156162772,False,True,KRAS_RAF1-RBD_norfitness_6VJJ,40257,1.021508576866771
1,2,14,3.0,0.02,239,40257,0.017139876294805872,2.734848534288595,0.7736012644059926,0.19262426383187578,10.0,0.1175954355088842,3.2568920962361587,-9629.825684516516,0.11244276180314292,0.12274810921462548,1.0735857792504324,3.496553039072271,7.185414930567755,8.31176592342744,88.5,False,False,False,1,0,2.0273248126928163,False,True,KRAS_RAF1-RBD_norfitness_6VJJ,40257,1.0410167594924777
2,0,14,4.0,0.001,16,40257,0.000894254415381176,3.5149096880626662,0.7505566160666786,0.18983106342761566,10.0,0.09797387106753178,3.3255606440387018,-9444.603218099743,0.0932195657876082,0.10272817634745535,1.0336849892600946,3.437582118616939,7.460958302940467,8.31176592342744,93.0,False,False,False,0,0,1.7335096224474806,False,True,KRAS_RAF1-RBD_norfitness_6VJJ,40257,1.0259212135025193
2,1,14,4.0,0.005,62,40257,0.004024144869215292,3.87911840721073,0.7415369943953327,0.18532751796598992,10.0,0.09404438852235741,3.3410039395771385,-9345.844063614117,0.08939029562451187,0.09869848142020296,1.0268712116205314,3.4307807634625447,7.3960893512211365,8.31176592342744,92.5,False,False,False,0,0,1.3809313941530779,False,True,KRAS_RAF1-RBD_norfitness_6VJJ,40257,1.0015822947732536
2,2,14,4.0,0.02,239,40257,0.016494025883697246,3.2179372522023466,0.7362284694644999,0.1966288426365733,10.0,0.1451736744091717,2.73752824253466,-6218.726683360059,0.13892419157965716,0.15142315723868624,1.0074426100251541,2.7579025976766913,5.883788994227368,8.31176592342744,13.0,False,False,False,0,0,1.0396672567032406,False,True,KRAS_RAF1-RBD_norfitness_6VJJ,40257,1.062659067514675
3,0,14,6.0,0.001,9,40257,0.0004222868072633331,4.380257037733044,0.7500660000721431,0.18677904451418034,10.0,0.11549502541006307,2.9831590435434188,-7487.364182947465,0.1100609876619326,0.12092906315819353,1.037808690232186,3.0959483797340956,7.011884912722909,8.31176592342744,83.5,False,False,False,0,0,1.2487145585426767,False,True,KRAS_RAF1-RBD_norfitness_6VJJ,40257,1.009426911196205
3,1,14,6.0,0.005,56,40257,0.0034528156593884294,4.841008936378215,0.810925253424259,0.18448479449959548,10.0,0.12047258877506135,2.77567614280672,-6037.577888367057,0.11468500372841135,0.12626017382171134,1.1284853129280616,3.1323097606021966,6.243079018181513,8.31176592342744,35.5,False,False,False,0,0,1.2039234839741297,False,True,KRAS_RAF1-RBD_norfitness_6VJJ,40257,0.9970278879987263
3,2,14,6.0,0.02,233,40257,0.014059666641826266,4.654450306385069,0.8130809226768758,0.20271161255620154,10.0,0.1445416914678637,2.9741086995415693,-8041.618211982743,0.1386441979097931,0.15043918502593429,1.1102531635288004,3.3020135923445535,6.26475857193434,8.31176592342744,36.5,False,False,False,0,0,1.8032560070101002,False,True,KRAS_RAF1-RBD_norfitness_6VJJ,40257,1.0955327320494637
0,0,15,2.0,0.001,8,40257,0.0003974464068360782,1.9346784544517428,0.7469505251975213,0.1959065877919707,10.0,0.09183178606938136,3.167845795134752,-7922.078990199312,0.08707483835387643,0.09658873378488629,1.0456428565129166,3.312435326217134,6.8466285179815305,8.31176592342744,75.5,False,False,False,0,0,1.1458792419568091,False,True,KRAS_RAF1-RBD_norfitness_6VJJ,40257,1.0587557202265463
0,1,15,2.0,0.005,65,40257,0.02667859005887175,1.2762749560578475,0.7715768246924345,0.18095458469452275,10.0,0.10035856537695588,3.080848762370765,-7612.392361616221,0.09535534371523961,0.10536178703867215,1.0700812316237407,3.296758438084186,6.8828016336049265,8.31176592342744,77.5,False,False,False,0,0,1.2221556057741088,False,True,KRAS_RAF1-RBD_norfitness_6VJJ,40257,0.9779492553358496
0,2,15,2.0,0.02,225,40257,0.013538018232853914,1.971518441594119,0.7481062687883053,0.18882615317839874,10.0,0.12582045963173075,3.3333932218439517,-10576.357044474018,0.12058226586972617,0.13105865339373532,1.0232206490695097,3.4107967760590725,7.69105885798327,8.31176592342744,97.0,False,False,False,0,0,1.9832525341560159,False,False,KRAS_RAF1-RBD_norfitness_6VJJ,40257,1.0204902860045502
1,0,15,3.0,0.001,11,40257,0.000869414014953921,2.355330706162133,0.7777609231176578,0.18406322712161036,10.0,0.10702066898728577,2.9213897488016,-6726.468883186404,0.1016806019004807,0.11236073607409083,1.081017178973577,3.158072504931832,6.636231442456987,8.31176592342744,60.0,False,False,False,0,0,1.0812171643224837,False,True,KRAS_RAF1-RBD_norfitness_6VJJ,40257,0.9947495732267054
1,1,15,3.0,0.005,52,40257,0.002856646049134312,2.9669191510817523,0.7865018752384638,0.187797076516985,10.0,0.09506623224921407,3.5388152822130796,-10980.705828186998,0.09053025747348943,0.0996022070249387,1.0937850114413687,3.8707031139443235,8.03801978398462,8.31176592342744,99.0,False,False,False,1,0,2.394593800499486,False,False,KRAS_RAF1-RBD_norfitness_6VJJ,40257,1.0149287537758311
1,2,15,3.0,0.02,214,40257,0.014009985840971757,2.6362312062513276,0.7521728608843661,0.19148501972836576,10.0,0.12831945349137355,2.734122228096022,-5881.527050273668,0.12234665744615501,0.13429224953659208,1.03896200559178,2.840649113635709,6.195055614296386,8.31176592342744,31.5,False,False,False,0,0,1.0984414747365316,False,True,KRAS_RAF1-RBD_norfitness_6VJJ,40257,1.0348598393760065
2,0,15,4.0,0.001,12,40257,0.0006706908115358819,4.633679541574753,0.7594281798908166,0.18734586862497854,10.0,0.09379032921280503,3.0236080504183827,-6913.584187597036,0.08886809498621,0.09871256343940006,1.0410261282824114,3.147654982170579,6.688530521424627,8.31176592342744,67.0,False,False,False,0,0,0.9990182700560019,False,True,KRAS_RAF1-RBD_norfitness_6VJJ,40257,1.012490250088653
2,1,15,4.0,0.005,65,40257,0.004347070074769605,3.6254288619989454,0.7766814609559067,0.18873982888286764,10.0,0.12016327529334776,2.5821291712405965,-4662.931550965353,0.11405785224377299,0.12626869834292254,1.0766165852935026,2.779963091127793,5.678809768742687,8.31176592342744,8.5,False,False,False,0,0,0.9426067587704425,False,True,KRAS_RAF1-RBD_norfitness_6VJJ,40257,1.0200237557938097
2,2,15,4.0,0.02,230,40257,0.03591921901781057,2.4788983540771543,0.7559675035804208,0.19628538349833605,10.0,0.15024926022380714,2.5460492742493295,-4954.04129194835,0.14353362637661818,0.1569648940709961,1.064846009220952,2.7111504089642997,5.752948560986699,8.31176592342744,10.0,False,False,False,0,0,1.2470290727230857,False,True,KRAS_RAF1-RBD_norfitness_6VJJ,40257,1.060802880178806
3,0,15,6.0,0.001,6,40257,0.000447127207690588,3.917944888206567,0.7495898299412918,0.1892080511347174,10.0,0.11072514033281554,2.6864731197595413,-5105.37031681338,0.10501027691585393,0.11644000374977714,1.0301879945741503,2.7675723557224434,5.739157741414726,8.31176592342744,9.5,False,False,False,0,0,0.9448516555474035,False,True,KRAS_RAF1-RBD_norfitness_6VJJ,40257,1.0225542117272757
3,1,15,6.0,0.005,46,40257,0.002856646049134312,4.931930523803183,0.734732467785093,0.1867400103611937,10.0,0.0813109272612131,3.2703316675251295,-8132.927051667706,0.07686537882027683,0.08575647570214937,1.0363857224350241,3.3893250478501686,7.182560940977888,8.31176592342744,88.5,False,False,False,0,0,1.1899515204936095,False,True,KRAS_RAF1-RBD_norfitness_6VJJ,40257,1.009215955386987
3,2,15,6.0,0.02,220,40257,0.015053282658916462,4.011495820938018,0.757076542936633,0.19786155758640156,10.0,0.1133541880410863,2.9326633876975507,-6930.097827537218,0.10794494558083438,0.11876343050133821,1.0620405435113116,3.114607418206031,5.966946400568451,8.31176592342744,16.0,False,False,False,0,0,1.1852603422035697,False,True,KRAS_RAF1-RBD_norfitness_6VJJ,40257,1.0693211405937353
0,0,16,2.0,0.001,8,40257,0.000447127207690588,1.943359994395248,0.8062639307791272,0.18506937526627082,10.0,0.07822773344944547,3.3278247568838246,-8351.912906953687,0.07390199301499178,0.08255347388389916,1.1339216597600383,3.773492571716252,7.343010225796735,8.31176592342744,92.0,False,False,False,0,0,1.8069634200088143,False,True,KRAS_RAF1-RBD_norfitness_6VJJ,40257,1.000187190795165
0,1,16,2.0,0.005,63,40257,0.01661822788583352,1.5101378568435755,0.806876416628252,0.18595361161807816,10.0,0.10316530315229057,2.694075348575663,-5009.846583903825,0.09758238301123194,0.1087482232933492,1.1347334652464403,3.0570574559242742,5.857051437650559,8.31176592342744,11.5,False,False,False,0,0,1.0396672567032406,False,True,KRAS_RAF1-RBD_norfitness_6VJJ,40257,1.004965949417118
0,2,16,2.0,0.02,265,40257,0.032391882157140374,1.1912644225422278,0.7609499516108688,0.18923188170201755,10.0,0.09539465158912858,2.560371936105573,-3899.102947120584,0.08978174520483755,0.1010075579734196,1.070414286000698,2.740658697882672,5.499089544473226,8.31176592342744,3.5000000000000004,False,False,False,0,0,1.0357559629288895,False,True,KRAS_RAF1-RBD_norfitness_6VJJ,40257,1.0226830014210253
1,0,16,3.0,0.001,6,40257,0.00029808480512705867,2.694066478965091,0.7841438423005224,0.18927576123952808,10.0,0.10558009830883572,3.151748462217965,-8349.301681547513,0.10055041249891988,0.11060978411875155,1.0777159736422564,3.396689662634718,6.8242003821018775,8.31176592342744,75.0,False,False,False,0,0,1.4296914633583915,False,True,KRAS_RAF1-RBD_norfitness_6VJJ,40257,1.0229201435807853
1,1,16,3.0,0.005,61,40257,0.0038999428670790175,2.8707752548040837,0.7636406042178581,0.18861998151784964,10.0,0.103540125952532,3.1775515388871987,-8528.091614375357,0.09855209878577167,0.10852815311929231,1.065410218532151,3.3853958794429833,7.126737447410418,8.31176592342744,86.5,False,False,False,0,0,1.5131482297634786,False,True,KRAS_RAF1-RBD_norfitness_6VJJ,40257,1.0193760538216756
1,2,16,3.0,0.02,230,40257,0.014755197853789403,3.076657043020761,0.7813714617981188,0.1928818258274603,10.0,0.12440370817737721,2.9125969814343677,-7106.645885580627,0.11876130925342575,0.1300461071013287,1.0825740285346177,3.1531018476891703,6.502213818005776,8.31176592342744,54.50000000000001,False,False,False,0,0,1.2640700671123155,False,True,KRAS_RAF1-RBD_norfitness_6VJJ,40257,1.0424087251186038
2,0,16,4.0,0.001,16,40257,0.0012668604217899993,2.8083575873424445,0.7328426333773368,0.18087590558080974,10.0,0.11608567773541319,2.921299333800711,-7030.684987485816,0.11056662934774707,0.12160472612307931,1.0203054929262954,2.980617756758793,6.811246905053235,8.31176592342744,74.0,False,False,False,0,0,1.1127213365982043,False,True,KRAS_RAF1-RBD_norfitness_6VJJ,40257,0.9775240426738107
2,1,16,4.0,0.005,44,40257,0.003278932856397645,4.31171156954995,0.7704408741288878,0.18962621213850717,10.0,0.10436954460607899,3.2407913017330134,-9010.134778130712,0.09943821856902499,0.10930087064313299,1.0707082271404635,3.46994190921079,6.990870734412795,8.31176592342744,82.0,False,False,False,0,0,1.5311534381773744,False,True,KRAS_RAF1-RBD_norfitness_6VJJ,40257,1.024814117122638
2,2,16,4.0,0.02,228,40257,0.01428323024567156,3.5734842054729388,0.7755467445990925,0.1939310309698828,10.0,0.13576373235635172,2.882178091218478,-7088.201600433938,0.1299102187590613,0.14161724595364214,1.046726005764223,3.0168507613222695,6.414153886817974,8.31176592342744,48.0,False,False,False,0,0,1.2441947515916816,False,True,KRAS_RAF1-RBD_norfitness_6VJJ,40257,1.0480790395207438
3,0,16,6.0,0.001,11,40257,0.0005961696102541173,3.492427373806372,0.7962788553535469,0.1849403752061222,10.0,0.10936674440620903,2.615191903611965,-4660.149074397719,0.1035159202627159,0.11521756854970215,1.1077015730604385,2.896852185485897,5.575483663411163,8.31176592342744,5.0,False,False,False,0,0,1.145351601331201,False,True,KRAS_RAF1-RBD_norfitness_6VJJ,40257,0.9994900240835639
3,1,16,6.0,0.005,53,40257,0.02113918076359391,4.00043285914827,0.7357512967138502,0.187907748409935,10.0,0.16051141866988095,2.890431047977292,-7560.180644881009,0.15428923261488614,0.16673360472487575,0.9859548474129805,2.849834502866192,6.175984683413128,8.31176592342744,29.5,False,False,False,0,0,1.3713967709237385,False,True,KRAS_RAF1-RBD_norfitness_6VJJ,40257,1.0155268679130318
3,2,16,6.0,0.02,218,40257,0.014208709044389796,4.231858164278191,0.7220735960327355,0.1931340267146561,10.0,0.1293621606330159,3.1243202200703957,-8874.573736091872,0.12389607877067635,0.13482824249535544,0.9839718588313372,3.074243174527,6.78564523909411,8.31176592342744,73.5,False,False,False,0,0,1.3892359202438658,False,True,KRAS_RAF1-RBD_norfitness_6VJJ,40257,1.0437717172209842
0,0,17,2.0,0.001,11,40257,0.0005216484089723526,1.7873647257691765,0.8142195269056692,0.185007367414904,10.0,0.09490632506373646,3.036591896718634,-7069.645818290417,0.08996706772086244,0.09984558240661048,1.1268170961467032,3.4216836632431007,6.51454364697546,8.31176592342744,55.00000000000001,False,False,False,0,0,1.3097818567541393,False,True,KRAS_RAF1-RBD_norfitness_6VJJ,40257,0.999852076146528
0,1,17,2.0,0.005,58,40257,0.0038751024666517624,1.9086838236955739,0.7721745921109513,0.18147300971335092,10.0,0.1241593997933576,2.4978955445606084,-4195.731346974266,0.11780155853039587,0.13051724105631934,1.0697648201163676,2.6721607778963556,5.5987210186129595,8.31176592342744,5.5,False,False,False,0,0,1.3059483950493895,False,True,KRAS_RAF1-RBD_norfitness_6VJJ,40257,0.980751026630931
0,2,17,2.0,0.02,235,40257,0.03599374021909233,1.3572230395274902,0.738190458445023,0.19727651041114505,10.0,0.0957935761195143,3.1059882889353903,-7637.627841296984,0.0908992507737228,0.10068790146530582,1.040667970739974,3.232302529788517,7.261165153138527,8.31176592342744,89.0,False,False,False,0,0,1.3074775965917438,False,True,KRAS_RAF1-RBD_norfitness_6VJJ,40257,1.066159317143148
1,0,17,3.0,0.001,11,40257,0.0006458504111086271,3.4563609311989767,0.7437924969351504,0.1854370099205401,10.0,0.11033692558685637,3.2054119697495342,-9005.317287122336,0.10524798945394517,0.11542586171976757,1.0318536466489898,3.3075160299983786,7.088795836087632,8.31176592342744,85.0,False,False,False,0,0,1.3368591156162772,False,True,KRAS_RAF1-RBD_norfitness_6VJJ,40257,1.0021740320624655
1,1,17,3.0,0.005,64,40257,0.0038751024666517624,2.5877054557632047,0.7713261040672199,0.19050076509096311,10.0,0.11125113380762017,2.5936450850138897,-4539.921137268306,0.10534489324004159,0.11715737437519874,1.0655739039609513,2.763720518727384,5.919152680648453,8.31176592342744,14.000000000000002,False,False,False,0,0,1.042759815434844,False,True,KRAS_RAF1-RBD_norfitness_6VJJ,40257,1.0295405428722253
1,2,17,3.0,0.02,235,40257,0.014159028243535286,3.0483919184395423,0.7662445387079625,0.1945363280970495,10.0,0.14492182422299146,2.975084702047551,-8033.584232076362,0.13902967928932597,0.15081396915665696,1.0418523841422178,3.099599089853281,6.839150409395998,8.31176592342744,75.5,False,False,False,0,0,1.399222212652626,False,True,KRAS_RAF1-RBD_norfitness_6VJJ,40257,1.0513503016209491
2,0,17,4.0,0.001,7,40257,0.0006458504111086271,3.7595214013463316,0.7445146054370376,0.1865403168433823,10.0,0.12351022762025932,2.8501602700155004,-6621.121945571096,0.1177974235492906,0.12922303169122804,1.0089003817217377,2.8755277843867697,6.3362225904941925,8.31176592342744,43.0,False,False,False,0,0,1.099395332567088,False,True,KRAS_RAF1-RBD_norfitness_6VJJ,40257,1.008136733617786
2,1,17,4.0,0.005,64,40257,0.003775740864942743,3.5885313445079703,0.7922473294728808,0.18605079961792206,10.0,0.09078236683503185,3.0024860377836795,-6621.879661251558,0.08590710705379424,0.09565762661626946,1.1031402958628007,3.312163336044616,6.522900500522729,8.31176592342744,55.50000000000001,False,False,False,0,0,1.1509085632783607,False,True,KRAS_RAF1-RBD_norfitness_6VJJ,40257,1.005491191329255
2,2,17,4.0,0.02,233,40257,0.03718607943960057,2.9896212853719524,0.7830092680617848,0.20051423001121602,10.0,0.1682634775983717,2.893181163047468,-7779.881020545552,0.16190315777966466,0.17462379741707876,1.081912134353129,3.130167807182955,6.561587964572496,8.31176592342744,56.00000000000001,False,False,False,0,0,1.646277569468116,False,True,KRAS_RAF1-RBD_norfitness_6VJJ,40257,1.0836572184934834
3,0,17,6.0,0.001,14,40257,0.0006955312119631368,3.951887079465853,0.7850395832682973,0.1851100059633339,10.0,0.11460811402558262,2.8340954651080343,-6261.902392815391,0.10903745618126229,0.12017877186990295,1.0744942551631087,3.0452192958424016,6.301025050180384,8.31176592342744,40.0,False,False,False,0,0,1.0666419329406855,False,True,KRAS_RAF1-RBD_norfitness_6VJJ,40257,1.0004067749521717
3,1,17,6.0,0.005,47,40257,0.002484040042725489,5.492879040433047,0.7550513278446449,0.18981648599560122,10.0,0.10575816787422454,3.0793652377563188,-7863.293902622419,0.10062631839468847,0.11089001735376061,1.0537077412192781,3.244750989065376,6.97148515079713,8.31176592342744,81.5,False,False,False,0,0,1.2193330395181432,False,True,KRAS_RAF1-RBD_norfitness_6VJJ,40257,1.0258424313660661
3,2,17,6.0,0.02,229,40257,0.029212310902451747,3.51363309254912,0.8069638752497511,0.1948190854499295,10.0,0.16437501715236177,2.735543065565858,-6386.672022485669,0.15786899933795756,0.170881034966766,1.0849912767503476,2.9680403633138597,5.7762350557998685,8.31176592342744,10.5,False,False,False,0,0,1.543649505435899,False,True,KRAS_RAF1-RBD_norfitness_6VJJ,40257,1.0528784327990377
0,0,18,2.0,0.001,10,40257,0.0005961696102541173,1.8312658925961864,0.7337878302697323,0.18551272286410264,10.0,0.11281887976085159,2.7883271446610953,-5922.823047811107,0.10719643036826114,0.11844132915344203,1.0133725853313336,2.8256142873347496,6.200845357421725,8.31176592342744,31.5,False,False,False,0,0,0.982792797294821,False,True,KRAS_RAF1-RBD_norfitness_6VJJ,40257,1.0025832143824451
0,1,18,2.0,0.005,53,40257,0.003726060064088233,1.989328342706002,0.7660609678789759,0.18920929702868858,10.0,0.08471999302232312,3.307843259428496,-8634.693236164778,0.0802152314218387,0.08922475462280754,1.0912359218421324,3.6096373885117385,6.887553224940078,8.31176592342744,77.5,False,False,False,0,0,1.6894373439106802,False,True,KRAS_RAF1-RBD_norfitness_6VJJ,40257,1.0225609450249338
0,2,18,2.0,0.02,243,40257,0.01793476910847803,1.8897781556662285,0.7623620045091942,0.19096814255087846,10.0,0.10924238158515337,3.0884730739014556,-8026.09589823967,0.10407033005225638,0.11441443311805036,1.054003908334993,3.2552626906795243,6.95155590141869,8.31176592342744,78.5,False,False,False,0,0,1.3809313941530779,False,True,KRAS_RAF1-RBD_norfitness_6VJJ,40257,1.0320664332201077
1,0,18,3.0,0.001,14,40257,0.0011674988200809798,2.9538623494325393,0.7409683930062387,0.18572908987491513,10.0,0.09792929909545676,2.806278997633272,-5574.9262568839185,0.09264079612565573,0.1032178020652578,1.0346557562869028,2.903532718648304,6.075532026487411,8.31176592342744,23.5,False,False,False,0,0,1.0332862020634852,False,True,KRAS_RAF1-RBD_norfitness_6VJJ,40257,1.0037525462203785
1,1,18,3.0,0.005,58,40257,0.004098666070497056,2.7653716917215725,0.7917404034066953,0.1862475093597455,10.0,0.1160735506442993,2.864537537612287,-6480.277067729941,0.11053949853508269,0.12160760275351593,1.0645990717094316,3.049584003418861,6.33114519685877,8.31176592342744,42.5,False,False,False,0,0,1.12449689049183,False,True,KRAS_RAF1-RBD_norfitness_6VJJ,40257,1.0065542876075741
1,2,18,3.0,0.02,226,40257,0.014804878654643912,2.648247262657341,0.7098377671030895,0.19125754232353898,10.0,0.1317097676176055,2.9286655520461045,-7447.47412150618,0.12595011082511318,0.13746942441009782,0.9786215272976443,2.8660551554873575,6.67606994789743,8.31176592342744,66.5,False,False,False,0,0,1.0435879678832716,False,True,KRAS_RAF1-RBD_norfitness_6VJJ,40257,1.0336304626291746
2,0,18,4.0,0.001,11,40257,0.0007203716123903917,4.119420381728669,0.7428759808964366,0.1899662063542061,10.0,0.11146749518388406,3.080286359825615,-8059.572020032094,0.10623576884827478,0.11669922151949334,1.0293743811800715,3.1707678655029077,6.943439613338891,8.31176592342744,78.5,False,False,False,0,0,1.1311884824445424,False,True,KRAS_RAF1-RBD_norfitness_6VJJ,40257,1.0266515786637345
2,1,18,4.0,0.005,47,40257,0.002831805648707057,3.793015670105926,0.7705157081655786,0.18970781356686148,10.0,0.1300062377533432,2.9599805108208317,-7623.566906352877,0.12432225289157074,0.13569022261511565,1.0480468547375874,3.1021982644503296,6.785328858886,8.31176592342744,73.5,False,False,False,0,0,1.245215145505696,False,True,KRAS_RAF1-RBD_norfitness_6VJJ,40257,1.0252551231144351
2,2,18,4.0,0.02,204,40257,0.011973073005936856,3.7641896352241373,0.7616590948849856,0.1931219245678658,10.0,0.15055654333988178,2.6474598563985206,-5658.3553280264605,0.14405571137187256,0.157057375307891,1.0462704288333677,2.769958959273206,5.988363334536738,8.31176592342744,18.0,False,False,False,0,0,1.1099738994366135,False,True,KRAS_RAF1-RBD_norfitness_6VJJ,40257,1.0437063124927122
3,0,18,6.0,0.001,12,40257,0.0005961696102541173,4.047830325255715,0.75984211920576,0.19137604909137218,10.0,0.1023860711521314,2.992338657650208,-7062.417215129244,0.09723376471127175,0.10753837759299105,1.0602345375035398,3.1725807927477314,6.407904234718653,8.31176592342744,47.0,False,False,False,0,0,1.116081723008809,False,True,KRAS_RAF1-RBD_norfitness_6VJJ,40257,1.0342709194904935
3,1,18,6.0,0.005,69,40257,0.003924783267506273,3.9577762217631722,0.7761257706549405,0.18868074108184185,10.0,0.1379621826011575,2.6843960018398056,-5729.492378110212,0.13172836661836718,0.14419599858394783,1.056518522815402,2.8361140985153623,6.018526801917338,8.31176592342744,19.5,False,False,False,0,0,1.2433283681914713,False,True,KRAS_RAF1-RBD_norfitness_6VJJ,40257,1.0197044222377676
3,2,18,6.0,0.02,215,40257,0.013860943438408227,4.438790998462112,0.7705511565194477,0.1935525977436388,10.0,0.1358404795010007,3.148169567932847,-9307.036516662629,0.13026312024789216,0.14141783875410924,1.0650756182585472,3.3530386489488206,6.664799593146785,8.31176592342744,64.5,False,False,False,0,0,1.941613245399622,False,True,KRAS_RAF1-RBD_norfitness_6VJJ,40257,1.0460338385526422
0,0,19,2.0,0.001,17,40257,0.0011923392205082347,1.7049885601242154,0.7638385003771235,0.1846087745175245,10.0,0.08801820344503129,3.0201717650001445,-6754.664044396748,0.08315408000929235,0.09288232688077024,1.0813996009416007,3.2660125414462464,6.830606058593895,8.31176592342744,75.5,False,False,False,0,0,1.184835748030416,False,True,KRAS_RAF1-RBD_norfitness_6VJJ,40257,0.9976979244413778
0,1,19,2.0,0.005,62,40257,0.0036763792632337235,1.684824255410089,0.7981243671737117,0.18582665455195083,10.0,0.10756801421924762,2.860752701119421,-6283.385687291884,0.10214826637040052,0.11298776206809473,1.1111196098982528,3.178638425283184,6.15041696274214,8.31176592342744,28.499999999999996,False,False,False,0,0,1.1337095532073376,False,True,KRAS_RAF1-RBD_norfitness_6VJJ,40257,1.0042798238431878
0,2,19,2.0,0.02,200,40257,0.012668604217899993,1.9340229995158404,0.7817534793977704,0.1946225837049088,10.0,0.1143159111441304,3.1442949184830233,-8655.405663463083,0.10910019489404235,0.11953162739421844,1.0832756784758428,3.406138211147842,7.166435858220364,8.31176592342744,88.0,False,False,False,0,0,1.762891141472014,False,True,KRAS_RAF1-RBD_norfitness_6VJJ,40257,1.0518164606166827
1,0,19,3.0,0.001,13,40257,0.000894254415381176,2.622402147633095,0.7682162372587162,0.18789053073376719,10.0,0.11646456389938938,2.626652384454261,-4890.884230497701,0.11051027808988076,0.12241884970889799,1.0655784440089044,2.79890416077905,5.9392737334119285,8.31176592342744,14.499999999999998,False,False,False,0,0,0.9475842202028937,False,True,KRAS_RAF1-RBD_norfitness_6VJJ,40257,1.015433816865912
1,1,19,3.0,0.005,59,40257,0.003999304468788037,2.8706085921450115,0.7934715573564534,0.18963440708244458,10.0,0.10108459645083513,2.8735435408961982,-6159.726260029973,0.09581415934980322,0.10635503355186704,1.1093760643906418,3.1878404242545737,6.520134349982077,8.31176592342744,55.00000000000001,False,False,False,0,0,1.1752607609813428,False,True,KRAS_RAF1-RBD_norfitness_6VJJ,40257,1.0248584058005659
1,2,19,3.0,0.02,234,40257,0.014929080656780187,2.8815982196335423,0.7583548766037599,0.1956712195881012,10.0,0.11838866698234934,3.135642806404102,-8648.89919693832,0.11311840605209801,0.12365892791260068,1.038360973752542,3.2559291177979173,6.874591580553199,8.31176592342744,77.0,False,False,False,0,0,1.366240634640811,False,True,KRAS_RAF1-RBD_norfitness_6VJJ,40257,1.0574836985195943
2,0,19,4.0,0.001,13,40257,0.000869414014953921,4.086157031597321,0.7527592117991213,0.18672984017582703,10.0,0.07588998810666633,2.9290838998806867,-5506.662391673104,0.07124314262431164,0.08053683358902103,1.0690977367739982,3.1314769681835988,6.206502029403992,8.31176592342744,31.5,False,False,False,0,0,0.9017714359807111,False,True,KRAS_RAF1-RBD_norfitness_6VJJ,40257,1.0091609917328594
2,1,19,4.0,0.005,56,40257,0.0036266984623792137,3.4307424166916727,0.7447035789902895,0.18758554998956437,10.0,0.09430114984641982,3.1535429247693068,-7900.315347599564,0.08949269838543998,0.09910960130739967,1.0318264636708063,3.2539090440988057,6.700443316335863,8.31176592342744,69.0,False,False,False,0,0,1.1393733446604366,False,True,KRAS_RAF1-RBD_norfitness_6VJJ,40257,1.0137855818008077
2,2,19,4.0,0.02,234,40257,0.013811262637553718,3.5321407338548783,0.7514710178631636,0.19838120727577632,10.0,0.12362450905156128,2.9764528902511316,-7532.026496295119,0.11809563522940968,0.1291533828737129,1.0218235428540943,3.0414096374547204,6.5820657325142164,8.31176592342744,56.99999999999999,False,False,False,0,0,1.1527683001967657,False,True,KRAS_RAF1-RBD_norfitness_6VJJ,40257,1.0721295304867986
3,0,19,6.0,0.001,10,40257,0.0007452120128176467,4.075968413037932,0.813053876706734,0.18893719418304908,10.0,0.11800554659476971,2.731253249547029,-5626.351083708112,0.11220820946618533,0.12380288372335409,1.1281971836998643,3.081392224110061,5.996295387507461,8.31176592342744,18.0,False,False,False,0,0,1.1699935736479818,False,True,KRAS_RAF1-RBD_norfitness_6VJJ,40257,1.021090394965552
3,1,19,6.0,0.005,59,40257,0.02570981444220881,5.722014261194848,0.7768136219735796,0.18913291238075267,10.0,0.14302884761143014,3.4960563327048737,-12247.376900216448,0.13769851911010694,0.14835917611275334,1.0478347105893469,3.6632891755838646,6.410936971896621,8.31176592342744,47.5,False,False,False,3,0,3.089978324032653,False,True,KRAS_RAF1-RBD_norfitness_6VJJ,40257,1.022148132552157
3,2,19,6.0,0.02,214,40257,0.01296668902302705,4.3253688655877065,0.7310326377203135,0.19764579247886274,10.0,0.11942667651967429,3.187025781704447,-9128.73441712212,0.11417405258560029,0.12467930045374828,1.0122185330546019,3.225966561564072,6.721877113540978,8.31176592342744,71.5,False,False,False,0,0,1.3937810097337422,False,True,KRAS_RAF1-RBD_norfitness_6VJJ,40257,1.0681550616761923
0,0,20,2.0,0.001,15,40257,0.0013662220234990188,1.6062654446128815,0.7958876248091156,0.18304863205817135,10.0,0.10523628371805438,3.178584056463585,-8545.500918502745,0.10023892598774965,0.11023364144835911,1.0903947866556682,3.4659114841147196,6.8852089075828,8.31176592342744,77.5,False,False,False,0,0,1.6012927868370794,False,True,KRAS_RAF1-RBD_norfitness_6VJJ,40257,0.9892663052098567
0,1,20,2.0,0.005,76,40257,0.004645154879896664,1.8817130168729088,0.7240758514403013,0.1852761528457375,10.0,0.13333053513418894,2.589415380144688,-4956.4702247215755,0.12701359882859287,0.139647471439785,0.987162830211671,2.55617461525726,5.796693935774662,8.31176592342744,10.5,False,False,False,0,0,1.0243892404846306,False,True,KRAS_RAF1-RBD_norfitness_6VJJ,40257,1.0013046976005382
0,2,20,2.0,0.02,259,40257,0.016643068286260776,1.9199391830968708,0.7570037222874502,0.1913416846066026,10.0,0.11993637144464138,2.7906803963405933,-6119.880473528785,0.11418832546256535,0.1256844174267174,1.055517538971499,2.9456121040014307,6.207574054933559,8.31176592342744,31.5,False,False,False,0,0,1.0172686802572102,False,True,KRAS_RAF1-RBD_norfitness_6VJJ,40257,1.0340852003922616
1,0,20,3.0,0.001,8,40257,0.0003974464068360782,2.1225728439653384,0.7643488579146354,0.19000923925486826,10.0,0.09740754482029762,2.8962530648645397,-6164.853489731759,0.09225492486972421,0.10256016477087103,1.053003082141339,3.04976340396366,6.276786409193335,8.31176592342744,38.0,False,False,False,0,0,0.9057847973869929,False,True,KRAS_RAF1-RBD_norfitness_6VJJ,40257,1.026884145267275
1,1,20,3.0,0.005,60,40257,0.0038999428670790175,3.1239419154033587,0.7533374459848575,0.19270984824981738,10.0,0.12391314396230427,2.7537892971076126,-5958.402809176361,0.11803222831861133,0.12979405960599721,1.038335981224206,2.8593585118969496,6.289789865402095,8.31176592342744,39.5,False,False,False,0,0,1.0296229778593755,False,True,KRAS_RAF1-RBD_norfitness_6VJJ,40257,1.0414792911157336
1,2,20,3.0,0.02,238,40257,0.01550040986660705,2.8316979210389666,0.8062812583904527,0.19068386458486822,10.0,0.11438816112485327,2.9001756996591794,-6809.260330855817,0.10887910617805788,0.11989721607164866,1.1467107504558367,3.3256626530099584,6.434109838115379,8.31176592342744,50.0,False,False,False,0,0,1.571911267812546,False,True,KRAS_RAF1-RBD_norfitness_6VJJ,40257,1.0305300840547222
2,0,20,4.0,0.001,16,40257,0.0011923392205082347,3.187961499841699,0.7550075761664793,0.1839008013794684,10.0,0.12531190939120854,2.6641406217726664,-5302.745715143363,0.11928100404524081,0.13134281473717627,1.02628072251846,2.7341561622036314,5.8586366927251445,8.31176592342744,11.5,False,False,False,0,0,1.2559758799327034,False,True,KRAS_RAF1-RBD_norfitness_6VJJ,40257,0.9938717610737652
2,1,20,4.0,0.005,50,40257,0.002856646049134312,3.8622125143142387,0.7762194238490545,0.18887291249293472,10.0,0.12552668135046982,2.8998139935383613,-7124.792864296818,0.11981070335303351,0.13124265934790613,1.0834700957716916,3.1418617452991,6.73059177420073,8.31176592342744,71.5,False,False,False,0,0,1.2340237990304097,False,True,KRAS_RAF1-RBD_norfitness_6VJJ,40257,1.0207429916041773
2,2,20,4.0,0.02,204,40257,0.013711901035844697,3.4837604694429034,0.7729908405384563,0.18656080363568708,10.0,0.140116338405325,2.6574999175535114,-5516.97018129006,0.13382585018130835,0.14640682662934165,1.0564135648971968,2.807418961616712,5.782418647499392,8.31176592342744,10.5,False,False,False,0,0,1.091930601743978,False,True,KRAS_RAF1-RBD_norfitness_6VJJ,40257,1.0082474522454048
3,0,20,6.0,0.001,14,40257,0.000869414014953921,3.464366165045523,0.7426234538845418,0.1891576083852224,10.0,0.11850125580142132,3.2707873903162175,-9796.324235245003,0.11333777067061758,0.12366474093222506,1.0210468116098048,3.339627036335928,7.40162849275168,8.31176592342744,92.5,False,False,False,0,0,1.6453650653738798,False,True,KRAS_RAF1-RBD_norfitness_6VJJ,40257,1.0222815994064052
3,1,20,6.0,0.005,55,40257,0.0031547308542613705,4.1122058860099875,0.7617693288624914,0.18752159116174308,10.0,0.11799554333938875,2.609590619707995,-4803.4749246436695,0.1119855206551165,0.124005566023661,1.0561500919983038,2.7561193730825093,5.806441085031439,8.31176592342744,11.0,False,False,False,0,0,0.9215295229039447,False,True,KRAS_RAF1-RBD_norfitness_6VJJ,40257,1.0134399233133724
3,2,20,6.0,0.02,230,40257,0.014755197853789403,4.111294015111394,0.7648545097806122,0.19060951325428646,10.0,0.13841338074478177,2.929500949020933,-7523.154590897728,0.13256984378145814,0.1442569177081054,1.0372570326090866,3.038645461406956,6.250942710490068,8.31176592342744,36.0,False,False,False,0,0,1.388731078539055,False,True,KRAS_RAF1-RBD_norfitness_6VJJ,40257,1.0301282604231274
0,0,21,2.0,0.001,9,40257,0.0005961696102541173,1.7770635336619593,0.7754660576703698,0.18627761108023236,10.0,0.12931494498843657,2.7989919807339674,-6363.066787632037,0.1234318440712308,0.13519804590564236,1.0516658519877293,2.9436042861254097,6.185910002429321,8.31176592342744,30.0,False,False,False,0,0,1.089400829543751,False,True,KRAS_RAF1-RBD_norfitness_6VJJ,40257,1.0067169690626152
0,1,21,2.0,0.005,61,40257,0.015152644260625481,1.5788763068057723,0.782601199427199,0.18509218976628972,10.0,0.09885094409811516,2.6971970894211936,-4852.150850765407,0.09339595256178343,0.1043059356344469,1.0982362321539016,2.962159568862402,5.792390986951986,8.31176592342744,10.5,False,False,False,0,0,0.9233190957196942,False,True,KRAS_RAF1-RBD_norfitness_6VJJ,40257,1.0003104892644576
0,2,21,2.0,0.02,253,40257,0.016146260277715676,1.8365581459510714,0.766807031804755,0.18818146352708792,10.0,0.13256366760391008,2.5732870052794037,-4850.419803025667,0.12621348035211039,0.13891385485570978,1.0616752755742707,2.7319951904617006,5.846254814297439,8.31176592342744,11.0,False,False,False,0,0,0.9799377195138265,False,True,KRAS_RAF1-RBD_norfitness_6VJJ,40257,1.0170061313174144
1,0,21,3.0,0.001,8,40257,0.001092977618799215,2.081012407907635,0.7506331393369204,0.18121893231569966,10.0,0.12570499456518386,2.629305070651123,-5096.778466456482,0.11958739632150882,0.13182259280885888,1.027594252286637,2.7018587781092043,5.933170891867934,8.31176592342744,14.499999999999998,False,False,False,0,0,1.1725189708506474,False,True,KRAS_RAF1-RBD_norfitness_6VJJ,40257,0.9793778931330969
1,1,21,3.0,0.005,57,40257,0.004024144869215292,2.985448786255988,0.7828046941271316,0.1923895703525589,10.0,0.14654979916961067,2.7881414180012114,-6663.329951087711,0.14034724223582967,0.15275235610339166,1.0582834612878451,2.9506439504023225,6.664361002813291,8.31176592342744,64.5,False,False,False,0,0,1.2232111470248779,False,True,KRAS_RAF1-RBD_norfitness_6VJJ,40257,1.039748384260551
1,2,21,3.0,0.02,260,40257,0.01773604590505999,2.8034128535114737,0.7348043480427461,0.1921283732256377,10.0,0.16258737233356202,2.762524993692713,-6686.848888221895,0.1561072663211761,0.16906747834594793,0.9978620959120107,2.7566189802155248,6.309173933688048,8.31176592342744,41.5,False,False,False,0,0,1.134239023919813,False,True,KRAS_RAF1-RBD_norfitness_6VJJ,40257,1.0383367729648234
2,0,21,4.0,0.001,11,40257,0.0006706908115358819,3.8731290985839784,0.7679381435449002,0.18646918999543857,10.0,0.09696901238320536,3.1544964530637656,-8068.800952274731,0.09208719108586262,0.1018508336805481,1.0745332158748775,3.389611218176502,6.723191056267638,8.31176592342744,71.5,False,False,False,0,0,1.342065212378361,False,True,KRAS_RAF1-RBD_norfitness_6VJJ,40257,1.0077523363498286
2,1,21,4.0,0.005,56,40257,0.004247708473060586,3.2719268603488367,0.7437530606890796,0.18521692050536112,10.0,0.12108492723791524,2.6145018698907623,-4909.925963099406,0.11502188342488741,0.12714797105094305,1.0360753526226256,2.708820946779586,5.932353278987655,8.31176592342744,14.499999999999998,False,False,False,0,0,1.0814465389388672,False,True,KRAS_RAF1-RBD_norfitness_6VJJ,40257,1.0009845828973893
2,2,21,4.0,0.02,244,40257,0.018009290309759795,3.34434246069305,0.7178151969585815,0.19531662860247662,10.0,0.13965740486119657,3.2516763459858877,-10251.097841403272,0.13412897752547154,0.1451858321969216,0.9849684397366103,3.2027985770341623,7.093293555685996,8.31176592342744,86.0,False,False,False,0,0,1.7335096224474806,False,True,KRAS_RAF1-RBD_norfitness_6VJJ,40257,1.0555673503324192
3,0,21,6.0,0.001,3,40257,0.00047196760811784287,2.8609439994471964,0.789371724502578,0.18783572081685115,10.0,0.11283357375732618,3.1236755604618995,-8381.316942951176,0.10764664848460972,0.11802049903004264,1.0720636276360418,3.34877895290683,6.728812799273835,8.31176592342744,71.5,False,False,False,0,0,1.457362911036296,False,True,KRAS_RAF1-RBD_norfitness_6VJJ,40257,1.0151376026665122
3,1,21,6.0,0.005,68,40257,0.0047196760811784285,4.219191681655519,0.7704110357324112,0.19454287926165037,10.0,0.11587347808363904,2.9822771250043774,-7477.4036177066155,0.11043596320168393,0.12131099296559415,1.0841220208861486,3.2331523036022793,6.671580358162539,8.31176592342744,66.0,False,False,False,0,0,1.2682746852372828,False,True,KRAS_RAF1-RBD_norfitness_6VJJ,40257,1.0513857066732932
3,2,21,6.0,0.02,245,40257,0.016220781478997442,4.483989401126944,0.7426787111557013,0.20056330498797678,10.0,0.165913569603432,2.9819459721233073,-8423.701925623318,0.15972268757886862,0.1721044516279954,0.9904113923247405,2.9533532620877967,6.3738412269711056,8.31176592342744,45.0,False,False,False,0,0,1.512454392808898,False,True,KRAS_RAF1-RBD_norfitness_6VJJ,40257,1.0839224388362552
0,0,22,2.0,0.001,8,40257,0.0005464888093996075,2.3080457869708386,0.74497696540012,0.17982377684904854,10.0,0.11979793752015683,2.62990587710005,-4942.202326993167,0.11381143902441283,0.12578443601590084,1.0172815508374449,2.675354729212849,5.728803561194449,8.31176592342744,9.0,False,False,False,0,0,1.0760748255126347,False,True,KRAS_RAF1-RBD_norfitness_6VJJ,40257,0.9718379280529499
0,1,22,2.0,0.005,56,40257,0.0032292520555431354,2.2017173953883735,0.7704198464742696,0.18837159818836,10.0,0.11710171150689493,2.9887510745971047,-7486.582248839433,0.11168377710924327,0.12251964590454659,1.0560385218898924,3.156236267114354,6.442637212759977,8.31176592342744,50.0,False,False,False,0,0,1.2220833491143683,False,True,KRAS_RAF1-RBD_norfitness_6VJJ,40257,1.0180336932922516
0,2,22,2.0,0.02,229,40257,0.03080209652979606,1.5230608198657631,0.7464542319704499,0.19429043279591318,10.0,0.10981096258733017,3.0967999997744844,-8144.139551232336,0.1046219082925866,0.11500001688207374,1.0463719908870244,3.240404781142964,6.76294907252094,8.31176592342744,72.5,False,False,False,0,0,1.2728865931836002,False,True,KRAS_RAF1-RBD_norfitness_6VJJ,40257,1.0500213873685538
1,0,22,3.0,0.001,10,40257,0.0006955312119631368,3.060140304977833,0.7593047701337526,0.18678158985057203,10.0,0.09519771086584387,2.8568665169791405,-5846.014651143516,0.09002241367878529,0.10037300805290246,1.0720903736703178,3.062819091714386,6.132481871020111,8.31176592342744,28.000000000000004,False,False,False,0,0,1.1104662291073666,False,True,KRAS_RAF1-RBD_norfitness_6VJJ,40257,1.009440667188257
1,1,22,3.0,0.005,58,40257,0.00335345405767941,3.0512328721932462,0.7344607450141832,0.18709540488576162,10.0,0.12337560848310332,2.760234974479803,-5973.917578451394,0.11752490678252663,0.12922631018368,1.0105297660685169,2.789299603055214,6.243687158651282,8.31176592342744,35.5,False,False,False,0,0,0.9873631233586799,False,True,KRAS_RAF1-RBD_norfitness_6VJJ,40257,1.011136646212469
1,2,22,3.0,0.02,208,40257,0.02734928087040763,3.1696039759320773,0.7382370752305158,0.1980780681452093,10.0,0.1771832930947787,2.905815342805984,-7942.733373952389,0.17073523677890765,0.18363134941064976,0.9922459070795137,2.8832833806280913,6.851727971474985,8.31176592342744,75.5,False,False,False,0,0,1.3464033174780445,False,True,KRAS_RAF1-RBD_norfitness_6VJJ,40257,1.070491248221104
2,0,22,4.0,0.001,10,40257,0.0006458504111086271,4.656968543904087,0.7771063252402152,0.18149584024862467,10.0,0.11591615731676777,2.772867767861309,-5827.208564145549,0.11024371973339779,0.12158859490013775,1.0592696650616524,2.9372147117227003,6.016661351651732,8.31176592342744,19.5,False,False,False,0,0,1.1053804742186517,False,True,KRAS_RAF1-RBD_norfitness_6VJJ,40257,0.9808744117610043
2,1,22,4.0,0.005,59,40257,0.003974464068360782,3.2718002170312155,0.7716292047040341,0.19102130404793716,10.0,0.1323744828785558,3.0709887965191722,-8527.437461705616,0.12679792003102341,0.13795104572608818,1.0303863759705563,3.1643050166915696,6.798558758623851,8.31176592342744,73.5,False,False,False,0,0,1.4103129131776113,False,True,KRAS_RAF1-RBD_norfitness_6VJJ,40257,1.032353738714737
2,2,22,4.0,0.02,240,40257,0.014904240256352933,3.679688225401715,0.750349306858595,0.19465988100383735,10.0,0.12876199035794764,3.04863696188244,-8271.594072465901,0.12321367007292199,0.1343103106429733,1.0233053894741397,3.1196866336443687,6.833059125351572,8.31176592342744,75.5,False,False,False,0,0,1.256119940904062,False,True,KRAS_RAF1-RBD_norfitness_6VJJ,40257,1.0520180297881672
3,0,22,6.0,0.001,11,40257,0.0005464888093996075,5.691006679194315,0.7560131395330261,0.18607637392716653,10.0,0.09749039353328014,2.9147159017514195,-6312.718353378412,0.09234953571907717,0.1026312513474831,1.0450326991450187,3.0459734260481928,6.4233090146272644,8.31176592342744,49.0,False,False,False,0,0,1.0194393083803908,False,True,KRAS_RAF1-RBD_norfitness_6VJJ,40257,1.0056294048855658
3,1,22,6.0,0.005,54,40257,0.003527336860670194,3.7593156989765104,0.7145761361341306,0.17815626337718798,10.0,0.11218816361432324,3.3708168006535666,-10435.919744328683,0.10720383568978878,0.1171724915388577,0.9877333660655353,3.3294682248998058,7.688956000958367,8.31176592342744,97.0,False,False,False,0,0,1.630674305861613,False,False,KRAS_RAF1-RBD_norfitness_6VJJ,40257,0.9628260339314417
3,2,22,6.0,0.02,263,40257,0.017065355093524106,4.282419742555337,0.7360155187242938,0.1952170964750548,10.0,0.12884392611908263,3.331098377384907,-10574.228282575205,0.12357443381968033,0.13411341841848493,1.004543849815352,3.3462343881319065,7.382138395819579,8.31176592342744,92.5,False,False,False,0,0,1.6894373439106802,False,True,KRAS_RAF1-RBD_norfitness_6VJJ,40257,1.0550294398392506
0,0,23,2.0,0.001,12,40257,0.0010432968179447052,1.643932170817972,0.759627281564157,0.18249925270549988,10.0,0.10969140573938879,2.8987203904951135,-6559.825294739392,0.10431182890649907,0.11507098257227852,1.045201677842612,3.0297474157420843,6.169815894323243,8.31176592342744,29.5,False,False,False,0,0,1.262638881948262,False,True,KRAS_RAF1-RBD_norfitness_6VJJ,40257,0.9862972446041312
0,1,23,2.0,0.005,67,40257,0.0038005812653699976,1.9541340112155725,0.7671771418112925,0.1840135709854449,10.0,0.1104912984789149,2.778189767058495,-5766.169739036995,0.10490900375386279,0.116073593203967,1.0597680857098937,2.944236851174397,6.027905827221275,8.31176592342744,21.0,False,False,False,0,0,1.1360418436526576,False,True,KRAS_RAF1-RBD_norfitness_6VJJ,40257,0.9944812120715137
0,2,23,2.0,0.02,235,40257,0.03989368308617135,1.5775327256372043,0.7706699995799067,0.18857903965717132,10.0,0.09923042823565585,2.970693069167621,-6819.3393459694635,0.09410314549506309,0.10435771097624862,1.1050703328939644,3.282824778870856,6.571816698414878,8.31176592342744,56.99999999999999,False,False,False,0,0,1.1345293547940785,False,True,KRAS_RAF1-RBD_norfitness_6VJJ,40257,1.0191547880149538
1,0,23,3.0,0.001,14,40257,0.0006955312119631368,3.3839437928696703,0.7617030577420273,0.18755088257884667,10.0,0.10983681671828278,2.838520454581018,-6224.007058917254,0.10432917056484103,0.11534446287172453,1.0636293042858413,3.0191335363071383,6.5061006182249,8.31176592342744,55.00000000000001,False,False,False,0,0,0.9894557993103792,False,True,KRAS_RAF1-RBD_norfitness_6VJJ,40257,1.0135982255724312
1,1,23,3.0,0.005,47,40257,0.0025834016444345083,3.15698442905844,0.753431417961182,0.18628747508928875,10.0,0.12006210617928627,2.863891330497949,-6590.084106900613,0.11444957451669466,0.12567463784187788,1.02072915908496,2.9232573894898795,6.117030392995176,8.31176592342744,26.0,False,False,False,0,0,1.0765000719952276,False,True,KRAS_RAF1-RBD_norfitness_6VJJ,40257,1.0067702780203718
1,2,23,3.0,0.02,255,40257,0.017462801500360187,2.6073456565104647,0.7461301498442832,0.191088829999573,10.0,0.1362606033818642,2.810200459888308,-6604.25495901535,0.13027126574268313,0.14224994102104524,1.0314733458809362,2.8986468709571382,6.470839174078328,8.31176592342744,51.0,False,False,False,0,0,1.1050675429472445,False,True,KRAS_RAF1-RBD_norfitness_6VJJ,40257,1.0327186753325606
2,0,23,4.0,0.001,15,40257,0.0011178180192264698,3.227986877812939,0.7279580586005199,0.18483713210212904,10.0,0.1022549496242141,3.475893288460732,-10867.745413712313,0.09752981047448647,0.10698008877394172,1.012119670706221,3.51801997052684,8.002142261008828,8.31176592342744,99.0,False,False,False,0,0,1.8657264580578814,False,False,KRAS_RAF1-RBD_norfitness_6VJJ,40257,0.9989320580235211
2,1,23,4.0,0.005,61,40257,0.004024144869215292,3.644607055096415,0.7729905775296463,0.1838129279656723,10.0,0.1305420936139835,2.6089217929421356,-5061.110771021864,0.12429708978499537,0.13678709744297163,1.0636286841812972,2.7749240537589546,5.818571934845954,8.31176592342744,11.0,False,False,False,0,0,1.1092313486746646,False,True,KRAS_RAF1-RBD_norfitness_6VJJ,40257,0.9933968588228453
2,2,23,4.0,0.02,218,40257,0.05700871898054997,2.286231379538658,0.7516270692170366,0.18968841628775565,10.0,0.1740876703186259,2.438354864874098,-4463.237121935992,0.166757884340218,0.18141745629703382,1.0752202758363962,2.6217685903969463,5.483860962939833,8.31176592342744,3.5000000000000004,False,False,False,0,0,1.1609928791192383,False,True,KRAS_RAF1-RBD_norfitness_6VJJ,40257,1.0251502926417002
3,0,23,6.0,0.001,8,40257,0.0003974464068360782,4.568510335715482,0.7739600709100688,0.18871301019058445,10.0,0.16822459288836247,2.9666915778567544,-8257.2058929755,0.16200376855199705,0.1744454172247279,1.001019243038337,2.9697153575943775,6.50909259786147,8.31176592342744,55.00000000000001,False,False,False,0,0,1.4893236430128332,False,True,KRAS_RAF1-RBD_norfitness_6VJJ,40257,1.01987881710551
3,1,23,6.0,0.005,49,40257,0.0028069652482798023,4.338880771272088,0.7747628438921639,0.18535320165494026,10.0,0.10958575551907931,2.8392168538267084,-6180.509791210934,0.10410375881493222,0.1150677522232264,1.0827408971249652,3.0741362034446515,6.046807947671963,8.31176592342744,21.5,False,False,False,0,0,1.0376792879214134,False,True,KRAS_RAF1-RBD_norfitness_6VJJ,40257,1.0017210994602177
3,2,23,6.0,0.02,227,40257,0.014630995851653129,4.246118433545266,0.763639156724968,0.19586427756920025,10.0,0.12909875664260598,2.9274252938816883,-7357.478109052347,0.12338481801517584,0.13481269527003611,1.0716596921227604,3.1372036891536306,6.335450018924665,8.31176592342744,42.5,False,False,False,0,0,1.3331818353974927,False,True,KRAS_RAF1-RBD_norfitness_6VJJ,40257,1.0585270592566056
0,0,24,2.0,0.001,12,40257,0.0007948928136721564,1.5023040655936848,0.7687684226298789,0.18134371932893545,10.0,0.12328221757376527,2.650071700486195,-5186.897635768633,0.1172505363807503,0.12931389876678023,1.0506643935113142,2.7843359759528252,6.100858794094538,8.31176592342744,24.5,False,False,False,0,0,1.061997172123809,False,True,KRAS_RAF1-RBD_norfitness_6VJJ,40257,0.9800522908935932
0,1,24,2.0,0.005,47,40257,0.0025337208435799985,1.950082223476309,0.7980487418337081,0.19264733817613622,10.0,0.10785713164227217,2.860740673075317,-6259.974737593235,0.10244888035170133,0.11326538293284302,1.0999554724848584,3.1466873587092126,6.230920034420384,8.31176592342744,34.5,False,False,False,0,0,1.1135098284285876,False,True,KRAS_RAF1-RBD_norfitness_6VJJ,40257,1.0411414622615451
0,2,24,2.0,0.02,275,40257,0.028243535285788806,1.31884643472936,0.718215747158833,0.18940333956037325,10.0,0.1276237232955433,2.723140145256945,-5829.14098877646,0.12162470006353807,0.13362274652754855,1.0031944828939392,2.7318391698687674,6.114815132725703,8.31176592342744,26.0,False,False,False,0,0,1.229323871870471,False,True,KRAS_RAF1-RBD_norfitness_6VJJ,40257,1.0236096266578687
1,0,24,3.0,0.001,10,40257,0.0005713292098268625,2.69947405924002,0.747227131764903,0.18349767501480238,10.0,0.1204403209752041,2.8571802400454698,-6672.9583631101705,0.1147576457371981,0.1261229962132101,1.0398717781141698,2.9711010966087534,6.670300057915373,8.31176592342744,65.5,False,False,False,0,0,1.036096813419286,False,True,KRAS_RAF1-RBD_norfitness_6VJJ,40257,0.9916931087406569
1,1,24,3.0,0.005,66,40257,0.004173187271778821,2.929702859505294,0.7894664707698705,0.19148172936355176,10.0,0.1257930834322799,2.590356186426052,-4814.5186422543775,0.11961179467199226,0.13197437219256755,1.0909609364281587,2.825977410825839,5.621629330330394,8.31176592342744,5.5,False,False,False,0,0,1.040289439382297,False,True,KRAS_RAF1-RBD_norfitness_6VJJ,40257,1.0348420569593573
1,2,24,3.0,0.02,209,40257,0.02501428323024567,2.0613516560439114,0.7239320769996117,0.19217474346227453,10.0,0.14038467089898504,2.6976314770470378,-5867.091640700819,0.13413544337015423,0.14663389842781585,1.0020417186810322,2.703139281628265,6.078886981556439,8.31176592342744,23.5,False,False,False,0,0,1.109389835590425,False,True,KRAS_RAF1-RBD_norfitness_6VJJ,40257,1.0385873758355122
2,0,24,4.0,0.001,7,40257,0.0003477656059815684,3.4780075579675467,0.7562187329624444,0.18475962441688581,10.0,0.0988203281817007,2.80109380289642,-5611.931418556691,0.0934825204145478,0.10415813594885359,1.0573186311007403,2.9616486652632092,6.126891044005403,8.31176592342744,26.5,False,False,False,0,0,1.000870590705055,False,True,KRAS_RAF1-RBD_norfitness_6VJJ,40257,0.998513176218485
2,1,24,4.0,0.005,59,40257,0.0036018580619519586,3.700500629286763,0.7690849422528958,0.18478665932720154,10.0,0.09871896885390428,3.177267711838633,-8293.91386338402,0.09383550369264407,0.1036024340151645,1.065794864280847,3.386315609722973,6.949696095603677,8.31176592342744,78.5,False,False,False,0,0,1.3809313941530779,False,True,KRAS_RAF1-RBD_norfitness_6VJJ,40257,0.9986592834334858
2,2,24,4.0,0.02,207,40257,0.012693444618327247,3.5533339879816315,0.7616935611491522,0.1904819259285909,10.0,0.16751734969181045,2.9023057003496358,-7705.534401184763,0.16122775071871967,0.17380694866490123,0.9927204415447412,2.8811781963489094,6.312292319248163,8.31176592342744,41.5,False,False,False,0,0,1.4243976123120956,False,True,KRAS_RAF1-RBD_norfitness_6VJJ,40257,1.0294387286803153
3,0,24,6.0,0.001,9,40257,0.0004222868072633331,5.597729439636745,0.7471014747753841,0.18558132716528736,10.0,0.09922053458179189,2.9053771717883228,-6288.0462362561375,0.09404316846921304,0.10439790069437074,1.030223160382786,2.9931868520237668,6.3772737561430946,8.31176592342744,45.5,False,False,False,0,0,1.042759815434844,False,True,KRAS_RAF1-RBD_norfitness_6VJJ,40257,1.002953978822427
3,1,24,6.0,0.005,61,40257,0.004222868072633331,4.001282179252816,0.8202290159279643,0.19093408920019547,10.0,0.11652976482727939,2.99252737972024,-7451.944566474005,0.11114664260072366,0.12191288705383513,1.1149175581564967,3.3364213189141494,6.518831396906545,8.31176592342744,55.00000000000001,False,False,False,0,0,1.554212977908961,False,True,KRAS_RAF1-RBD_norfitness_6VJJ,40257,1.0318823956120065
3,2,24,6.0,0.02,229,40257,0.015997217875152146,4.170097784455985,0.7772583803816026,0.19467105696102588,10.0,0.12696512572405685,3.0147834167824112,-7910.975913965434,0.12142412762832777,0.13250612381978594,1.054824253967077,3.1800666684798222,6.262799174151038,8.31176592342744,36.5,False,False,False,0,0,1.4240805969018673,False,True,KRAS_RAF1-RBD_norfitness_6VJJ,40257,1.0520784290260679
0,0,25,2.0,0.001,12,40257,0.0007700524132449015,1.6700987392899074,0.777244863410504,0.18090516707181764,10.0,0.1092469751427949,2.644682799362732,-4836.99878168662,0.10346312481751495,0.11503082546807485,1.0801412844243612,2.8566310757986764,5.799674712390012,8.31176592342744,10.5,False,False,False,0,0,0.927674374473089,False,True,KRAS_RAF1-RBD_norfitness_6VJJ,40257,0.9776821832005594
0,1,25,2.0,0.005,51,40257,0.015252005862334501,1.977130422707401,0.7362495899221452,0.18970449760818056,10.0,0.1317468891974492,2.8348588671346957,-6761.645405887422,0.12583980338732953,0.13765397500756887,1.0172420843369714,2.883737742805243,6.5060471205697405,8.31176592342744,55.00000000000001,False,False,False,0,0,1.6724135059050855,False,True,KRAS_RAF1-RBD_norfitness_6VJJ,40257,1.025237202378532
0,2,25,2.0,0.02,227,40257,0.035496932210547234,1.3702906345881711,0.7630876637139643,0.191551399379622,10.0,0.1042838098472399,2.8064818199471335,-5799.172144745768,0.09885467082510749,0.1097129488693723,1.082512095875198,3.0380505169466114,6.285208830421183,8.31176592342744,39.0,False,False,False,0,0,1.0463306432259345,False,True,KRAS_RAF1-RBD_norfitness_6VJJ,40257,1.0352185809388417
1,0,25,3.0,0.001,12,40257,0.0007948928136721564,2.168021544737946,0.8258407139556497,0.18634535081759113,10.0,0.08399012311165005,2.797786198825891,-4989.068997645198,0.0790075093058981,0.088972736917402,1.1511995227562328,3.2208101368623407,5.86054048950428,8.31176592342744,11.5,False,False,False,0,0,0.9699827966489241,False,True,KRAS_RAF1-RBD_norfitness_6VJJ,40257,1.007083061061989
1,1,25,3.0,0.005,56,40257,0.003552177261097449,3.32941040311724,0.8030992315731373,0.19063927189256144,10.0,0.10156825202441491,2.7569584694769578,-5309.360492437438,0.09615907401839725,0.10697743003043257,1.1124163900540716,3.066885788144556,5.857091648561275,8.31176592342744,11.5,False,False,False,0,0,1.0276609981189007,False,True,KRAS_RAF1-RBD_norfitness_6VJJ,40257,1.03028908772789
1,2,25,3.0,0.02,266,40257,0.015873015873015872,2.831557355203353,0.7611138818878374,0.19827293267249302,10.0,0.12608542953334517,2.9229507572854145,-7307.169244089688,0.12039596587919454,0.1317748931874958,1.077178173709225,3.148538758574699,6.798603987241901,8.31176592342744,73.5,False,False,False,0,0,1.366240634640811,False,True,KRAS_RAF1-RBD_norfitness_6VJJ,40257,1.071544372239322
2,0,25,4.0,0.001,10,40257,0.0007700524132449015,3.578809413054429,0.8021623421679214,0.18676999555823653,10.0,0.09359575309740076,3.0891880524758677,-7382.946080500813,0.08874509743347246,0.09844640876132905,1.1069568005738144,3.4195977229395393,6.669663112295619,8.31176592342744,65.5,False,False,False,0,0,1.2927868370794768,False,True,KRAS_RAF1-RBD_norfitness_6VJJ,40257,1.0093780071038232
2,1,25,4.0,0.005,49,40257,0.0032540924559703904,3.7608460266435264,0.7662757461878902,0.18476596347191485,10.0,0.12497551913876734,3.0759943121525484,-8467.610707618995,0.11948864374087136,0.1304623945366633,1.0620854312508978,3.266968745547848,7.0287668844699756,8.31176592342744,84.0,False,False,False,0,0,1.4543851917144115,False,True,KRAS_RAF1-RBD_norfitness_6VJJ,40257,0.9985474349478543
2,2,25,4.0,0.02,234,40257,0.014854559455498422,3.425798918562397,0.7915638499296711,0.1979542216012703,10.0,0.19319130698242704,2.6067696942210907,-5759.205972266209,0.18601518924651994,0.20036742471833413,1.0453402498728115,2.7249612835179478,5.81224774856116,8.31176592342744,11.0,False,False,False,0,0,1.3831120955423721,False,True,KRAS_RAF1-RBD_norfitness_6VJJ,40257,1.0698219331240284
3,0,25,6.0,0.001,16,40257,0.001092977618799215,4.8130006715460265,0.814542264037143,0.18289235305170812,10.0,0.0817768044350343,3.1511267852194376,-7277.721925861464,0.0772303322705775,0.08632327659949109,1.1583926699375142,3.65024217004196,6.77778334142999,8.31176592342744,73.0,False,False,False,0,0,1.6159835463493462,False,True,KRAS_RAF1-RBD_norfitness_6VJJ,40257,0.9884217124173981
3,1,25,6.0,0.005,51,40257,0.003105050053406861,4.306744696013442,0.7863901639268811,0.17924745411277276,10.0,0.12285905162748899,3.1167299845816685,-8701.067861111223,0.11746614856624023,0.12825195468873773,1.0709655307622037,3.337910382179981,7.077682207907252,8.31176592342744,85.0,False,False,False,0,0,1.6894373439106802,False,True,KRAS_RAF1-RBD_norfitness_6VJJ,40257,0.9687232548783217
3,2,25,6.0,0.02,238,40257,0.01671758948754254,4.044442382983383,0.7470072038936078,0.19039537343803134,10.0,0.13299524015412836,3.005089685963612,-8004.9551854562305,0.12733462568704976,0.13865585462120697,1.014570856921749,3.0488764178148116,6.446604787532046,8.31176592342744,50.0,False,False,False,0,0,1.2682746852372828,False,True,KRAS_RAF1-RBD_norfitness_6VJJ,40257,1.0289709652145094
0,0,26,2.0,0.001,6,40257,0.00047196760811784287,2.2743364672740203,0.7862373932106004,0.1868950063141932,10.0,0.10987641406616587,2.970918836614226,-7166.97494774175,0.10455090135601151,0.11520192677632023,1.084739433117963,3.222672814668394,6.363239603935844,8.31176592342744,44.5,False,False,False,0,0,1.265007764269212,False,True,KRAS_RAF1-RBD_norfitness_6VJJ,40257,1.0100536140573757
0,1,26,2.0,0.005,57,40257,0.0034279752589611743,2.3979167517950817,0.7601375360057763,0.1882103981828829,10.0,0.11632914780049707,3.1744142065522665,-8941.284019152605,0.11111530085285187,0.12154299474814226,1.0442609860188081,3.3149169093663815,7.082751005441585,8.31176592342744,85.0,False,False,False,0,0,1.6453650653738798,False,True,KRAS_RAF1-RBD_norfitness_6VJJ,40257,1.017162505499013
0,2,26,2.0,0.02,210,40257,0.013016369823881562,1.999766827830253,0.7472311672968319,0.19278734793330632,10.0,0.1116619323731286,2.8181125499305453,-6107.737264846277,0.10610516779553313,0.11721869695072408,1.045809577630807,2.94720909555894,6.152448402861236,8.31176592342744,28.499999999999996,False,False,False,0,0,1.1293788416370996,False,True,KRAS_RAF1-RBD_norfitness_6VJJ,40257,1.041898129676164
1,0,26,3.0,0.001,10,40257,0.0004968080085450977,2.732423746930107,0.7597131420227673,0.1812182698911211,10.0,0.07763449322738813,3.0113289987021115,-6123.558124718926,0.07303454020538455,0.08223444624939172,1.070879872866848,3.22477161529037,6.423452609474284,8.31176592342744,49.0,False,False,False,0,0,0.9483881723152157,False,True,KRAS_RAF1-RBD_norfitness_6VJJ,40257,0.9793743131319358
1,1,26,3.0,0.005,49,40257,0.00335345405767941,3.054186065614777,0.7653247509605534,0.18722757700342463,10.0,0.10337776868337603,3.0919228909590526,-7818.9236361965595,0.09832668762393962,0.10842884974281244,1.053739058428082,3.2580799158514253,6.745993928784708,8.31176592342744,72.0,False,False,False,0,0,1.2046422800058763,False,True,KRAS_RAF1-RBD_norfitness_6VJJ,40257,1.011850955961862
1,2,26,3.0,0.02,230,40257,0.014233549444817051,2.639213088492595,0.7406548841018175,0.19563077616516772,10.0,0.1634907948007526,2.5367031533110347,-5001.1018777563295,0.1565771279089308,0.1704044616925744,1.0027308140838695,2.5436304180086924,5.626136338726057,8.31176592342744,6.0,False,False,False,0,0,1.001091930601744,False,True,KRAS_RAF1-RBD_norfitness_6VJJ,40257,1.0572651264651323
2,0,26,4.0,0.001,7,40257,0.0003477656059815684,4.935220655245956,0.7825645928460488,0.18607250367264877,10.0,0.10887774410332288,2.793278916709378,-5829.593099292426,0.10334446582647894,0.11441102238016682,1.0838683522538617,3.027546616839245,6.031641891587735,8.31176592342744,21.0,False,False,False,0,0,1.0134185391139785,False,True,KRAS_RAF1-RBD_norfitness_6VJJ,40257,1.0056084885184564
2,1,26,4.0,0.005,69,40257,0.004173187271778821,3.5013680218303462,0.7292880813641897,0.18766546543388896,10.0,0.12270562247953408,2.9159798879607397,-7132.969508186798,0.11707806429462289,0.12833318066444527,1.0071859222642159,2.936933892759643,6.5145827289620195,8.31176592342744,55.00000000000001,False,False,False,0,0,1.0098234738421452,False,True,KRAS_RAF1-RBD_norfitness_6VJJ,40257,1.0142174760763742
2,2,26,4.0,0.02,227,40257,0.014829719055071168,3.7787394635003184,0.762829498904185,0.19303575047392627,10.0,0.1605410210477756,2.6880987029809944,-6052.11916579894,0.1539791388175616,0.1671029032779896,1.034972895299303,2.7821092974745407,5.926484181140179,8.31176592342744,14.000000000000002,False,False,False,0,0,1.1958351091463963,False,True,KRAS_RAF1-RBD_norfitness_6VJJ,40257,1.04324059403004
3,0,26,6.0,0.001,11,40257,0.0008197332140994113,3.446775575845335,0.7346773948602081,0.1873581831636869,10.0,0.11784769611162609,2.814878512484544,-6203.517145006626,0.11219469950650533,0.12350069271674684,1.0002594676957481,2.815608882525989,6.051657569727428,8.31176592342744,21.5,False,False,False,0,0,1.2426498759015874,False,True,KRAS_RAF1-RBD_norfitness_6VJJ,40257,1.0125568026658094
3,1,26,6.0,0.005,47,40257,0.002707603646570783,4.815968405484463,0.7698717985016912,0.1883169544708239,10.0,0.1091750817761532,3.0644388877194837,-7843.520913431828,0.1039759828600923,0.11437418069221411,1.0611643817702374,3.25187339775952,6.695090821836673,8.31176592342744,67.5,False,False,False,0,0,1.2221556057741088,False,True,KRAS_RAF1-RBD_norfitness_6VJJ,40257,1.0177383772992172
3,2,26,6.0,0.02,228,40257,0.032391882157140374,3.605560295826654,0.7649730002615872,0.19988851625259166,10.0,0.1612983173218476,3.20797600438102,-10214.174736757006,0.15543796009679978,0.16715867454689542,1.0320740921631866,3.3108689224028276,6.9837413729030455,8.31176592342744,82.0,False,False,False,1,0,2.115469369766417,False,True,KRAS_RAF1-RBD_norfitness_6VJJ,40257,1.0802756169422816
0,0,27,2.0,0.001,10,40257,0.0004968080085450977,1.899318421993557,0.7714988304867005,0.1816585921700692,10.0,0.11946619110065698,2.609612840669374,-4802.736373786407,0.1134469962327559,0.12548538596855807,1.0526150838437984,2.7469178390810463,5.75185152616687,8.31176592342744,10.0,False,False,False,0,0,1.102439506294803,False,True,KRAS_RAF1-RBD_norfitness_6VJJ,40257,0.981753986714299
0,1,27,2.0,0.005,60,40257,0.0034279752589611743,1.9150191970748722,0.7455689679950597,0.1903369910981204,10.0,0.10471397860697723,2.718260804944807,-5213.707204700884,0.09914042657194048,0.11028753064201398,1.0462686234572747,2.844030990587467,6.259386649300541,8.31176592342744,36.0,False,False,False,0,0,1.095173509058497,False,True,KRAS_RAF1-RBD_norfitness_6VJJ,40257,1.0286554442458806
0,2,27,2.0,0.02,234,40257,0.014159028243535286,2.0810516694954044,0.7591712578469566,0.19451180832383633,10.0,0.1070975467804677,3.144782345765613,-8399.36249420693,0.10201412697962615,0.11218096658130926,1.0612688124850973,3.337459425614771,6.897294018677132,8.31176592342744,78.0,False,False,False,0,0,1.3956221536653444,False,True,KRAS_RAF1-RBD_norfitness_6VJJ,40257,1.0512177871892463
1,0,27,3.0,0.001,11,40257,0.0011923392205082347,2.248405159519759,0.755331501232933,0.18899542223257904,10.0,0.10579941251330632,2.9583792772234387,-6905.820265954506,0.10055230467683542,0.11104652034977723,1.0375934808476117,3.0695950519217092,6.482884577704861,8.31176592342744,53.0,False,False,False,0,0,1.1760198557460062,False,True,KRAS_RAF1-RBD_norfitness_6VJJ,40257,1.0214050820886975
1,1,27,3.0,0.005,60,40257,0.04568149638572174,2.4616430461709973,0.7802156663403815,0.19205765135943906,10.0,0.1830399298293528,2.382510462865552,-4167.800075562438,0.1754330636351418,0.1906467960235638,1.0807141154769624,2.5748126874903536,5.653249635210588,8.31176592342744,7.000000000000001,False,False,False,0,0,1.206412214690355,False,True,KRAS_RAF1-RBD_norfitness_6VJJ,40257,1.0379545643763997
1,2,27,3.0,0.02,221,40257,0.015127803860198226,2.9760785656590945,0.7721828713280933,0.19586687030641917,10.0,0.1150802928183126,3.2363488292958023,-9404.562731076148,0.10994556623287216,0.12021501940375304,1.06421076653816,3.444157268409762,7.29589995752816,8.31176592342744,90.5,False,False,False,1,0,2.0273248126928163,False,True,KRAS_RAF1-RBD_norfitness_6VJJ,40257,1.0585410714212424
2,0,27,4.0,0.001,13,40257,0.001092977618799215,4.030716432093541,0.7720032322371101,0.18955089170309672,10.0,0.0933959520684016,2.957089996980044,-6499.5025341231085,0.08836780810467346,0.09842409603212973,1.082311749461975,3.200493247947978,6.707196401241938,8.31176592342744,69.5,False,False,False,0,0,1.198142739829216,False,True,KRAS_RAF1-RBD_norfitness_6VJJ,40257,1.0244070560700231
2,1,27,4.0,0.005,49,40257,0.00335345405767941,3.5988755777356194,0.7640359558333069,0.18856924828380012,10.0,0.11151065657883735,2.823809236953847,-6121.258354073216,0.105974628619338,0.1170466845383367,1.058759922890167,2.9897360499737964,6.394903471247058,8.31176592342744,47.0,False,False,False,0,0,1.0827378275281927,False,True,KRAS_RAF1-RBD_norfitness_6VJJ,40257,1.0191018716088112
2,2,27,4.0,0.02,238,40257,0.015326527063616266,3.545599512442798,0.7551915799923506,0.1961951250856006,10.0,0.12512462298735602,3.1658202611468846,-9118.879061627667,0.11975997276387867,0.13048927321083337,1.0441463153668273,3.305579560790166,7.088725961156624,8.31176592342744,85.0,False,False,False,0,0,1.498457470251212,False,True,KRAS_RAF1-RBD_norfitness_6VJJ,40257,1.0603150884620534
3,0,27,6.0,0.001,11,40257,0.000869414014953921,4.975264247461931,0.8223569450372106,0.19579822681339837,10.0,0.09944945460592881,2.875826810323734,-6125.955994202639,0.09421116545370989,0.10468774375814774,1.1413194975001624,3.282237210056179,6.237210876852894,8.31176592342744,35.5,False,False,False,0,0,1.2221556057741088,False,True,KRAS_RAF1-RBD_norfitness_6VJJ,40257,1.0581700951732702
3,1,27,6.0,0.005,56,40257,0.003701219663660978,3.8773868732492285,0.7460589873642212,0.18701708838548223,10.0,0.10345091251389217,3.2082198958826726,-8758.4227674898,0.0984924869726475,0.10840933805513685,1.040144917794949,3.3370136198710028,6.9500253294768,8.31176592342744,78.5,False,False,False,0,0,1.6453650653738798,False,True,KRAS_RAF1-RBD_norfitness_6VJJ,40257,1.0107133932550594
3,2,27,6.0,0.02,227,40257,0.014407432247807835,4.224684149218311,0.7339151034849759,0.2006831470135587,10.0,0.13077367765983566,3.092016622237265,-8629.066673277295,0.1252529197683588,0.13629443555131251,0.9992449006177748,3.0896818423959833,6.545286926988816,8.31176592342744,56.00000000000001,False,False,False,0,0,1.3584314913709299,False,True,KRAS_RAF1-RBD_norfitness_6VJJ,40257,1.084570111951991
0,0,28,2.0,0.001,12,40257,0.0005713292098268625,1.8060182318355704,0.8049126185012392,0.1829154747517196,10.0,0.08101709520806498,3.008780947871413,-6263.318607248773,0.0763431212123637,0.08569106920376626,1.132517218623205,3.4074962305298238,6.4015002548249,8.31176592342744,47.0,False,False,False,0,0,1.1899515204936095,False,True,KRAS_RAF1-RBD_norfitness_6VJJ,40257,0.988546671115441
0,1,28,2.0,0.005,69,40257,0.004347070074769605,1.912583605504847,0.7795920877244147,0.19450044003803885,10.0,0.08676020375863104,3.183848975597151,-7819.641927845951,0.08211293048667433,0.09140747703058776,1.106320663941761,3.5223579125729354,7.126838989229209,8.31176592342744,86.5,False,False,False,0,0,1.366240634640811,False,True,KRAS_RAF1-RBD_norfitness_6VJJ,40257,1.0511563485324207
0,2,28,2.0,0.02,220,40257,0.014258389845244305,2.0146036587452985,0.730556425242925,0.19378363214232075,10.0,0.12148979765324341,3.0743506803430467,-8262.879414540017,0.11609806797345673,0.1268815273330301,0.9934167148270875,3.054111353092811,6.8693779342321095,8.31176592342744,77.0,False,False,False,0,0,1.1693568537304482,False,True,KRAS_RAF1-RBD_norfitness_6VJJ,40257,1.0472824386836055
1,0,28,3.0,0.001,14,40257,0.0007700524132449015,3.313825829019206,0.7278723667503177,0.190093808068349,10.0,0.11749595722256574,2.9764641677414327,-7441.306067052094,0.11204132026465335,0.12295059418047813,0.9978153617256975,2.9699616701984946,6.87300312094694,8.31176592342744,77.0,False,False,False,0,0,1.0061133043492745,False,True,KRAS_RAF1-RBD_norfitness_6VJJ,40257,1.027341188167336
1,1,28,3.0,0.005,55,40257,0.0034528156593884294,2.446117043516525,0.792828812636751,0.18509611128189932,10.0,0.09914632807963542,2.8579862558653084,-6005.681500400184,0.0938832286625994,0.10440942749667143,1.1129828065596212,3.180889564161795,6.505968840033947,8.31176592342744,55.00000000000001,False,False,False,0,0,1.087116203907742,False,True,KRAS_RAF1-RBD_norfitness_6VJJ,40257,1.0003316826665298
1,2,28,3.0,0.02,238,40257,0.04369426435154135,2.10660716156813,0.7722015949407443,0.19942129105053538,10.0,0.1461635253336465,2.9590263909816477,-7984.8567995369085,0.14021238729310784,0.15211466337418514,1.0810997082055616,3.199002567862815,6.987330156298926,8.31176592342744,82.0,False,False,False,0,0,1.7041281034229467,False,True,KRAS_RAF1-RBD_norfitness_6VJJ,40257,1.0777505494553403
2,0,28,4.0,0.001,17,40257,0.0013662220234990188,3.6455777418105866,0.7626250242401638,0.18736885887877194,10.0,0.09327750515858445,3.3068582448597104,-9024.82718051551,0.0886191616699403,0.0979358486472286,1.0514985647483208,3.4771566982961364,7.2251658290712575,8.31176592342744,89.0,False,False,False,0,0,1.5866020273248127,False,True,KRAS_RAF1-RBD_norfitness_6VJJ,40257,1.0126144983999914
2,1,28,4.0,0.005,60,40257,0.0033782944581066646,3.7070750378242106,0.7451627596364437,0.18238949850279615,10.0,0.1401266897873973,2.9579811524426423,-7813.578963609936,0.13428600801090448,0.14596737156389014,1.004493808701724,2.971273753885024,6.650927768080964,8.31176592342744,63.0,False,False,False,0,0,1.2123942467586675,False,True,KRAS_RAF1-RBD_norfitness_6VJJ,40257,0.9857040900234649
2,2,28,4.0,0.02,230,40257,0.014978761457634698,3.552272506198402,0.7708273524428388,0.19414270795053623,10.0,0.1298266262937783,2.872772776834071,-6911.4870074724895,0.12404945834694092,0.1356037942406157,1.0553010739690245,3.031640196661972,6.588692604274815,8.31176592342744,57.49999999999999,False,False,False,0,0,1.2031190995157048,False,True,KRAS_RAF1-RBD_norfitness_6VJJ,40257,1.0492230246038032
3,0,28,6.0,0.001,20,40257,0.001316541222644509,4.434500583890805,0.7589384062055133,0.18760094731658333,10.0,0.10084923367070231,3.0531788672121376,-7464.59262505814,0.09579062597216967,0.10590784136923495,1.0626964225095166,3.2446022594679973,6.810188183153375,8.31176592342744,74.0,False,False,False,0,0,1.1899515204936095,False,True,KRAS_RAF1-RBD_norfitness_6VJJ,40257,1.0138687949701108
3,1,28,6.0,0.005,62,40257,0.004794197282460193,4.446776679766111,0.7655040719848822,0.1858903183907637,10.0,0.10647628116433902,3.385525339128197,-10256.228274430556,0.10162819440962835,0.11132436791904969,1.0555538860054223,3.5736044278865937,7.362643457130684,8.31176592342744,92.0,False,False,False,0,0,1.7922726604965478,False,True,KRAS_RAF1-RBD_norfitness_6VJJ,40257,1.0046238880948009
3,2,28,6.0,0.02,226,40257,0.032491243758849396,2.7477465507923897,0.7413781999374459,0.19399165310820057,10.0,0.13516307321706408,3.157503288646346,-9350.926092737733,0.12961135722402756,0.1407147892101006,1.0370595131174116,3.2745188231902063,6.858727586283466,8.31176592342744,76.0,False,False,False,0,0,1.7248535719227045,False,True,KRAS_RAF1-RBD_norfitness_6VJJ,40257,1.0484066652348136
0,0,29,2.0,0.001,12,40257,0.0010432968179447052,1.6943578106051849,0.732349602492336,0.19388584926781288,10.0,0.12402711314515681,3.0145331363118255,-7912.820760221977,0.11850586974713587,0.12954835654317776,1.005403949254032,3.0308235204050535,6.569452967586251,8.31176592342744,56.99999999999999,False,False,False,0,0,1.0882601724551504,False,True,KRAS_RAF1-RBD_norfitness_6VJJ,40257,1.0478348599550884
0,1,29,2.0,0.005,62,40257,0.00437191047519686,1.9859764170833758,0.7508309938118548,0.18623409336919852,10.0,0.12300789546719353,2.728165905865493,-5733.934360678075,0.11711381258228112,0.12890197835210593,1.0397872289402021,2.8367120673490174,6.104773652359968,8.31176592342744,25.0,False,False,False,0,0,1.0212461178446397,False,True,KRAS_RAF1-RBD_norfitness_6VJJ,40257,1.0064817823544625
0,2,29,2.0,0.02,218,40257,0.013786422237126462,2.0390351867664585,0.7597036264366142,0.19203669114061783,10.0,0.10941444396950133,3.193571815326189,-8901.65714187373,0.10432263796439048,0.11450624997461217,1.0695148723800054,3.4155725525049716,7.253352119458315,8.31176592342744,89.0,False,False,False,0,0,1.5866020273248127,False,True,KRAS_RAF1-RBD_norfitness_6VJJ,40257,1.0378412871669689
1,0,29,3.0,0.001,15,40257,0.0007452120128176467,2.9854323423066083,0.7386322675815484,0.19127326342040396,10.0,0.11276160555118059,2.954521637231625,-7152.8548009276565,0.10735462157791174,0.11816858952444943,1.0258916229078106,3.031018997335793,6.471229592348932,8.31176592342744,51.0,False,False,False,0,0,1.222660869854913,False,True,KRAS_RAF1-RBD_norfitness_6VJJ,40257,1.0337154255771879
1,1,29,3.0,0.005,62,40257,0.003502496460242939,2.804550568937728,0.7240646575806041,0.18163665557671566,10.0,0.11695223501796116,3.0781847274763092,-8207.177063510753,0.11162651960889866,0.12227795042702366,0.9999299931520808,3.0779692334662254,6.766084333424653,8.31176592342744,72.5,False,False,False,0,0,1.1483650786330306,False,True,KRAS_RAF1-RBD_norfitness_6VJJ,40257,0.9816354327955303
1,2,29,3.0,0.02,252,40257,0.016195941078570187,2.807235176867192,0.7370388113897305,0.19814053756880687,10.0,0.13548602337425691,2.857972417902877,-6954.693601056992,0.1295807032631564,0.14139134348535742,1.0105582910291322,2.8881477224443284,6.573762866337911,8.31176592342744,56.99999999999999,False,False,False,0,0,1.1693568537304482,False,True,KRAS_RAF1-RBD_norfitness_6VJJ,40257,1.070828857386363
2,0,29,4.0,0.001,16,40257,0.0012420200213627444,3.072614947166476,0.7604223907869553,0.18946794326634295,10.0,0.09563135276215562,3.2125257439355055,-8466.557363998523,0.09082190514923287,0.10044080037507837,1.0763709986529664,3.457869543198224,6.908882785396462,8.31176592342744,78.0,False,False,False,0,0,1.5278389892757456,False,True,KRAS_RAF1-RBD_norfitness_6VJJ,40257,1.023958770318703
2,1,29,4.0,0.005,56,40257,0.004222868072633331,3.731579653675511,0.7625011472732266,0.18687067293527626,10.0,0.10723938771521829,2.8770309555572697,-6341.81410270193,0.10187444134233226,0.11260433408810433,1.0454679788769057,3.007843738272751,6.08832037264455,8.31176592342744,24.0,False,False,False,0,0,1.1030569465111542,False,True,KRAS_RAF1-RBD_norfitness_6VJJ,40257,1.009922106973254
2,2,29,4.0,0.02,240,40257,0.01594753707429764,3.3175712056632745,0.7776818565369968,0.1954482096679951,10.0,0.13284952250222487,2.9150624825841054,-7275.78762457968,0.12708705964312264,0.1386119853613271,1.062384881366061,3.09691830973477,6.170363274290247,8.31176592342744,29.5,False,False,False,0,0,1.323696013674217,False,True,KRAS_RAF1-RBD_norfitness_6VJJ,40257,1.0562784658051625
3,0,29,6.0,0.001,11,40257,0.0007700524132449015,4.4188625990063555,0.7383213490429001,0.18874571832173875,10.0,0.10991625435415259,3.015810807234779,-7510.8299843626155,0.10464190753869548,0.11519060116960969,1.0174573295703415,3.0684588104184742,6.633908103066267,8.31176592342744,60.0,False,False,False,0,0,1.0136624063464081,False,True,KRAS_RAF1-RBD_norfitness_6VJJ,40257,1.0200555846218444
3,1,29,6.0,0.005,48,40257,0.0028814864495615667,4.600159419956766,0.786367093280204,0.19003663912344224,10.0,0.12706264276180726,2.9879796660177944,-7728.534870409087,0.12148117529164554,0.13264411023196898,1.056857183112646,3.1578677730254308,6.622062392094215,8.31176592342744,60.0,False,False,False,0,0,1.3432816977868678,False,True,KRAS_RAF1-RBD_norfitness_6VJJ,40257,1.0270322248592536
3,2,29,6.0,0.02,214,40257,0.012842487020890777,4.346745718164304,0.7887094861157588,0.1968071167319456,10.0,0.13248488954063492,2.9213829323392955,-7395.658411243319,0.1267053933763358,0.13826438570493405,1.0861347335767677,3.173015472892057,6.275309098727538,8.31176592342744,38.0,False,False,False,0,0,1.4296914633583915,False,True,KRAS_RAF1-RBD_norfitness_6VJJ,40257,1.0636225303587323
0,0,30,2.0,0.001,10,40257,0.0004968080085450977,1.8335053760691769,0.8055096887191839,0.1820631676814899,10.0,0.11158123365434208,3.0222952974500994,-7561.799330180045,0.10630912373515236,0.1168533435735318,1.0924055021655938,3.3015720121036884,6.442068983401602,8.31176592342744,50.0,False,False,False,0,0,1.2877324546453055,False,True,KRAS_RAF1-RBD_norfitness_6VJJ,40257,0.9839404708024967
0,1,30,2.0,0.005,64,40257,0.00437191047519686,1.9767431565101719,0.7938316005295901,0.18613819426710596,10.0,0.11794628518097663,2.9175890571147676,-7024.34328612691,0.11240147769084947,0.1234910926711038,1.1025873647978834,3.216896830047313,6.6010733826539685,8.31176592342744,57.99999999999999,False,False,False,0,0,1.2867223170225524,False,True,KRAS_RAF1-RBD_norfitness_6VJJ,40257,1.0059635061492085
0,2,30,2.0,0.02,235,40257,0.027225078868271357,1.9671598096829146,0.8154599059091959,0.18864285678914025,10.0,0.08724690578692172,2.9594702907376353,-6179.682076124998,0.08239574363291081,0.09209806794093263,1.1585998436427551,3.4288418161140033,6.3543346686142135,8.31176592342744,44.0,False,False,False,0,0,1.2728865931836002,False,True,KRAS_RAF1-RBD_norfitness_6VJJ,40257,1.0194996807226575
1,0,30,3.0,0.001,8,40257,0.0003974464068360782,2.7891661742555987,0.7612133795843034,0.18931564844026683,10.0,0.12531548104676693,2.7971922168047976,-6295.81989455322,0.11948258518088474,0.1311483769126491,1.0519618931386614,2.9425396198627034,6.221260841261463,8.31176592342744,33.0,False,False,False,0,0,1.459197441407226,False,True,KRAS_RAF1-RBD_norfitness_6VJJ,40257,1.0231357095932503
1,1,30,3.0,0.005,65,40257,0.004098666070497056,2.9125876517368083,0.7915562433847132,0.18913717778155265,10.0,0.09732822545528166,3.344707081346238,-9557.022956843779,0.092606811952102,0.10204963895846132,1.1145205098312014,3.7277446415380386,7.290141257672362,8.31176592342744,90.5,False,False,False,1,0,2.130160129278684,False,True,KRAS_RAF1-RBD_norfitness_6VJJ,40257,1.022171184444117
1,2,30,3.0,0.02,201,40257,0.013041210224308816,2.7647855460452355,0.8375767026389352,0.18849044930781975,10.0,0.11347995261278752,2.621458174334755,-4757.177986900497,0.10758996286176523,0.11936994236380982,1.168760088445022,3.063855687690414,5.683255887069956,8.31176592342744,9.0,False,False,False,0,0,1.184013638244325,False,True,KRAS_RAF1-RBD_norfitness_6VJJ,40257,1.018676011164262
2,0,30,4.0,0.001,15,40257,0.0007700524132449015,3.7067397166763656,0.7888862961933528,0.18483706143872272,10.0,0.10971951421711963,2.906551276398574,-6697.782733912754,0.1043160423973125,0.11512298603692676,1.1053502530356227,3.212757188828176,6.431687627345165,8.31176592342744,49.5,False,False,False,0,0,1.2340237990304097,False,True,KRAS_RAF1-RBD_norfitness_6VJJ,40257,0.9989316761308727
2,1,30,4.0,0.005,50,40257,0.00335345405767941,3.2832232436836173,0.7799445219677261,0.1938733022922528,10.0,0.13109127425510417,2.8746055479104275,-6962.5838632448285,0.1252864361020292,0.13689611240817914,1.057451878216169,3.039757035768501,6.288460642933611,8.31176592342744,39.5,False,False,False,0,0,1.2587699829734798,False,True,KRAS_RAF1-RBD_norfitness_6VJJ,40257,1.0477670511983972
2,2,30,4.0,0.02,218,40257,0.014606155451225874,3.3431107587616795,0.7462197765568361,0.18929296726152028,10.0,0.11737412349172419,2.808137680689107,-6148.606002093875,0.11171217697011664,0.12303607001333174,1.039925547296985,2.920254114475906,6.0558537813517415,8.31176592342744,21.5,False,False,False,0,0,0.9778655236151874,False,True,KRAS_RAF1-RBD_norfitness_6VJJ,40257,1.023013131644188
3,0,30,6.0,0.001,17,40257,0.0009687756166629406,3.1232195515481753,0.7581844190793599,0.19331161201919103,10.0,0.09241480069809412,3.038885499524008,-6966.649530398252,0.08753411791827193,0.0972954834779163,1.0520433085042382,3.1970391550847914,6.556175787212499,8.31176592342744,56.00000000000001,False,False,False,0,0,1.0127763063648325,False,True,KRAS_RAF1-RBD_norfitness_6VJJ,40257,1.0447314575703195
3,1,30,6.0,0.005,51,40257,0.003328613657252155,4.318021753066347,0.7985066583922493,0.18713300945819691,10.0,0.09645980028985242,3.0696335952018567,-7458.280005273351,0.0914848390178107,0.10143476156189414,1.1335391189797186,3.4795497610956585,6.834488502202682,8.31176592342744,75.5,False,False,False,0,0,1.4690759512266784,False,True,KRAS_RAF1-RBD_norfitness_6VJJ,40257,1.0113398760100027
3,2,30,6.0,0.02,234,40257,0.01530168666318901,4.516923515185924,0.7617765597188215,0.2023326429940135,10.0,0.10985876769108843,3.383570051027082,-10365.045369370928,0.10494976552404743,0.11476776985812943,1.0732808501677646,3.6315209409685334,7.343709433030253,8.31176592342744,92.0,False,False,False,1,0,2.0126340531805496,False,True,KRAS_RAF1-RBD_norfitness_6VJJ,40257,1.0934846325124312
0,0,31,2.0,0.001,9,40257,0.0006458504111086271,2.1194500867157533,0.7789601939793211,0.18922967619533043,10.0,0.11096193425189527,3.128988240492322,-8395.129799760034,0.10579987428426438,0.11612399421952616,1.0722512043273684,3.355061409194066,6.829763233296716,8.31176592342744,75.5,False,False,False,0,0,1.5278389892757456,False,True,KRAS_RAF1-RBD_norfitness_6VJJ,40257,1.022671082001432
0,1,31,2.0,0.005,61,40257,0.00437191047519686,2.059881652736233,0.7578104108084659,0.18550833963459468,10.0,0.09763966437313014,3.1755460308953114,-8276.448882641038,0.0927594790344835,0.10251984971177677,1.0578438286172829,3.3592317712727127,7.363077981275,8.31176592342744,92.0,False,False,False,0,0,1.425003672689878,False,True,KRAS_RAF1-RBD_norfitness_6VJJ,40257,1.0025595256981241
0,2,31,2.0,0.02,220,40257,0.014829719055071168,2.0481381264732694,0.700967962052117,0.20013218588858941,10.0,0.13875073411451413,3.0912553913441303,-8906.892579195497,0.13307021533073699,0.14443125289829128,0.9615662950892373,2.972446993829406,7.2028348396660755,8.31176592342744,88.5,False,False,False,0,0,1.189872250149887,False,True,KRAS_RAF1-RBD_norfitness_6VJJ,40257,1.0815925028309383
1,0,31,3.0,0.001,15,40257,0.000894254415381176,3.0185070587732765,0.7516061824115895,0.1935757580743451,10.0,0.09234820855108071,3.223199426768352,-8414.014366962452,0.0876088707819558,0.09708754632020562,1.0472157223851064,3.37538511609448,7.34417081776998,8.31176592342744,92.0,False,False,False,0,0,1.3221683561040105,False,True,KRAS_RAF1-RBD_norfitness_6VJJ,40257,1.0461590060260488
1,1,31,3.0,0.005,56,40257,0.004024144869215292,2.910019284390579,0.7663663643050782,0.18355307803665458,10.0,0.15367760846621847,2.9114339200937325,-7688.402216004964,0.14756713025721926,0.15978808667521768,1.016553411924492,2.9596280850639825,6.383834634740151,8.31176592342744,45.5,False,False,False,0,0,1.2971955929800387,False,True,KRAS_RAF1-RBD_norfitness_6VJJ,40257,0.9919925283107947
1,2,31,3.0,0.02,225,40257,0.016543706684551754,2.8441897581475213,0.7674798228334782,0.19913427739599227,10.0,0.11905410682645318,3.1146470138776983,-8519.184784426703,0.11374531192209222,0.12436290173081413,1.0578751586420254,3.2949077039197805,7.005476874662997,8.31176592342744,83.5,False,False,False,0,0,1.5131482297634786,False,True,KRAS_RAF1-RBD_norfitness_6VJJ,40257,1.0761994155605816
2,0,31,4.0,0.001,10,40257,0.0006458504111086271,3.0812510456884263,0.7805463709073059,0.1841847103935003,10.0,0.09767609151997178,3.1144579242302495,-7760.116472681722,0.09275804818048593,0.10259413485945763,1.0753125609927234,3.3490157266081106,6.766434188855927,8.31176592342744,72.5,False,False,False,0,0,1.3927961997878524,False,True,KRAS_RAF1-RBD_norfitness_6VJJ,40257,0.9954061162785495
2,1,31,4.0,0.005,53,40257,0.003080209652979606,3.6582570058566137,0.7729479000232375,0.1955898731350641,10.0,0.11108745128725214,3.0033646781498557,-7466.872181020997,0.10577330564157794,0.11640159693292634,1.067919401559965,3.207351409756131,6.590186576773592,8.31176592342744,57.99999999999999,False,False,False,0,0,1.196833693140931,False,True,KRAS_RAF1-RBD_norfitness_6VJJ,40257,1.0570440705140032
2,2,31,4.0,0.02,230,40257,0.0144819534490896,3.350030230241758,0.7442704509560794,0.19266931861026693,10.0,0.13382841621998234,2.750579364550558,-6080.730369582598,0.12780294322613617,0.13985388921382852,1.018107975749973,2.800386788982215,6.0263891664037565,8.31176592342744,21.0,False,False,False,0,0,1.0687890145036707,False,True,KRAS_RAF1-RBD_norfitness_6VJJ,40257,1.0412602531129975
3,0,31,6.0,0.001,13,40257,0.0009439352162356857,4.9930016688872385,0.7647097497830019,0.19134915187024237,10.0,0.12280296732722161,2.91501374076842,-7113.089348529931,0.11717911513590644,0.12842681951853677,1.0467960538603336,3.0514248807850315,6.300387658853934,8.31176592342744,40.0,False,False,False,0,0,1.166534105972806,False,True,KRAS_RAF1-RBD_norfitness_6VJJ,40257,1.034125556401634
3,1,31,6.0,0.005,54,40257,0.0038751024666517624,4.246039646317135,0.7972624746768395,0.18612766304411713,10.0,0.13602450092075147,2.681872373741376,-5671.4853657125495,0.12982471325890882,0.14222428858259412,1.0825608032591476,2.903289911155981,5.992846573400685,8.31176592342744,18.0,False,False,False,0,0,1.159126331082069,False,True,KRAS_RAF1-RBD_norfitness_6VJJ,40257,1.0059065913067518
3,2,31,6.0,0.02,222,40257,0.014506793849516855,4.400045980244101,0.8103095685099965,0.19370255378366177,10.0,0.12493084758204553,2.8969984079904,-6970.571146487375,0.11926645880356959,0.13059523636052148,1.1150998507872893,3.23044249248111,6.122749515917825,8.31176592342744,26.5,False,False,False,0,0,1.4897297024328042,False,True,KRAS_RAF1-RBD_norfitness_6VJJ,40257,1.0468442595647494
0,0,32,2.0,0.001,14,40257,0.0009687756166629406,1.2525519576280926,0.7589568954716446,0.1823174502009683,10.0,0.10083323853261826,2.7989069124939294,-5637.554182294349,0.09546503430681447,0.10620144275842205,1.0528893553247174,2.9469392947096287,6.196247328409879,8.31176592342744,31.5,False,False,False,0,0,0.9162812810649609,False,True,KRAS_RAF1-RBD_norfitness_6VJJ,40257,0.9853147128588039
0,1,32,2.0,0.005,59,40257,0.003328613657252155,2.001629794489898,0.7385293775644094,0.18879153646182906,10.0,0.09251789815687224,2.8786138509679917,-5890.871676420968,0.08743190092396812,0.09760389538977636,1.0290299620396859,2.962179901788507,6.276567589787842,8.31176592342744,38.0,False,False,False,0,0,0.9249254440938756,False,True,KRAS_RAF1-RBD_norfitness_6VJJ,40257,1.0203032037471504
0,2,32,2.0,0.02,237,40257,0.015574931067888815,2.0245220470845537,0.7496178984267389,0.19301993212134042,10.0,0.14442088634270506,2.843305373748653,-7071.635292189487,0.13832792656221365,0.15051384612319646,1.032111734297406,2.934608840436856,6.6386596519288785,8.31176592342744,60.0,False,False,False,0,0,1.1926773607849015,False,True,KRAS_RAF1-RBD_norfitness_6VJJ,40257,1.0431551054741237
1,0,32,3.0,0.001,8,40257,0.0003974464068360782,2.1186458040418303,0.7528794481162889,0.18685691384615488,10.0,0.09390636375348332,2.9411776258073483,-6373.033567533566,0.08886394348729933,0.09894878401966732,1.0554061930808003,3.10413708122776,6.126498452275268,8.31176592342744,26.5,False,False,False,0,0,1.1060583345826462,False,True,KRAS_RAF1-RBD_norfitness_6VJJ,40257,1.009847747481434
1,1,32,3.0,0.005,82,40257,0.006284621308095486,2.7960050243256207,0.7725255116888174,0.18922979761192174,10.0,0.12493118118165607,2.9442113747860805,-7419.303158272494,0.11929759500963337,0.13056476735367875,1.0582397477133303,3.1156815024683393,6.657385893909308,8.31176592342744,64.0,False,False,False,0,0,1.3515498751285442,False,True,KRAS_RAF1-RBD_norfitness_6VJJ,40257,1.022671738184116
1,2,32,3.0,0.02,253,40257,0.015748813870879598,2.8018231994982923,0.7214286642959288,0.19297512584105292,10.0,0.13535054076301634,3.0741428576066943,-8711.577109979757,0.12969786147285575,0.14100322005317692,1.0005688715686933,3.075891650076488,7.001564358346578,8.31176592342744,83.0,False,False,False,0,0,1.259050869344648,False,True,KRAS_RAF1-RBD_norfitness_6VJJ,40257,1.0429129548344176
2,0,32,4.0,0.001,15,40257,0.021834711975557045,3.638632376965338,0.7841932118750349,0.1865748394717865,10.0,0.16483334632250887,2.7482600472073613,-6553.748182929819,0.15831657028320809,0.17135012236180966,1.064002946569523,2.9241567881679287,5.946820021643555,8.31176592342744,15.5,False,False,False,0,0,1.3939221285137904,False,True,KRAS_RAF1-RBD_norfitness_6VJJ,40257,1.0083233073859894
2,1,32,4.0,0.005,72,40257,0.024219390416573516,2.2732974413451026,0.8091521395519026,0.19106728457631567,10.0,0.12770217367092232,2.6266120298793676,-5088.594020883698,0.12155970569919088,0.13384464164265375,1.1369056970230467,2.9862101806391217,5.7337872889043435,8.31176592342744,9.0,False,False,False,0,0,1.1991440364115782,False,True,KRAS_RAF1-RBD_norfitness_6VJJ,40257,1.0326022354497804
2,2,32,4.0,0.02,241,40257,0.014159028243535286,3.680032197937264,0.7725003806934974,0.195650530257952,10.0,0.14208776337287526,2.904048143383169,-7416.583410676278,0.13614496214266156,0.14803056460308897,1.0554251737676492,3.0650055163598,6.2918831047734445,8.31176592342744,40.0,False,False,False,0,0,1.3740468129931565,False,True,KRAS_RAF1-RBD_norfitness_6VJJ,40257,1.0573718852983547
3,0,32,6.0,0.001,18,40257,0.021213701964875674,3.0095143932135304,0.7655079019369176,0.18844526642435194,10.0,0.12990688375593384,3.005871192330045,-8019.867226546106,0.12426968747637356,0.13554408003549415,1.071174131918999,3.219811465104463,6.977630153308257,8.31176592342744,81.5,False,False,False,0,0,1.498457470251212,False,True,KRAS_RAF1-RBD_norfitness_6VJJ,40257,1.0184318252138709
3,1,32,6.0,0.005,51,40257,0.0029808480512705867,4.051906654464009,0.7808317507046838,0.18688691145161074,10.0,0.137254795421554,2.897609188170399,-7281.916066414677,0.13137984508075834,0.14312974576234966,1.0560779812987748,3.0601012620357766,6.516843869194789,8.31176592342744,55.00000000000001,False,False,False,0,0,1.3129821106187427,False,True,KRAS_RAF1-RBD_norfitness_6VJJ,40257,1.010009866258181
3,2,32,6.0,0.02,230,40257,0.03929751347591723,3.206197942874671,0.8159592478890199,0.19865302236319343,10.0,0.1495394783591522,3.074480643256093,-8932.03001761777,0.14369951437201892,0.1553794423462855,1.1136910505966895,3.4240215776270637,6.877342505375202,8.31176592342744,77.0,False,False,False,2,0,2.174232407815484,False,True,KRAS_RAF1-RBD_norfitness_6VJJ,40257,1.07359852538835
0,0,33,2.0,0.001,10,40257,0.0007452120128176467,1.9906793652757049,0.7670998338412244,0.1826244085565492,10.0,0.10877964338440817,2.6644014784802623,-4992.987623878027,0.103017345661037,0.11454194110777934,1.0812970173758656,2.8810093717725547,5.875177234433838,8.31176592342744,12.5,False,False,False,0,0,1.050940223777789,False,True,KRAS_RAF1-RBD_norfitness_6VJJ,40257,0.9869736357082374
0,1,33,2.0,0.005,49,40257,0.002856646049134312,2.341253097962681,0.7401865505362225,0.18103379856870505,10.0,0.10454460561673572,3.03136868579599,-7433.769529409357,0.09939423241549207,0.10969497881797936,1.0192699866038755,3.089783119762686,6.800506876052317,8.31176592342744,74.0,False,False,False,0,0,1.102726833574867,False,True,KRAS_RAF1-RBD_norfitness_6VJJ,40257,0.9783773580523386
0,2,33,2.0,0.02,243,40257,0.015574931067888815,2.260371581689135,0.7851340153976889,0.1948526552595966,10.0,0.10308072508356766,2.99538331092563,-7125.041381162475,0.09791307101478008,0.10824837915235525,1.1061001736143965,3.3131940002565052,6.768329200646175,8.31176592342744,72.5,False,False,False,0,0,1.439694432202145,False,True,KRAS_RAF1-RBD_norfitness_6VJJ,40257,1.053059857162621
1,0,33,3.0,0.001,7,40257,0.00032292520555431354,3.603738313128867,0.7623470953095693,0.19072945165322516,10.0,0.09478464529716993,3.073476549968977,-7358.266631724138,0.08987524379923553,0.09969404679510432,1.0654098777693302,3.2745122754293496,6.952357321209395,8.31176592342744,78.5,False,False,False,0,0,1.160570001469076,False,True,KRAS_RAF1-RBD_norfitness_6VJJ,40257,1.0307764543781262
1,1,33,3.0,0.005,56,40257,0.0034528156593884294,2.978611929132228,0.7823425479534378,0.1880305941989437,10.0,0.11655494307707993,2.57603526150357,-4539.875018503866,0.11050814350431282,0.12260174264984705,1.096008825755878,2.823357382066264,5.519751078621935,8.31176592342744,3.5000000000000004,False,False,False,0,0,0.966871883253642,False,True,KRAS_RAF1-RBD_norfitness_6VJJ,40257,1.0161907745395757
1,2,33,3.0,0.02,254,40257,0.015922696673870383,2.9144127584865696,0.7903214001912204,0.19274793238413923,10.0,0.12368231737497609,2.835995265043684,-6560.401562440151,0.11792712421565922,0.12943751053429295,1.0952713635221765,3.106184400886832,6.337059475770711,8.31176592342744,43.0,False,False,False,0,0,1.1815249075280994,False,True,KRAS_RAF1-RBD_norfitness_6VJJ,40257,1.041685112653016
2,0,33,4.0,0.001,6,40257,0.000447127207690588,2.16558805260419,0.7917129474816312,0.18362982560483737,10.0,0.1479259657037916,2.6677572391177153,-5743.074506026896,0.14152052775398866,0.15433140365359455,1.0607741750844697,2.829887984650717,5.953461077000524,8.31176592342744,15.5,False,False,False,0,0,1.2602593199536485,False,True,KRAS_RAF1-RBD_norfitness_6VJJ,40257,0.9924073021463397
2,1,33,4.0,0.005,61,40257,0.003924783267506273,3.297960151821783,0.7949835611323189,0.19147998061693514,10.0,0.13543459264460506,3.088234804820867,-8729.409878283594,0.12983145441343896,0.14103773087577115,1.0643463805257776,3.2869515367248208,6.754216286451203,8.31176592342744,72.5,False,False,False,0,0,1.5932532919238975,False,True,KRAS_RAF1-RBD_norfitness_6VJJ,40257,1.0348326060495923
2,2,33,4.0,0.02,220,40257,0.027920610080234495,2.443596413142907,0.7841487884691732,0.19707244175035563,10.0,0.15862238821694002,2.7036892068474,-6084.817169405054,0.15214081408245728,0.16510396235142277,1.0677972372507631,2.886991865456361,5.813697163401365,8.31176592342744,11.0,False,False,False,0,0,1.3872970233402457,False,True,KRAS_RAF1-RBD_norfitness_6VJJ,40257,1.0650564503923923
3,0,33,6.0,0.001,7,40257,0.0003477656059815684,4.818947627703608,0.7418271208927798,0.18442102302889876,10.0,0.11123517353223206,2.777752227677877,-5778.421674150275,0.10564130553645465,0.11682904152800946,1.0204573743072471,2.8345777447322726,6.2386603432338585,8.31176592342744,35.5,False,False,False,0,0,1.050265808013139,False,True,KRAS_RAF1-RBD_norfitness_6VJJ,40257,0.9966832420623727
3,1,33,6.0,0.005,58,40257,0.00335345405767941,4.043894871544395,0.7825261856463415,0.18490167490548523,10.0,0.0957287443424017,2.6935781073024656,-4774.378681362781,0.09031123374357766,0.10114625494122573,1.098730144180143,2.959515462196914,5.950202378867499,8.31176592342744,15.5,False,False,False,0,0,1.1743712914997004,False,True,KRAS_RAF1-RBD_norfitness_6VJJ,40257,0.9992808725428439
3,2,33,6.0,0.02,232,40257,0.014531634249944109,4.568206679753547,0.7409819845658581,0.1995876601733291,10.0,0.14064208340923268,3.2560274526041186,-10271.431283036363,0.1351133892004572,0.14617077761800815,1.010705456503957,3.2908847128736616,6.929415435729608,8.31176592342744,78.5,False,False,False,0,0,1.7663607434395612,False,True,KRAS_RAF1-RBD_norfitness_6VJJ,40257,1.0786496731775808
0,0,34,2.0,0.001,13,40257,0.0007700524132449015,2.493246128427717,0.7625707613979693,0.18808047639615666,10.0,0.1058018734050226,3.0383408818209054,-7523.045224703208,0.10063873845312542,0.11096500835691979,1.04657477702262,3.1798509309104244,6.909594019893036,8.31176592342744,78.0,False,False,False,0,0,1.060738827653,False,True,KRAS_RAF1-RBD_norfitness_6VJJ,40257,1.0164603574169662
0,1,34,2.0,0.005,42,40257,0.048811386839555854,2.280858830015703,0.7658192519932865,0.1824540324555977,10.0,0.14092912771549465,2.5437850896660703,-4807.135338886146,0.13436967353588627,0.14748858189510303,1.0845793299955555,2.758936728202711,5.941630421867199,8.31176592342744,14.499999999999998,False,False,False,0,0,1.1193066396224596,False,True,KRAS_RAF1-RBD_norfitness_6VJJ,40257,0.9860528567109335
0,2,34,2.0,0.02,223,40257,0.014978761457634698,1.926515460404511,0.7363737182964868,0.18985669009429315,10.0,0.10521485505220093,3.113521803722134,-8073.43626077642,0.10014241067232964,0.11028729943207223,1.0239034388994905,3.1879456819196377,7.0665989194097385,8.31176592342744,84.0,False,False,False,0,0,1.160570001469076,False,True,KRAS_RAF1-RBD_norfitness_6VJJ,40257,1.0260597100188484
1,0,34,3.0,0.001,12,40257,0.0006458504111086271,3.4924310040846267,0.7615848646736236,0.18350939480149883,10.0,0.10003777211087744,3.000266056490091,-7036.333696553251,0.0949394345477096,0.10513610967404528,1.0560410486455394,3.1684041125114124,6.7223407121657335,8.31176592342744,71.5,False,False,False,0,0,1.0745745514919525,False,True,KRAS_RAF1-RBD_norfitness_6VJJ,40257,0.9917564470456345
1,1,34,3.0,0.005,62,40257,0.017860247907196265,1.5353436249027317,0.7620489080049184,0.19045889856918463,10.0,0.12489730634494632,2.941993921441305,-7340.007162419672,0.11928512100125499,0.13050949168863765,1.045869733494747,3.0769423985609836,6.618823760818472,8.31176592342744,59.5,False,False,False,0,0,1.2659703829560407,False,True,KRAS_RAF1-RBD_norfitness_6VJJ,40257,1.0293142798357517
1,2,34,3.0,0.02,206,40257,0.014630995851653129,2.8019129324699508,0.737165953146915,0.19090034327367145,10.0,0.14969891926099227,2.7738486433843037,-6623.019884308131,0.14341903622879146,0.15597880229319308,1.0126267197590182,2.80887325285825,6.441480141751488,8.31176592342744,50.0,False,False,False,0,0,1.085708774953414,False,True,KRAS_RAF1-RBD_norfitness_6VJJ,40257,1.0317000194441381
2,0,34,4.0,0.001,12,40257,0.0009190948158084309,2.9933798934094535,0.7551418035292088,0.18328647222607602,10.0,0.1005474340050488,2.796480078518068,-5597.545966787584,0.09519000024006471,0.10590486777003288,1.0445358843723165,2.921023791944435,6.100638205482736,8.31176592342744,24.5,False,False,False,0,0,1.1058354274847337,False,True,KRAS_RAF1-RBD_norfitness_6VJJ,40257,0.9905516863759875
2,1,34,4.0,0.005,40,40257,0.00218595523759843,3.0797646208493186,0.7355482889987904,0.19406813347382043,10.0,0.12732368670831956,2.7050858143125525,-5647.4390998107265,0.12132179402260126,0.13332557939403786,1.0008859857557661,2.7074824818121583,5.944964480533178,8.31176592342744,15.0,False,False,False,0,0,1.299285393033831,False,True,KRAS_RAF1-RBD_norfitness_6VJJ,40257,1.048819995003341
2,2,34,4.0,0.02,251,40257,0.016220781478997442,3.3817656368071747,0.7399717543942476,0.19377544660395163,10.0,0.14004833950615414,3.0752043046833664,-8805.03256532576,0.1343316802770272,0.1457649987352811,1.018114682943067,3.1309106556478605,6.945644893836386,8.31176592342744,78.5,False,False,False,0,0,1.425003672689878,False,True,KRAS_RAF1-RBD_norfitness_6VJJ,40257,1.0472382008370424
3,0,34,6.0,0.001,12,40257,0.0005961696102541173,4.736539259213664,0.7652479853321867,0.1850918795986377,10.0,0.10276263021570016,2.9328827171207243,-6665.467272035603,0.09752287707712376,0.10800238335427656,1.06257928412092,3.116420417968758,6.748544814752003,8.31176592342744,72.0,False,False,False,0,0,1.1360418436526576,False,True,KRAS_RAF1-RBD_norfitness_6VJJ,40257,1.000308812997317
3,1,34,6.0,0.005,52,40257,0.003129890453834116,4.616332124697197,0.7393134343171829,0.18253140716137117,10.0,0.1329734617176265,2.847795320055738,-6889.222638988256,0.1270680669280809,0.1388788565071721,1.0117988076556894,2.8813959092798482,6.622239058047924,8.31176592342744,60.0,False,False,False,0,0,1.113526189121178,False,True,KRAS_RAF1-RBD_norfitness_6VJJ,40257,0.9864710198429743
3,2,34,6.0,0.02,200,40257,0.013140571826017836,4.6117079931588325,0.7492403037156532,0.19858301795776964,10.0,0.11321200904485315,3.378372881239505,-10432.700625432102,0.1082497885148674,0.1181742295748389,1.0414375073301088,3.518364232269708,7.132637470842724,8.31176592342744,86.5,False,False,False,0,0,1.762891141472014,False,True,KRAS_RAF1-RBD_norfitness_6VJJ,40257,1.0732201942381887
0,0,35,2.0,0.001,14,40257,0.000869414014953921,2.263826704697597,0.7326199763267192,0.18565251479507058,10.0,0.10994990036117444,2.8930654603232964,-6592.7739403113665,0.10452887637096629,0.11537092435138259,1.0150444694196168,2.9365900951700796,6.299683013532522,8.31176592342744,40.0,False,False,False,0,0,1.345926407142738,False,True,KRAS_RAF1-RBD_norfitness_6VJJ,40257,1.0033387045791862
0,1,35,2.0,0.005,60,40257,0.017264078296942147,1.2002144740175273,0.7623866790044042,0.18440481814773863,10.0,0.10881288976399245,2.9294564663122764,-6810.253559024277,0.10346817489898211,0.11415760462900279,1.058296526134233,3.1002336017597476,6.5494732454332425,8.31176592342744,56.00000000000001,False,False,False,0,0,1.2191191898137035,False,True,KRAS_RAF1-RBD_norfitness_6VJJ,40257,0.9965956645550654
0,2,35,2.0,0.02,231,40257,0.0338077849814939,1.6554122691081103,0.7205798136478725,0.1938526371768657,10.0,0.13985512117944904,3.087081905939901,-8934.212714282534,0.13414261831275312,0.14556762404614496,0.9958425360703179,3.0742474742679815,7.273003434794879,8.31176592342744,89.5,False,False,False,0,0,1.5866020273248127,False,True,KRAS_RAF1-RBD_norfitness_6VJJ,40257,1.04765536884319
1,0,35,3.0,0.001,8,40257,0.00047196760811784287,1.9240442761657783,0.8094806353548307,0.18685976216904912,10.0,0.11630533980930405,2.799375049007764,-6083.026603805716,0.110639359030795,0.1219713205878131,1.111539224736261,3.111615171720122,6.309189664296613,8.31176592342744,41.5,False,False,False,0,0,1.1622008024719828,False,True,KRAS_RAF1-RBD_norfitness_6VJJ,40257,1.0098631409308905
1,1,35,3.0,0.005,58,40257,0.003129890453834116,2.7550086399860847,0.7688597413478728,0.1907213921451543,10.0,0.10954338191874215,3.123485455833539,-8313.411869038973,0.10439735071466565,0.11468941312281865,1.0634372578398728,3.3216308080543437,6.966116906658397,8.31176592342744,81.0,False,False,False,0,0,1.5866020273248127,False,True,KRAS_RAF1-RBD_norfitness_6VJJ,40257,1.0307328976485215
1,2,35,3.0,0.02,216,40257,0.014059666641826266,2.7101821623355598,0.7666131586128305,0.197282074606174,10.0,0.13339921089970389,3.018858150997784,-8155.589766474441,0.12773694307935765,0.13906147872005012,1.049580870713326,3.1685357666842755,6.630311476977574,8.31176592342744,60.0,False,False,False,0,0,1.3594715816113583,False,True,KRAS_RAF1-RBD_norfitness_6VJJ,40257,1.0661893882264217
2,0,35,4.0,0.001,3,40257,0.00014904240256352933,3.4417172140924315,0.7778187882875461,0.18608898360875104,10.0,0.11567222243302541,2.8145384482609614,-6199.9290381943865,0.11002909238055346,0.12131535248549737,1.0769392082724234,3.031086808122455,6.4751627185491,8.31176592342744,51.0,False,False,False,0,0,1.0496221795681429,False,True,KRAS_RAF1-RBD_norfitness_6VJJ,40257,1.0056975525301055
2,1,35,4.0,0.005,59,40257,0.003502496460242939,3.1652320432634156,0.8308419884830188,0.19098580353693925,10.0,0.087945070821212,2.678956120954181,-4386.6958135589375,0.08270344642901935,0.09318669521340466,1.1772824406465983,3.1538880004620817,5.521956849548999,8.31176592342744,3.5000000000000004,False,False,False,0,0,1.0416216449842244,False,True,KRAS_RAF1-RBD_norfitness_6VJJ,40257,1.032161880087043
2,2,35,4.0,0.02,208,40257,0.013488337431999405,3.69897095706945,0.7478543610892422,0.18894652640179313,10.0,0.12714844747892926,3.072620264968604,-8439.652736435179,0.12164506240151148,0.13265183255634705,1.0342872401701453,3.1779719339452384,6.834805575631584,8.31176592342744,75.5,False,False,False,0,0,1.4837667107389452,False,True,KRAS_RAF1-RBD_norfitness_6VJJ,40257,1.021140829920747
3,0,35,6.0,0.001,6,40257,0.0004222868072633331,4.088771782118213,0.8065307030413879,0.19157649841582408,10.0,0.09887160778723203,3.031696948472472,-7190.774324534839,0.09384557079174881,0.10389764478271525,1.1152239376030115,3.3810210084945047,6.699168824698836,8.31176592342744,69.0,False,False,False,0,0,1.2780960775672103,False,True,KRAS_RAF1-RBD_norfitness_6VJJ,40257,1.035354225933993
3,1,35,6.0,0.005,60,40257,0.003726060064088233,5.467315582581266,0.8159580865088514,0.19029527485685876,10.0,0.11945859903990434,2.9793058105675074,-7544.24459809094,0.1139639605188436,0.12495323756096509,1.1205728118987899,3.3385290896540356,6.775897808892492,8.31176592342744,73.0,False,False,False,0,0,1.6012927868370794,False,True,KRAS_RAF1-RBD_norfitness_6VJJ,40257,1.0284299933840186
3,2,35,6.0,0.02,226,40257,0.013860943438408227,4.81172289799417,0.7893264801105616,0.19705138981871234,10.0,0.1308193553109254,3.233743221264622,-9785.753443913767,0.1254423919333203,0.1361963186885305,1.077382332566986,3.483977814648758,6.84301549374813,8.31176592342744,75.5,False,False,False,1,0,2.0292394963796525,False,True,KRAS_RAF1-RBD_norfitness_6VJJ,40257,1.0649426775310487
0,0,36,2.0,0.001,11,40257,0.0006706908115358819,3.024787958161427,0.7413018980004352,0.184531830184633,10.0,0.09888008713372191,3.0278186281232533,-7187.986541995109,0.09383990755764125,0.10392026670980258,1.027461278665874,3.11096639921987,6.865114843433306,8.31176592342744,77.0,False,False,False,0,0,1.0094448053570535,False,True,KRAS_RAF1-RBD_norfitness_6VJJ,40257,0.9972820872124921
0,1,36,2.0,0.005,63,40257,0.003726060064088233,1.9852962228648328,0.8130220488552194,0.19109704706595015,10.0,0.17354888880724667,2.560054055515778,-5276.214787351084,0.16654030237584683,0.18055747523864651,1.0779409590179345,2.75958712374043,5.881654267938112,8.31176592342744,13.0,False,False,False,0,0,1.32649347174824,False,True,KRAS_RAF1-RBD_norfitness_6VJJ,40257,1.0327630835687938
0,2,36,2.0,0.02,239,40257,0.015873015873015872,1.7796239263740776,0.7115200149050032,0.19203175792751895,10.0,0.120565421147688,2.8693827650220203,-6670.510291286264,0.11493757807741975,0.12619326421795626,0.9761452594498098,2.8009343836232325,6.053678616268039,8.31176592342744,21.5,False,False,False,0,0,0.9049893667061966,False,True,KRAS_RAF1-RBD_norfitness_6VJJ,40257,1.0378146261565027
1,0,36,3.0,0.001,10,40257,0.0005464888093996075,3.330123322290127,0.7569388181606397,0.18592781568639294,10.0,0.12606696789776448,2.7824290895008197,-6175.64859027206,0.12020971186234283,0.13192422393318612,1.031822477236806,2.8709728758644864,5.998242586957149,8.31176592342744,18.0,False,False,False,0,0,1.1393733446604366,False,True,KRAS_RAF1-RBD_norfitness_6VJJ,40257,1.0048265381265733
1,1,36,3.0,0.005,50,40257,0.003974464068360782,2.627571821095186,0.7426005229256231,0.18767498464684174,10.0,0.13388010068475875,2.6197120499995745,-5205.154837009468,0.12758821364394615,0.14017198772557135,1.0287049545028717,2.6949107652054365,5.818283829962538,8.31176592342744,11.0,False,False,False,0,0,1.2565881805976182,False,True,KRAS_RAF1-RBD_norfitness_6VJJ,40257,1.0142689216213117
1,2,36,3.0,0.02,237,40257,0.01691631269096058,2.955119313186478,0.7832123002570519,0.1881309080427869,10.0,0.12784969323953213,2.71854181215611,-5729.183816151868,0.12187086184918287,0.13382852462988137,1.0844719184295177,2.9481822543597946,5.990486187010435,8.31176592342744,18.0,False,False,False,0,0,1.1143426901902067,False,True,KRAS_RAF1-RBD_norfitness_6VJJ,40257,1.0167329097336189
2,0,36,4.0,0.001,14,40257,0.0006955312119631368,4.4579777971717665,0.7455951966037688,0.18145238830567584,10.0,0.11076456476329997,2.9285110951437434,-6880.484659631038,0.10537069772407072,0.11615843180252923,1.0303739850890319,3.017461647480704,6.450289366163829,8.31176592342744,50.0,False,False,False,0,0,1.2659703829560407,False,True,KRAS_RAF1-RBD_norfitness_6VJJ,40257,0.9806395804892715
2,1,36,4.0,0.005,60,40257,0.01875450232257744,3.180503225020403,0.7405317715341413,0.18057374893886685,10.0,0.1785032072090832,2.680451553416501,-6140.520550700807,0.1716930900326989,0.1853133243854675,0.975467819472895,2.614694232013928,5.784872826646227,8.31176592342744,10.5,False,False,False,0,0,1.1541488696496178,False,True,KRAS_RAF1-RBD_norfitness_6VJJ,40257,0.9758910701603943
2,2,36,4.0,0.02,224,40257,0.013885783838835482,3.5945218400708097,0.7568803419762937,0.19437968906481418,10.0,0.15188172428180152,2.7076173783734054,-6084.439215492515,0.14548339492828616,0.1582800536353169,1.0306141594135805,2.7905088084259093,5.990122332460165,8.31176592342744,18.0,False,False,False,0,0,1.1395180898496764,False,True,KRAS_RAF1-RBD_norfitness_6VJJ,40257,1.0505037631085945
3,0,36,6.0,0.001,15,40257,0.0008445736145266661,3.5209970576151797,0.774886703164477,0.18472378103135073,10.0,0.14260437229637243,2.846583841092178,-6938.599076912244,0.13659045242769471,0.14861829216505015,1.0322119881104213,2.9382779659367566,6.115377422090213,8.31176592342744,26.0,False,False,False,0,0,1.3059483950493895,False,True,KRAS_RAF1-RBD_norfitness_6VJJ,40257,0.9983194645628675
3,1,36,6.0,0.005,56,40257,0.0036515388628064684,3.975959087640762,0.7773235222685646,0.18855679024141322,10.0,0.10865157476513014,3.057194499553014,-7819.320710788656,0.10343126001388353,0.11387188951637675,1.0874781585778537,3.324632244788255,6.774755215287325,8.31176592342744,73.0,False,False,False,0,0,1.6012927868370794,False,True,KRAS_RAF1-RBD_norfitness_6VJJ,40257,1.0190345434817247
3,2,36,6.0,0.02,239,40257,0.01661822788583352,4.089669166465544,0.7766179510936253,0.1963783693960372,10.0,0.13240381310494959,3.1275406835887343,-8995.186708078545,0.12688045649409632,0.13792716971580285,1.0654967637024082,3.3323844767114137,6.6616970132586175,8.31176592342744,64.5,False,False,False,0,0,1.858598902365909,False,True,KRAS_RAF1-RBD_norfitness_6VJJ,40257,1.0613054122896508
0,0,37,2.0,0.001,17,40257,0.0010432968179447052,1.6753026832718936,0.8272033435330626,0.18452956805770376,10.0,0.08987775171227973,2.8490004395990116,-5604.464172397391,0.08480237245196776,0.0949531309725917,1.1612376981939556,3.3083667126335237,6.410653921383333,8.31176592342744,47.5,False,False,False,0,0,1.2487145585426767,False,True,KRAS_RAF1-RBD_norfitness_6VJJ,40257,0.9972698617949949
0,1,37,2.0,0.005,57,40257,0.0043222296743423505,1.9414222508725727,0.7446124424530115,0.18707608809579374,10.0,0.11713743138215679,3.2581062112311816,-9629.727881513914,0.11199420545819008,0.1222806573061235,1.0138405951989238,3.303200340415932,7.51383517009517,8.31176592342744,93.0,False,False,False,0,0,1.6159835463493462,False,True,KRAS_RAF1-RBD_norfitness_6VJJ,40257,1.0110322507344738
0,2,37,2.0,0.02,215,40257,0.013811262637553718,1.9818515143596689,0.7602633396483185,0.18298421847858412,10.0,0.12036869045886274,3.063075002323991,-8155.923420737003,0.11498223513933649,0.12575514577838898,1.0298468856512968,3.154498251659701,7.166122808493951,8.31176592342744,88.0,False,False,False,0,0,1.2927868370794768,False,True,KRAS_RAF1-RBD_norfitness_6VJJ,40257,0.9889181890662554
1,0,37,3.0,0.001,10,40257,0.0008197332140994113,2.798842493908143,0.7306649304941126,0.18732999081240614,10.0,0.1038096731079086,3.2441281046261827,-9033.722719890764,0.09888590764616609,0.10873343856965112,1.0143823017433589,3.2907861339210274,7.084347363501724,8.31176592342744,85.0,False,False,False,0,0,1.3515498751285442,False,True,KRAS_RAF1-RBD_norfitness_6VJJ,40257,1.0124044401877448
1,1,37,3.0,0.005,54,40257,0.003105050053406861,2.607671886932933,0.7688168504866854,0.18711825742564436,10.0,0.13303853930820522,2.423632597872463,-3846.110209130158,0.12636177292430162,0.13971530569210883,1.0593993922405673,2.567594901200515,5.3078501279523715,8.31176592342744,2.0,False,False,False,0,0,1.2009715529639753,False,True,KRAS_RAF1-RBD_norfitness_6VJJ,40257,1.011260150264044
1,2,37,3.0,0.02,223,40257,0.01428323024567156,2.769759506170271,0.7944456762960582,0.19150137008160764,10.0,0.13174681202886498,2.830884707593474,-6747.760709750233,0.12582849922718556,0.1376651248305444,1.1101686585509625,3.1427594783414805,6.683298583329283,8.31176592342744,67.0,False,False,False,0,0,1.571911267812546,False,True,KRAS_RAF1-RBD_norfitness_6VJJ,40257,1.034948203071264
2,0,37,4.0,0.001,15,40257,0.0010184564175174503,4.182383312023141,0.7243295429319043,0.18759604261409174,10.0,0.12724144262718382,3.0799021046962203,-8518.219636317051,0.12174001531984666,0.13274286993452097,0.9787373216669799,3.014415136946873,6.807241966382935,8.31176592342744,74.0,False,False,False,0,0,1.3159428980727266,False,True,KRAS_RAF1-RBD_norfitness_6VJJ,40257,1.0138422880421023
2,1,37,4.0,0.005,55,40257,0.003924783267506273,3.553521916919963,0.7748378353627112,0.1869723576250581,10.0,0.11846889992125381,3.1973929903131246,-9153.687385801924,0.11326111348531452,0.1236766863571931,1.053011081563298,3.3668902509125314,7.190871300380062,8.31176592342744,88.5,False,False,False,0,0,1.8069634200088143,False,True,KRAS_RAF1-RBD_norfitness_6VJJ,40257,1.0104716507541924
2,2,37,4.0,0.02,238,40257,0.015475569466179794,3.568733436353231,0.7673123997329605,0.19330931687766817,10.0,0.1215168655197697,2.93654201776748,-7178.589561797329,0.11596886728221516,0.12706486375732423,1.0641528621878615,3.1249295931421823,6.16314844365799,8.31176592342744,29.5,False,False,False,0,0,1.2498270534520133,False,True,KRAS_RAF1-RBD_norfitness_6VJJ,40257,1.044719053729063
3,0,37,6.0,0.001,17,40257,0.001316541222644509,3.517697945839361,0.7827444698442478,0.18088036697712273,10.0,0.10381606262211153,2.600762213396129,-4417.410022350785,0.09806330817298237,0.10956881707124069,1.0969652800362166,2.8529458497256948,5.6279156341996,8.31176592342744,6.0,False,False,False,0,0,1.2342039041983501,False,True,KRAS_RAF1-RBD_norfitness_6VJJ,40257,0.9775481538020776
3,1,37,6.0,0.005,56,40257,0.00335345405767941,4.450038222318946,0.7687063468495344,0.18720292115593573,10.0,0.12147666580388365,2.9520552226801677,-7377.519914095843,0.11591390507315967,0.12703942653460762,1.0613027023934984,3.133024185445303,6.44115883699744,8.31176592342744,50.0,False,False,False,0,0,1.2728865931836002,False,True,KRAS_RAF1-RBD_norfitness_6VJJ,40257,1.0117177061316234
3,2,37,6.0,0.02,217,40257,0.022505402787092926,4.996762767885485,0.7556604523227429,0.19041151050415092,10.0,0.12968382687535324,3.40675680928081,-11156.505354618246,0.1244858185374227,0.13488183521328376,1.0279043416040874,3.5018201150490325,6.7994203846186005,8.31176592342744,73.5,False,False,False,2,0,2.1583729188765397,False,True,KRAS_RAF1-RBD_norfitness_6VJJ,40257,1.0290581762228495
0,0,38,2.0,0.001,9,40257,0.0006955312119631368,2.049198133785379,0.7731804611435482,0.18907931008160347,10.0,0.08045605252819797,2.86255330019358,-5246.049878975347,0.07564697799958049,0.08526512705681545,1.0632559052544521,3.0436267005364446,6.004180107604414,8.31176592342744,18.5,False,False,False,0,0,0.8789261479757222,False,True,KRAS_RAF1-RBD_norfitness_6VJJ,40257,1.0218584447908565
0,1,38,2.0,0.005,62,40257,0.0050426012867327424,1.8037385244832693,0.7243273805508599,0.1867681256955409,10.0,0.10298690530258187,3.3451848023167075,-9831.909315765428,0.09815441081124467,0.10781939979391907,1.0069961322744623,3.368588157676236,7.763007845514181,8.31176592342744,98.0,False,False,False,0,0,1.439694432202145,False,True,KRAS_RAF1-RBD_norfitness_6VJJ,40257,1.0093679016354602
0,2,38,2.0,0.02,261,40257,0.06212584146856447,2.1384628825941614,0.7720153393383924,0.19345852292811522,10.0,0.16315447353761006,2.438596877714099,-4359.242048245389,0.1559922969949575,0.17031665008026262,1.0935076803851211,2.666624415143544,5.451755423374485,8.31176592342744,3.5000000000000004,False,False,False,0,0,1.1896132823558323,False,True,KRAS_RAF1-RBD_norfitness_6VJJ,40257,1.045525421504561
1,0,38,3.0,0.001,5,40257,0.0006210100106813722,2.6129492259380385,0.7864309614487377,0.19449869519175977,10.0,0.10192851562549304,3.0805329228731715,-7715.722592144797,0.0968754698334238,0.1069815614175623,1.0930689381309466,3.3672348508823986,6.6605883612931125,8.31176592342744,64.5,False,False,False,0,0,1.5131482297634786,False,True,KRAS_RAF1-RBD_norfitness_6VJJ,40257,1.0511469187016032
1,1,38,3.0,0.005,71,40257,0.004893558884169213,2.7851148793989626,0.7868213400529108,0.19178403212342687,10.0,0.12063277800710066,2.891476098566703,-6813.64036250356,0.11504777671811617,0.12621777929608516,1.065034952063927,3.0795231080309797,6.467678699428172,8.31176592342744,51.0,False,False,False,0,0,1.148793237092639,False,True,KRAS_RAF1-RBD_norfitness_6VJJ,40257,1.036475819151152
1,2,38,3.0,0.02,238,40257,0.015748813870879598,2.7727934785756485,0.7922174370548063,0.19647459120652733,10.0,0.11470638426914884,2.853370328772572,-6341.680314963887,0.1091908357243671,0.12022193281393058,1.087389399055496,3.1027246470867897,6.155120680592778,8.31176592342744,28.999999999999996,False,False,False,0,0,1.181918762960362,False,True,KRAS_RAF1-RBD_norfitness_6VJJ,40257,1.061825432537133
2,0,38,4.0,0.001,19,40257,0.0012917008222172541,3.887067025696262,0.7962783835076791,0.18591836315389246,10.0,0.1556054956301024,2.7463349956634673,-6339.396208477148,0.14925262819027252,0.16195836306993228,1.0433197876494074,2.8653056444897453,5.6564568795049155,8.31176592342744,7.000000000000001,False,False,False,0,0,1.3594715816113583,False,True,KRAS_RAF1-RBD_norfitness_6VJJ,40257,1.0047754529488448
2,1,38,4.0,0.005,58,40257,0.0034528156593884294,3.765130213812525,0.7772801474224864,0.1922099024303777,10.0,0.08469928567708225,2.9589223667948623,-6080.156361320347,0.07989742262124326,0.08950114873292124,1.083615940599614,3.2063354436556506,6.239280984051672,8.31176592342744,35.5,False,False,False,0,0,0.9987095499478262,False,True,KRAS_RAF1-RBD_norfitness_6VJJ,40257,1.0387773886319989
2,2,38,4.0,0.02,216,40257,0.014407432247807835,3.5256234197921437,0.7862342763410665,0.19834848129420807,10.0,0.13819912786694089,2.721399186003209,-5930.320588558941,0.1320584876638876,0.14433976806999416,1.0784622333023424,2.9349262438441976,5.922745963171064,8.31176592342744,14.000000000000002,False,False,False,0,0,1.2229944150363388,False,True,KRAS_RAF1-RBD_norfitness_6VJJ,40257,1.0719526664998549
3,0,38,6.0,0.001,6,40257,0.00029808480512705867,4.176929483964292,0.7553051723894862,0.18428904265519233,10.0,0.10870814827067593,3.101427914237209,-8117.729434822628,0.10355165883733489,0.11386463770401697,1.0452898738661265,3.2418911932778958,6.939287225990353,8.31176592342744,78.5,False,False,False,0,0,1.2634053180549434,False,True,KRAS_RAF1-RBD_norfitness_6VJJ,40257,0.9959699685722146
3,1,38,6.0,0.005,64,40257,0.004247708473060586,4.525754452390563,0.7622406062677405,0.18669622878546144,10.0,0.10559943317081637,3.137719135508293,-8284.992863233405,0.10053918692510713,0.1106596794165256,1.0592189806325032,3.3235316642241934,6.825476632159915,8.31176592342744,75.0,False,False,False,0,0,1.2780960775672103,False,True,KRAS_RAF1-RBD_norfitness_6VJJ,40257,1.0089793426509401
3,2,38,6.0,0.02,209,40257,0.0365650694289192,2.947337369908578,0.7973508344852634,0.1938019367492322,10.0,0.1415732238729245,2.883852035798167,-7232.819560917007,0.13562147886196657,0.14752496888388245,1.1116856186035389,3.205936834377361,6.23884676979991,8.31176592342744,35.5,False,False,False,0,0,1.5211241478458473,False,True,KRAS_RAF1-RBD_norfitness_6VJJ,40257,1.0473813639290117
0,0,39,2.0,0.001,11,40257,0.0005464888093996075,1.9210073987359633,0.7857477197131711,0.1902915676665373,10.0,0.09630136032105374,3.135638449170909,-7884.391334319022,0.09142035409021197,0.10118236655189551,1.0899634361384116,3.417731258546044,6.857367438544137,8.31176592342744,76.0,False,False,False,0,0,1.6012927868370794,False,True,KRAS_RAF1-RBD_norfitness_6VJJ,40257,1.0284099582795176
0,1,39,2.0,0.005,58,40257,0.004446431676478625,2.10442247155639,0.802940781971856,0.1864218699831546,10.0,0.08160967913223226,3.199524465750903,-7597.824343491287,0.07711543139889818,0.08610392686556634,1.105525135971654,3.5371547200439006,6.896213812817848,8.31176592342744,78.0,False,False,False,0,0,1.3368591156162772,False,True,KRAS_RAF1-RBD_norfitness_6VJJ,40257,1.0074966005205668
0,2,39,2.0,0.02,223,40257,0.013711901035844697,1.811349785042667,0.7335218417762037,0.19131982340574832,10.0,0.11525885199390236,2.797509076117527,-6012.798383218207,0.10962605722508675,0.12089164676271796,1.0147182957968905,2.838683642194311,6.039262469627799,8.31176592342744,21.5,False,False,False,0,0,1.0703326150445482,False,True,KRAS_RAF1-RBD_norfitness_6VJJ,40257,1.0339670539240067
1,0,39,3.0,0.001,11,40257,0.0008445736145266661,2.7777861317754327,0.8078635441946007,0.18611181253510484,10.0,0.07401754463415415,2.9514244879482865,-5546.896911855903,0.06944756229795801,0.07858752697035029,1.1320509579972717,3.341162919038465,6.38396488196798,8.31176592342744,45.5,False,False,False,0,0,0.999635710272353,False,True,KRAS_RAF1-RBD_norfitness_6VJJ,40257,1.005820928964947
1,1,39,3.0,0.005,55,40257,0.003527336860670194,2.9051062590804797,0.7251835246531718,0.186941525883139,10.0,0.10877061798000945,3.3232430167365137,-9905.498508383025,0.10381087337184083,0.11373036258817806,1.0083057923257954,3.350845183081677,7.373145790878721,8.31176592342744,92.5,False,False,False,0,0,1.6600558248861466,False,True,KRAS_RAF1-RBD_norfitness_6VJJ,40257,1.0103050239781903
1,2,39,3.0,0.02,231,40257,0.01418386864396254,2.640700295748484,0.7435668025381399,0.1902677998376247,10.0,0.14948720027198453,2.939770838278221,-7811.708698793605,0.1434835771054521,0.15549082343851697,1.006770145044168,2.95967351324998,6.563938225000636,8.31176592342744,56.49999999999999,False,False,False,0,0,1.5491479686172605,False,True,KRAS_RAF1-RBD_norfitness_6VJJ,40257,1.0282815076485197
2,0,39,4.0,0.001,17,40257,0.0010432968179447052,2.9107977955882065,0.797735611496775,0.18949334452884475,10.0,0.0865269759118117,2.800120298545933,-5130.742152242165,0.08147629853834601,0.0915776532852774,1.1150683591658395,3.1223255467665743,6.1458397009324965,8.31176592342744,28.499999999999996,False,False,False,0,0,0.9199859223630672,False,True,KRAS_RAF1-RBD_norfitness_6VJJ,40257,1.0240960486628254
2,1,39,4.0,0.005,54,40257,0.027249919268698613,2.310907507374493,0.7522721712577605,0.18646187776676146,10.0,0.10494342649006677,3.0238772844422286,-7401.08021028529,0.09977126364256171,0.11011558933757183,1.0620072212835538,3.21137951235295,6.644539122882474,8.31176592342744,61.5,False,False,False,0,0,1.1311884824445424,False,True,KRAS_RAF1-RBD_norfitness_6VJJ,40257,1.00771281820995
2,2,39,4.0,0.02,264,40257,0.01773604590505999,3.4481224185946155,0.7530236224195502,0.19863478195165551,10.0,0.1359597412996534,3.047023719577961,-8413.119266274996,0.13029772914682802,0.1416217534524788,1.035319024786025,3.1546416258533414,6.696225312753613,8.31176592342744,67.5,False,False,False,0,0,1.3937810097337422,False,True,KRAS_RAF1-RBD_norfitness_6VJJ,40257,1.0734999470798168
3,0,39,6.0,0.001,11,40257,0.0006955312119631368,4.307816589693185,0.8324390392610211,0.1859052387444417,10.0,0.08967932825639051,2.995963328516544,-6522.272192258824,0.08482292673893484,0.09453572977384618,1.1424252290607821,3.4226640918382163,6.241196966967658,8.31176592342744,35.5,False,False,False,0,0,1.2728865931836002,False,True,KRAS_RAF1-RBD_norfitness_6VJJ,40257,1.0047045235138667
3,1,39,6.0,0.005,61,40257,0.0031547308542613705,3.955832878407275,0.7502799872881973,0.1876706656412356,10.0,0.11417970366722556,3.1309402628275027,-8522.310726799653,0.10896059783893809,0.11939880949551303,1.0329547383274618,3.234119579907897,6.906140672710296,8.31176592342744,78.0,False,False,False,0,0,1.3809313941530779,False,True,KRAS_RAF1-RBD_norfitness_6VJJ,40257,1.0142455800280417
3,2,39,6.0,0.02,245,40257,0.01632014308070646,4.584237908581559,0.7885457375468403,0.19600127303011747,10.0,0.12613013448381039,3.2690885928546782,-9909.519971838134,0.12087507963279656,0.1313851893348242,1.063453629681338,3.4765241298211653,7.018101541652498,8.31176592342744,83.5,False,False,False,0,0,1.9001060738827653,False,True,KRAS_RAF1-RBD_norfitness_6VJJ,40257,1.05926743623691
0,0,0,2.0,0.001,2,13907,0.0008628748112461351,1.1361567649709172,0.7441568766613228,1.2600211961781977,10.0,0.26441002636754374,2.3792209742691703,-1473.5000001550725,0.24980099965007488,0.2790190530850126,0.9275780248568738,2.206913092010644,3.3403417032512666,3.622492023412996,87.5,False,False,False,1,0,5.170005823777925,False,True,SARS2-RBD_ACE2_deltaKd_6M0J,14516,1.0128917245250335
0,1,0,2.0,0.005,19,13944,0.0030120481927710845,1.7511231877231723,0.7460038266738689,1.212997011386141,10.0,0.2908968845123614,2.3085503868397983,-1291.023678543621,0.27548532644892715,0.30630844257579565,0.9044522399917622,2.0879735685111047,3.276016265724778,3.622492023412996,74.5,False,False,False,0,0,2.0625149452461153,False,True,SARS2-RBD_ACE2_deltaKd_6M0J,14516,0.9750904496156279
0,2,0,2.0,0.02,106,13924,0.018600976730824476,1.3640437017770632,0.7586177863154678,1.2791023460532864,10.0,0.31430782803372637,2.0731035996301674,-816.565347632175,0.2967740074490687,0.33184164861838406,0.926004235304486,1.9197027134825104,3.0532902785105285,3.622492023412996,14.499999999999998,False,False,False,0,0,0.884966006145899,False,True,SARS2-RBD_ACE2_deltaKd_6M0J,14516,1.0282304655410741
1,0,0,3.0,0.001,9,13966,0.0006444221681225834,2.1838455363744496,0.754872892121491,1.2440454205458507,10.0,0.26047386214155105,2.2296384277916625,-1112.0348827568232,0.24519114051073596,0.27575658377236617,0.9248740902853418,2.0621348125690537,3.275408162858023,3.622492023412996,74.0,False,False,False,0,0,1.124913355715643,False,True,SARS2-RBD_ACE2_deltaKd_6M0J,14516,1.000049296969089
1,1,0,3.0,0.005,24,13959,0.002435704563364138,1.6117732386891086,0.7301128913390335,1.2485876659894393,10.0,0.30997822997079894,2.1109660013955263,-890.8732154465542,0.2928713941709116,0.32708506577068625,0.8841697750528188,1.8664523345980308,3.082582535227671,3.622492023412996,19.5,False,False,False,0,0,1.283983659698066,False,True,SARS2-RBD_ACE2_deltaKd_6M0J,14516,1.0037006663544035
1,2,0,3.0,0.02,107,13894,0.017561537354253635,1.9136378392442157,0.746377694778666,1.3004749056990326,10.0,0.3206678277921804,2.3400108901170182,-1335.4392782790528,0.3049104545648286,0.33642520101953216,0.9062685714906638,2.120678326658947,3.306813518548551,3.622492023412996,82.5,False,False,False,0,0,1.4938503498775892,False,True,SARS2-RBD_ACE2_deltaKd_6M0J,14516,1.0454111993753583
2,0,0,4.0,0.001,6,13841,0.0008669893793801026,1.7875412325687403,0.7329591020429296,1.2565383634029679,10.0,0.39861490971179175,2.2381212925490446,-1009.062618769356,0.3811104991588976,0.4161193202646859,0.8271071455584545,1.851166113693839,3.0588629199675976,3.622492023412996,15.0,False,False,False,0,0,0.9611112130815092,False,True,SARS2-RBD_ACE2_deltaKd_6M0J,14516,1.0100919839281015
2,1,0,4.0,0.005,17,13974,0.00293402032345785,1.4891140473091278,0.7103031229942668,1.2579534700206456,10.0,0.25914183726600554,2.4323551091235225,-1602.0239712266775,0.24493162993481712,0.273352044597194,0.8879828994201144,2.1598897422188346,3.4016352413197533,3.622492023412996,93.5,False,False,False,0,0,2.0580870471240758,False,True,SARS2-RBD_ACE2_deltaKd_6M0J,14516,1.0112295439840069
2,2,0,4.0,0.02,107,13800,0.01181159420289855,2.2314959066259332,0.74597447948809,1.2773822310137977,10.0,0.31858255793691,2.1601241496712986,-970.9614319179527,0.3016213480522805,0.33554376782153944,0.9054355257499732,1.9558531451428462,3.1807999873088657,3.622492023412996,50.0,False,False,False,0,0,0.9571073605296087,False,True,SARS2-RBD_ACE2_deltaKd_6M0J,14516,1.0268477187317238
3,0,0,6.0,0.001,4,13949,0.0002867589074485626,0.5012783215391066,0.7604562966375181,1.2144722972445903,10.0,0.34574392263013637,2.232152253587178,-1083.1537571959416,0.3289840669310493,0.3625037783292234,0.8833461180504274,1.9717630281037473,3.148115802109568,3.622492023412996,41.0,False,False,False,0,0,1.8974939389149112,False,True,SARS2-RBD_ACE2_deltaKd_6M0J,14516,0.9762763858854815
3,1,0,6.0,0.005,25,13883,0.0025210689332276887,0.7566318665890323,0.7366370766422542,1.2247867063857343,10.0,0.3484885453160215,2.2917309213946386,-1191.0423668129297,0.332044547050907,0.364932543581136,0.8542846302066877,1.9577905027168505,3.2390488424878856,3.622492023412996,62.5,False,False,False,0,0,1.3345602584273475,False,True,SARS2-RBD_ACE2_deltaKd_6M0J,14516,0.9845678175646614
3,2,0,6.0,0.02,97,13882,0.010949430917735196,1.4649391606178908,0.7252033381969853,1.2503054323548057,10.0,0.3375972690237358,2.160331733289688,-956.3603284236742,0.32039504403748664,0.354799494009985,0.8685236333344765,1.876299166204527,3.1136535448148437,3.622492023412996,29.5,False,False,False,0,0,1.0358632904664977,False,True,SARS2-RBD_ACE2_deltaKd_6M0J,14516,1.0050815251379102
0,0,1,2.0,0.001,2,13923,0.00021547080370609782,1.0263817493479943,0.7557996479513844,1.2080247472245527,10.0,0.2991842152260706,2.135168635568656,-932.0684908369731,0.282439262035427,0.31592916841671415,0.919667929192479,1.9636461175501567,3.0654695633998617,3.622492023412996,16.0,False,False,False,0,0,1.0659201713813096,False,True,SARS2-RBD_ACE2_deltaKd_6M0J,14516,0.9710934016003236
0,1,1,2.0,0.005,32,13863,0.00569862223184015,1.288380658796345,0.7618316122760869,1.2808623518266051,10.0,0.3342085388354173,2.3047810851979413,-1252.4582125664965,0.31801981288145836,0.3503972647893762,0.8982754980853822,2.0703283772839485,3.2525271602578347,3.622492023412996,68.0,False,False,False,0,0,3.111848993346877,False,True,SARS2-RBD_ACE2_deltaKd_6M0J,14516,1.0296452792666828
0,2,1,2.0,0.02,115,13900,0.022374100719424462,1.689611014910672,0.739572562900938,1.280234728804964,10.0,0.33507949590607133,2.1103360586245445,-874.5506646760768,0.3175056834010373,0.35265330841110537,0.9089068685815422,1.9180989386991487,3.1030049841044147,3.622492023412996,28.000000000000004,False,False,False,0,0,0.8672727233763343,False,True,SARS2-RBD_ACE2_deltaKd_6M0J,14516,1.02914075270263
1,0,1,3.0,0.001,3,13951,0.00043007669701096695,2.7004812947019943,0.7612525613298772,1.2512591845091685,10.0,0.3146283747463468,2.205743437562266,-1075.4302843668338,0.29814660169120133,0.3311101478014923,0.9198219752266249,2.0288912855816887,3.1937994281511703,3.622492023412996,54.0,False,False,False,0,0,1.0840301644241557,False,True,SARS2-RBD_ACE2_deltaKd_6M0J,14516,1.0058482167359024
1,1,1,3.0,0.005,21,13932,0.0027275337352856734,2.9902750642248725,0.7446588809552339,1.1715415690759963,10.0,0.3363312178148975,2.207589526877818,-1055.467722073001,0.3195193131436409,0.3531431224861541,0.8854419591524865,1.9546923956832056,3.1672790816824166,3.622492023412996,47.5,False,False,False,0,0,4.259352942376046,False,True,SARS2-RBD_ACE2_deltaKd_6M0J,14516,0.9417657130319648
1,2,1,3.0,0.02,128,13851,0.019781965201068515,1.7325454804768423,0.7288264325511493,1.2438858695181958,10.0,0.31958339887064985,2.451338112800197,-1563.9237784744837,0.30440906697197023,0.33475773076932946,0.8686480048000713,2.129349960774263,3.375444544688684,3.622492023412996,92.0,False,False,False,0,1,2.675286992671557,False,True,SARS2-RBD_ACE2_deltaKd_6M0J,14516,0.9999210388762559
2,0,1,4.0,0.001,1,13868,0.0,,0.7424989162521306,1.185292677802847,10.0,0.2776319311855366,2.3509983028679593,-1397.566185794145,0.2626224670921736,0.2926413952788996,0.915931606690715,2.1533536528729944,3.3479485941413487,3.622492023412996,88.5,False,False,False,0,1,2.2902921506135647,False,True,SARS2-RBD_ACE2_deltaKd_6M0J,14516,0.9528198002764632
2,1,1,4.0,0.005,20,13899,0.003813223972947694,1.4211002453756965,0.7249636188639828,1.2287656657184796,10.0,0.31713408486519873,2.210643072367668,-1078.3294430355818,0.3006213687895952,0.33364680094080224,0.874435705411522,1.9330652343989159,3.1533569754362047,3.622492023412996,43.0,False,False,False,0,0,1.1006149181640208,False,True,SARS2-RBD_ACE2_deltaKd_6M0J,14516,0.9877663788210781
2,2,1,4.0,0.02,111,13865,0.01291020555355211,1.6239969200462545,0.7181649557887098,1.2690752692770124,10.0,0.2848286228865249,2.2108357990667202,-1076.1844475625694,0.2688765218281719,0.30078072394487787,0.8832458882476322,1.9527116291163489,3.1895470461805533,3.622492023412996,53.0,False,False,False,0,0,1.0215062111648927,False,True,SARS2-RBD_ACE2_deltaKd_6M0J,14516,1.0201700113846912
3,0,1,6.0,0.001,6,13963,0.0008594141660101698,2.4912947310567857,0.8206622193987891,1.2699829310783792,10.0,0.4589895242386174,2.093189954303712,-695.967462693523,0.4396750822626546,0.47830396621458016,0.9077003606478715,1.899989276425981,2.8787390145131018,3.622492023412996,0.5,False,False,False,0,0,1.8918687352730215,False,True,SARS2-RBD_ACE2_deltaKd_6M0J,14516,1.0208996523860177
3,1,1,6.0,0.005,28,13875,0.0016576576576576576,1.528424260844872,0.7486415684331054,1.1962560055949008,10.0,0.29406474354533496,2.1840954944845077,-1025.2460395616654,0.2777539996586049,0.310375487432065,0.9115055823170415,1.9908152355361282,3.146652341527566,3.622492023412996,41.0,False,False,False,0,1,4.276850824733915,False,True,SARS2-RBD_ACE2_deltaKd_6M0J,14516,0.9616328774116005
3,2,1,6.0,0.02,114,13819,0.01165062594977929,1.351385257301078,0.7329931733722315,1.2573640654993299,10.0,0.3180111493696737,2.2175888781608677,-1077.6515146074307,0.3014980425242007,0.33452425621514664,0.8819421871693279,1.9557851854475719,3.127961915604697,3.622492023412996,34.0,False,False,False,0,1,4.294182299238952,False,True,SARS2-RBD_ACE2_deltaKd_6M0J,14516,1.0107557400798748
0,0,2,2.0,0.001,5,13964,0.0007161271841879118,2.3330903093482007,0.7373738665101743,1.2273089835000643,10.0,0.2952218936721903,2.2888164382193006,-1252.033195352211,0.2796246625284132,0.3108191248159674,0.9015671395340494,2.0635216891238857,3.269312131172023,3.622492023412996,73.0,False,False,False,0,0,1.990228451849062,False,True,SARS2-RBD_ACE2_deltaKd_6M0J,14516,0.9865953974369784
0,1,2,2.0,0.005,34,13994,0.005359439759897099,1.4142832145157633,0.7405320588989736,1.2096636305995958,10.0,0.3392283536325214,2.112507194116889,-874.2619385002181,0.32168160511095484,0.356775102154088,0.8843747543597689,1.8682480308803682,3.1003191099364766,3.622492023412996,26.0,False,False,False,0,0,1.067898536848653,False,True,SARS2-RBD_ACE2_deltaKd_6M0J,14516,0.9724108488092102
0,2,2,2.0,0.02,91,13916,0.018467950560505892,1.5171647352424038,0.746964539626291,1.2239231918612876,10.0,0.2926947626994343,2.2151013020020853,-1101.4014428282753,0.27663413285891214,0.30875539253995643,0.9339019430148736,2.068687409914524,3.1954230875255973,3.622492023412996,54.0,False,False,False,0,0,1.1361546256410937,False,True,SARS2-RBD_ACE2_deltaKd_6M0J,14516,0.9838736651817712
1,0,2,3.0,0.001,6,13935,0.0007176175098672408,2.063415651241516,0.7466537134894199,1.239697681444675,10.0,0.38438317457788285,2.0870731725481493,-790.5697637581616,0.36590698943966443,0.40285935971610126,0.8715507552426803,1.818990199781076,3.015029344963365,3.622492023412996,6.0,False,False,False,0,0,1.044670156057284,False,True,SARS2-RBD_ACE2_deltaKd_6M0J,14516,0.9965542851634686
1,1,2,3.0,0.005,18,13894,0.0015114437886857637,2.107870882147562,0.7569786862161663,1.27041686620842,10.0,0.3127806753858322,2.263907462888524,-1170.5083324781735,0.29672816783219425,0.32883318293947017,0.9011200065555126,2.0400523077991806,3.2174693724038237,3.622492023412996,57.49999999999999,False,False,False,0,0,1.0599284940108704,False,True,SARS2-RBD_ACE2_deltaKd_6M0J,14516,1.0212484792974477
1,2,2,3.0,0.02,92,13892,0.013892887993089548,1.9141341322439236,0.7369815052306976,1.225398044871567,10.0,0.34451981514931507,2.244088083538933,-1111.0228453083619,0.32781221131928456,0.36122741897934557,0.8764085381005131,1.9667379566631384,3.1772547614919033,3.622492023412996,49.5,False,False,False,0,0,1.1498998241566818,False,True,SARS2-RBD_ACE2_deltaKd_6M0J,14516,0.9850592534984867
2,0,2,4.0,0.001,5,13950,0.0002867383512544803,2.719730591658811,0.7956971637833634,1.249643346465331,10.0,0.35023361176252105,1.9980355179790328,-675.9398122045459,0.33139307051732114,0.36907415300772095,0.9590665851139594,1.916249101164552,2.9760462892724022,3.622492023412996,3.0,False,False,False,0,0,1.0308139210219296,False,True,SARS2-RBD_ACE2_deltaKd_6M0J,14516,1.0045492949497132
2,1,2,4.0,0.005,24,13888,0.004032258064516129,2.5197640028557027,0.751124408612534,1.240490790803692,10.0,0.30267492549373626,2.2491988371182905,-1168.7030111477288,0.28664470235039036,0.31870514863708216,0.9191366807530339,2.067321153502489,3.2285396625559293,3.622492023412996,61.5,False,False,False,0,0,2.0708315377672695,False,True,SARS2-RBD_ACE2_deltaKd_6M0J,14516,0.9971918410306463
2,2,2,4.0,0.02,85,13880,0.01095100864553314,2.2468197410115636,0.7586402504724814,1.227745954676255,10.0,0.3949591751384443,2.2595417386854155,-1053.0882029074564,0.37767474366453246,0.41224360661235615,0.8565253434535499,1.935354763775157,3.111580876649338,3.622492023412996,29.5,False,False,False,0,0,1.0915689442184437,False,True,SARS2-RBD_ACE2_deltaKd_6M0J,14516,0.9869466649311778
3,0,2,6.0,0.001,5,13969,0.0002863483427589663,1.879914631840998,0.7736945549899826,1.307406312983558,10.0,0.4671073031353532,2.3458951242459576,-1044.7172766676085,0.4496537353824832,0.4845608708882232,0.8135921721082672,1.9086019096734619,3.034391646207457,3.622492023412996,10.5,False,False,False,0,0,2.058823709393073,False,True,SARS2-RBD_ACE2_deltaKd_6M0J,14516,1.0509831414181614
3,1,2,6.0,0.005,21,13948,0.003728133065672498,1.1942875135838984,0.682555636656605,1.2429173131838815,10.0,0.25396276525495215,2.493828202465754,-1738.713128133415,0.2401267781211862,0.2677987523887181,0.842091793420872,2.1000322634979365,3.5531855509632133,3.622492023412996,99.0,False,False,False,0,0,4.254466962516711,False,False,SARS2-RBD_ACE2_deltaKd_6M0J,14516,0.9991424466599195
3,2,2,6.0,0.02,92,13829,0.005495697447393159,1.2035776090134425,0.7210995713037731,1.2272106694039793,10.0,0.2993624624721303,2.2562381784302046,-1174.2570744653785,0.2834068787191771,0.31531804622508347,0.8788540011171038,1.9829039505865511,3.1854949666619956,3.622492023412996,51.5,False,False,False,0,1,8.582154196714596,False,True,SARS2-RBD_ACE2_deltaKd_6M0J,14516,0.9865163658027244
0,0,3,2.0,0.001,5,13932,0.0005024404249210451,1.8803077339047312,0.7852179521769919,1.2843864646374261,10.0,0.38390130982587534,2.1205992138883643,-849.0425863364435,0.36572061277432066,0.40208200687743,0.9148288880472536,1.9399854208353724,3.0060578751301055,3.622492023412996,5.0,False,False,False,0,0,4.259352942376046,False,True,SARS2-RBD_ACE2_deltaKd_6M0J,14516,1.0324782035962101
0,1,3,2.0,0.005,28,13925,0.005673249551166966,1.081782849655429,0.7156044061101552,1.2251691557294764,10.0,0.25301870707971674,2.4446195916316666,-1601.9411042475476,0.23899327713567595,0.26704413702375757,0.87553954180286,2.140361117139484,3.5145647847478543,3.622492023412996,98.5,False,False,False,0,0,1.330535013841786,False,True,SARS2-RBD_ACE2_deltaKd_6M0J,14516,0.9848752566589413
0,2,3,2.0,0.02,87,13936,0.014997129735935706,1.2504456563545563,0.7264775222394229,1.1755935435744669,10.0,0.29317181621657545,2.2119337740562397,-1090.5962190614955,0.2771057175570667,0.3092379148760842,0.891667264960944,1.972308938587466,3.203263720678534,3.622492023412996,56.00000000000001,False,False,False,0,0,1.4244479919232973,False,True,SARS2-RBD_ACE2_deltaKd_6M0J,14516,0.9450229689018945
1,0,3,3.0,0.001,4,13968,0.000429553264604811,0.9260313221418339,0.771875349052456,1.2355393934813579,10.0,0.3508956741377766,2.124825691485698,-887.6517696457377,0.33325434334663595,0.3685370049289173,0.9121359822440395,1.9381299692006775,3.0273014847379374,3.622492023412996,8.5,False,False,False,0,0,0.987587372763683,False,True,SARS2-RBD_ACE2_deltaKd_6M0J,14516,0.9932115672163331
1,1,3,3.0,0.005,24,13942,0.002869028833739779,2.056712086306953,0.7298366432926622,1.2335163007861545,10.0,0.2629885364838281,2.2788185993354233,-1240.6359968031102,0.24789282850450797,0.27808424446314817,0.9046472426708029,2.061526962435732,3.328703355450471,3.622492023412996,86.5,False,False,False,0,0,1.4165606592601,False,True,SARS2-RBD_ACE2_deltaKd_6M0J,14516,0.9915852661230389
1,2,3,3.0,0.02,114,13911,0.016821220616778088,1.9359739869635806,0.7546100927210787,1.3059261013066856,10.0,0.3564038558852772,2.3376699732268,-1258.629673092466,0.340153350442355,0.37265436132819935,0.8639935218665429,2.01973171312989,3.2354766288155803,3.622492023412996,62.5,False,False,False,0,0,1.1924731749471147,False,True,SARS2-RBD_ACE2_deltaKd_6M0J,14516,1.0497932454365724
2,0,3,4.0,0.001,2,13930,0.00014357501794687725,2.2127995885728637,0.8038882752371246,1.3055824531300992,10.0,0.3686819952862389,2.1239930493609593,-870.3568273029741,0.35073834864141906,0.38662564193105875,0.9435812378072119,2.0041599906099283,2.988797505021515,3.622492023412996,4.0,False,False,False,0,0,1.354536106584822,False,True,SARS2-RBD_ACE2_deltaKd_6M0J,14516,1.0495169973898981
2,1,3,4.0,0.005,26,13880,0.0036023054755043226,2.0802604388987955,0.771025152604557,1.3326762023397252,10.0,0.3894591730819856,2.2591282736778955,-1077.3890950093628,0.37223087871678934,0.4066874674471818,0.8847715375952748,1.9988123963269504,3.1288941660436964,3.622492023412996,34.0,False,False,False,0,0,3.1080376509198673,False,True,SARS2-RBD_ACE2_deltaKd_6M0J,14516,1.0712968170024768
2,2,3,4.0,0.02,94,13884,0.010299625468164793,1.8513395045705536,0.7820519252689808,1.2655426833201335,10.0,0.4006454172065958,2.185362555915966,-923.1703975168348,0.3827453875931274,0.4185454468200642,0.8918353257012661,1.9489835268306672,3.036682000905937,3.622492023412996,10.5,False,False,False,0,0,1.29107271438276,False,True,SARS2-RBD_ACE2_deltaKd_6M0J,14516,1.0173302757574265
3,0,3,6.0,0.001,3,13973,0.000572532741716167,0.7322562474990888,0.7208247473240118,1.2516455028421458,10.0,0.31772760191536453,2.273284491215051,-1201.3485654016768,0.3016733779990425,0.3337818258316866,0.8600661486508384,1.9551750371470096,3.2296731950668565,3.622492023412996,61.5,False,False,False,0,0,1.017860733950185,False,True,SARS2-RBD_ACE2_deltaKd_6M0J,14516,1.0061587659899085
3,1,3,6.0,0.005,17,13977,0.0022179294555340918,0.8186595377812284,0.7484461643984209,1.2960265317829205,10.0,0.38925217128879025,2.155096716763183,-900.571078815934,0.3713169260636718,0.4071874165139087,0.8659739763867875,1.8662576733135239,2.9866031499294787,3.622492023412996,3.5000000000000004,False,False,False,0,0,0.9109463326292523,False,True,SARS2-RBD_ACE2_deltaKd_6M0J,14516,1.0418352903820103
3,2,3,6.0,0.02,112,13813,0.009556215159632231,1.4055928610353616,0.7395517139767211,1.2730259814375056,10.0,0.33618043084852883,2.402270132681738,-1422.144453911067,0.32051523080087263,0.35184563089618504,0.858721971406377,2.062882144187121,3.3644597007392663,3.622492023412996,91.0,False,False,False,0,1,4.296047577874689,False,True,SARS2-RBD_ACE2_deltaKd_6M0J,14516,1.0233458656207006
0,0,4,2.0,0.001,2,13970,0.0009305654974946314,1.5685646436103293,0.7907293029489627,1.256580082875467,10.0,0.41014173723037817,2.1858591524139803,-909.5621102797377,0.39219878246402634,0.42808469199673,0.876608637005208,1.9161430122829786,3.0297060298075875,3.622492023412996,9.0,False,False,False,0,0,1.1480590386555178,False,True,SARS2-RBD_ACE2_deltaKd_6M0J,14516,1.0101255209103157
0,1,4,2.0,0.005,27,13979,0.004864439516417483,1.3283516783084788,0.7606390121017467,1.2422176029103167,10.0,0.3923049455873553,2.2853978234039833,-1113.1157217235304,0.37528970420605884,0.40932018696865174,0.8507013679389228,1.9441910546544052,3.0676773641323343,3.622492023412996,16.5,False,False,False,0,0,4.1147018236657615,False,True,SARS2-RBD_ACE2_deltaKd_6M0J,14516,0.9985799714033058
0,2,4,2.0,0.02,100,13912,0.02185163887291547,1.5146015736727072,0.7553632002025719,1.296886871606786,10.0,0.31616508389348497,2.2135511726853245,-1095.0935120857102,0.2996760539988076,0.33265411378816234,0.9320117318027709,2.0630556618885034,3.1847527178802766,3.622492023412996,51.0,False,False,False,0,0,1.5597319694821417,False,True,SARS2-RBD_ACE2_deltaKd_6M0J,14516,1.0425268907221599
1,0,4,3.0,0.001,9,13915,0.0011498383039885017,1.2092539830264437,0.7302580274164425,1.2357618756861963,10.0,0.33634455742723757,2.2627985780726236,-1148.185833892494,0.3199136568289604,0.35277545802551474,0.8572755172292206,1.9398418214027535,3.2016455076605586,3.622492023412996,56.00000000000001,False,False,False,0,0,1.3372682865867722,False,True,SARS2-RBD_ACE2_deltaKd_6M0J,14516,0.9933904137189304
1,1,4,3.0,0.005,21,13916,0.0022276516240298935,2.057922734947488,0.771457050185234,1.2768988822211746,10.0,0.2980705683465674,2.3196138354397697,-1309.2025386572059,0.28258415293334066,0.3135569837597942,0.934627142891832,2.1679740516294363,3.273239875908168,3.622492023412996,73.5,False,False,False,0,0,2.0666648747134118,False,True,SARS2-RBD_ACE2_deltaKd_6M0J,14516,1.0264591697187453
1,2,4,3.0,0.02,86,13832,0.01662810873337189,1.678273997463192,0.8127241145792663,1.3003690352474313,10.0,0.44245047539964455,2.140396532998465,-782.8829173691774,0.4236458005871766,0.4612551502121125,0.9159488295269603,1.9604936991235078,2.938088661339909,3.622492023412996,2.0,False,False,False,0,0,1.3641330223197345,False,True,SARS2-RBD_ACE2_deltaKd_6M0J,14516,1.0453260934226776
2,0,4,4.0,0.001,2,13899,0.0005755809770487086,1.8756643504646937,0.7758305709855776,1.247192465457258,10.0,0.3639668878552702,2.1707692898350612,-945.367300072794,0.3464583636829212,0.3814754120276192,0.9062276633434664,1.9672111811849835,3.048075428890212,3.622492023412996,13.5,False,False,False,0,0,1.0753016273455098,False,True,SARS2-RBD_ACE2_deltaKd_6M0J,14516,1.0025791081795206
2,1,4,4.0,0.005,26,13934,0.0030142098464188316,1.8848073836384316,0.7676152277892103,1.2425467585528664,10.0,0.33701505588584846,2.241891640504685,-1103.8341181150463,0.3204542955878956,0.3535758161838013,0.9004784401419069,2.01877508740884,3.1483194526267866,3.622492023412996,41.0,False,False,False,0,1,2.2794439173754064,False,True,SARS2-RBD_ACE2_deltaKd_6M0J,14516,0.9988445693540631
2,2,4,4.0,0.02,95,13866,0.013125631039953845,1.4045353874219622,0.7210785832027053,1.2891972210277534,10.0,0.2435206470256115,2.6069578840704755,-1973.7705372719865,0.230343001213973,0.25669829283725,0.8791078387869166,2.2917971112737088,3.6461878183045986,3.622492023412996,99.5,True,False,False,0,0,2.074117149611412,False,False,SARS2-RBD_ACE2_deltaKd_6M0J,14516,1.0363454205535503
3,0,4,6.0,0.001,4,13947,0.00021510002151000216,1.974372329675574,0.7978816708518717,1.257112790486185,10.0,0.41397606727832564,2.019180580015004,-643.4000229802259,0.3944496162761852,0.4335025182804661,0.9117592172452351,1.8410065051112598,2.9130483191919234,3.622492023412996,0.5,False,False,False,0,0,0.9881632439884519,False,True,SARS2-RBD_ACE2_deltaKd_6M0J,14516,1.010553747937071
3,1,4,6.0,0.005,24,13903,0.002589369200891894,1.4294446493714785,0.7196602167056815,1.2007293896588165,10.0,0.3408812322689401,2.2926113710102745,-1201.528124472512,0.3245632711209851,0.35719919341689516,0.8420257485714614,1.9304378058583707,3.243571167971062,3.622492023412996,65.0,False,False,False,0,0,1.3505006927269756,False,True,SARS2-RBD_ACE2_deltaKd_6M0J,14516,0.9652288912824034
3,2,4,6.0,0.02,90,13911,0.010926604845086622,1.5030248358245246,0.757130773258195,1.2776408491107503,10.0,0.3160746365063086,2.1953289374764733,-1051.7295306470842,0.29947116779340993,0.3326781052192073,0.922120994315729,2.024358902675899,3.1606869907214667,3.622492023412996,45.5,False,False,False,0,0,1.1529282416805107,False,True,SARS2-RBD_ACE2_deltaKd_6M0J,14516,1.0270556137504825
0,0,5,2.0,0.001,5,13940,0.001291248206599713,1.5785948963276681,0.7776425261202521,1.2151211314287718,10.0,0.3399268274742595,2.2296888201324605,-1087.321246097461,0.3232321043242898,0.35662155062422923,0.9144628150082709,2.0389675150507998,3.0967948237377385,3.622492023412996,24.5,False,False,False,0,0,2.0631067716292564,False,True,SARS2-RBD_ACE2_deltaKd_6M0J,14516,0.9767979634412716
0,1,5,2.0,0.005,29,13945,0.004446038006453926,1.2820104227400946,0.7313583308790258,1.2587985676594615,10.0,0.2843876553684503,2.3660242957795763,-1425.3238500315347,0.2694069455920642,0.2993683651448364,0.8919053642024987,2.1102697612392434,3.356457964455608,3.622492023412996,91.0,False,False,False,0,0,1.3802683759857852,False,True,SARS2-RBD_ACE2_deltaKd_6M0J,14516,1.0119088916071806
0,2,5,2.0,0.02,100,13968,0.01861397479954181,1.376667431835358,0.7619048933888237,1.2482125968800448,10.0,0.34647203845290264,2.2344032673267282,-1091.7459882297844,0.3297180683307493,0.363226008575056,0.8996884959127516,2.010266914843722,3.147155537053646,3.622492023412996,41.0,False,False,False,0,0,2.058971105134009,False,True,SARS2-RBD_ACE2_deltaKd_6M0J,14516,1.0033991600002383
1,0,5,3.0,0.001,6,13947,0.0005736000573600057,2.935184710559616,0.7497619405581165,1.2387096150878643,10.0,0.34901546715938975,2.282474676480737,-1180.898127004395,0.3325248412383886,0.3655060930803909,0.8725774579697101,1.9916359510837978,3.120602638437095,3.622492023412996,30.5,False,False,False,0,0,1.4561372864065663,False,True,SARS2-RBD_ACE2_deltaKd_6M0J,14516,0.9957600094487975
1,1,5,3.0,0.005,28,13879,0.0033143598241948268,1.4943676779415884,0.7310558984409621,1.1736434015476283,10.0,0.3338490197717724,2.3959677072438303,-1410.1035995481798,0.3182180427814952,0.3494799967620496,0.8438757052856284,2.0218989387919777,3.25838706529033,3.622492023412996,69.0,False,False,False,0,0,1.9070641223376392,False,True,SARS2-RBD_ACE2_deltaKd_6M0J,14516,0.9434553105746976
1,2,5,3.0,0.02,88,13844,0.01444669170759896,2.244524883217842,0.7415667916697934,1.2873143338265238,10.0,0.3212468369207433,2.352298869237937,-1349.8651350083965,0.305532655486908,0.3369610183545786,0.8900776781566461,2.0937287158618068,3.290454284555933,3.622492023412996,80.5,False,False,False,0,1,4.286427708262286,False,True,SARS2-RBD_ACE2_deltaKd_6M0J,14516,1.0348318262821807
2,0,5,4.0,0.001,4,13978,0.00042924595793389613,2.93287491386819,0.7506023111407949,1.2620557642220103,10.0,0.35779327068777134,2.158982820756775,-940.7994848865346,0.340334708449105,0.37525183292643766,0.8834373189036023,1.9073259947283019,3.0653125495019027,3.622492023412996,15.5,False,False,False,0,0,0.9010867415205719,False,True,SARS2-RBD_ACE2_deltaKd_6M0J,14516,1.0145272502930218
2,1,5,4.0,0.005,16,13971,0.0022904588075298832,1.897201329734675,0.7509045649059694,1.2174641612711337,10.0,0.29510778621105416,2.2564924442858483,-1168.4958780788438,0.27934455243271683,0.3108710199893915,0.9057551307954966,2.0438296090131787,3.2132705313446417,3.622492023412996,56.99999999999999,False,False,False,0,0,4.2474629728139055,False,True,SARS2-RBD_ACE2_deltaKd_6M0J,14516,0.9786814520245128
2,2,5,4.0,0.02,100,13883,0.012101130879492905,1.8959986813121121,0.7472130784005035,1.2460788918746364,10.0,0.3700779458414013,2.1936055724790933,-979.113841001541,0.3526431607067493,0.3875127309760533,0.8757461361284353,1.92104160428837,3.08002111053405,3.622492023412996,19.5,False,False,False,0,0,1.048583060192916,False,True,SARS2-RBD_ACE2_deltaKd_6M0J,14516,1.0016839411220868
3,0,5,6.0,0.001,8,13935,0.0002870470039468963,1.6152348125885019,0.7564867705667249,1.2218985372886157,10.0,0.2745755679562752,2.2831185863254992,-1247.8320841478344,0.25928163600925924,0.28986949990329114,0.9330671193333653,2.1303028824391985,3.3187762508376073,3.622492023412996,84.0,False,False,False,0,0,1.3540500871709056,False,True,SARS2-RBD_ACE2_deltaKd_6M0J,14516,0.9822461085439137
3,1,5,6.0,0.005,17,13881,0.0018010229810532382,2.413547611417852,0.7755841397186709,1.2849502112092914,10.0,0.39629285909749007,2.1846825670954035,-929.4869633661729,0.3784474078810919,0.41413831031388826,0.8802141562691853,1.9229885225118784,3.0540462531891297,3.622492023412996,14.499999999999998,False,False,False,0,1,4.275002175144664,False,True,SARS2-RBD_ACE2_deltaKd_6M0J,14516,1.0329313818753563
3,2,5,6.0,0.02,107,13856,0.008588337182448037,1.5645740273420836,0.7362377374699298,1.3098697326277657,10.0,0.27837036966105044,2.209119257266939,-1104.2561590113692,0.2624525751898433,0.2942881641322576,0.9309953445009818,2.056679743962987,3.2069874942228433,3.622492023412996,56.49999999999999,False,False,False,0,0,1.2255931847758308,False,True,SARS2-RBD_ACE2_deltaKd_6M0J,14516,1.0529634076067134
0,0,6,2.0,0.001,8,13923,0.0006464124111182935,1.051589862793214,0.7237331536316676,1.2521537544146046,10.0,0.2828061559180093,2.4198123769474846,-1536.4178341120496,0.26813188327583465,0.2974804285601839,0.8664045541432953,2.096536463559613,3.435113494789247,3.622492023412996,95.5,False,False,False,0,1,4.262106240981332,False,False,SARS2-RBD_ACE2_deltaKd_6M0J,14516,1.0065673335705823
0,1,6,2.0,0.005,23,13933,0.004952271585444628,1.7848986642814542,0.7722036856491943,1.2651480064551475,10.0,0.348632968928417,2.0275431297653648,-722.7854571013522,0.3301137234291309,0.36715221442770307,0.9316940321355417,1.8890498338998083,2.963567645007747,3.622492023412996,2.5,False,False,False,0,0,0.889257937680169,False,True,SARS2-RBD_ACE2_deltaKd_6M0J,14516,1.017013007340341
0,2,6,2.0,0.02,104,13911,0.01797138954783984,1.5566865125686218,0.750366735617819,1.2416433808888168,10.0,0.3256077719397631,2.280005127204158,-1202.3879613560857,0.30943548947349175,0.34178005440603443,0.9054248242257297,2.064373241532587,3.2198485470801885,3.622492023412996,59.0,False,False,False,0,0,1.2353945556395358,False,True,SARS2-RBD_ACE2_deltaKd_6M0J,14516,0.9981183722370526
1,0,6,3.0,0.001,8,13936,0.0015786452353616532,2.813714501533717,0.752492162541852,1.2592599030858456,10.0,0.29831736001376247,2.196104797865531,-1056.727198059838,0.28204994672396233,0.3145847733035626,0.9154604874474533,2.01044716873967,3.1690379265435213,3.622492023412996,48.5,False,False,False,0,0,1.3294847924617441,False,True,SARS2-RBD_ACE2_deltaKd_6M0J,14516,1.012279744761899
1,1,6,3.0,0.005,28,13974,0.0032202662086732504,1.9979277363564947,0.7394443649502055,1.1865832054369394,10.0,0.34320823437447906,2.318110888678225,-1266.209436018391,0.327056654566906,0.3593598141820521,0.868013963339599,2.012152619942266,3.248645734745243,3.622492023412996,66.0,False,False,False,0,0,3.087130570686114,False,True,SARS2-RBD_ACE2_deltaKd_6M0J,14516,0.9538572151745679
1,2,6,3.0,0.02,106,13866,0.015938266262801096,1.563789495098544,0.7194444183749101,1.214581208791178,10.0,0.2509249434992768,2.428193258779647,-1562.7224765333522,0.23681565312055958,0.265034233877994,0.9065315251542766,2.201233738250846,3.4220528414839113,3.622492023412996,95.0,False,False,False,0,0,1.622524268775096,False,False,SARS2-RBD_ACE2_deltaKd_6M0J,14516,0.9763639364795338
2,0,6,4.0,0.001,3,13960,0.0002148997134670487,1.0773790469090017,0.7712025388843072,1.2239739048373492,10.0,0.3693786388163337,2.17832720467877,-959.6187843774969,0.3518889678006994,0.386868309831968,0.8973339122371377,1.9546868727069886,3.0611094774335887,3.622492023412996,15.0,False,False,False,0,0,1.372435174184488,False,True,SARS2-RBD_ACE2_deltaKd_6M0J,14516,0.9839144317608849
2,1,6,4.0,0.005,20,13971,0.002433612483000501,1.693472545591078,0.7674045944980347,1.2561383738385974,10.0,0.37933949319248184,2.1524999569954057,-906.9542659655053,0.36149864346095734,0.39718034292400634,0.9022015039628773,1.941988698481284,3.0241162947446036,3.622492023412996,8.5,False,False,False,0,0,1.3165004101603919,False,True,SARS2-RBD_ACE2_deltaKd_6M0J,14516,1.0097704447977471
2,2,6,4.0,0.02,104,13853,0.009600808489135927,1.750962420444639,0.7374963294148368,1.2345776574453544,10.0,0.29854497996077567,2.20327498991823,-1062.1701931985444,0.2822708940622789,0.31481906585927244,0.9053411506038971,1.9947155144693602,3.200592169918323,3.622492023412996,56.00000000000001,False,False,False,0,0,0.9681250647607605,False,True,SARS2-RBD_ACE2_deltaKd_6M0J,14516,0.9924384576250024
3,0,6,6.0,0.001,5,13890,0.00028797696184305253,1.0499356175647818,0.7439918640426482,1.2494501924870074,10.0,0.3178950838000311,2.2038478239262695,-1054.3154157975296,0.3013271995818999,0.33446296801816233,0.8917691743141514,1.9653235542567689,3.0803891427605428,3.622492023412996,19.5,False,False,False,0,0,1.035266680939951,False,True,SARS2-RBD_ACE2_deltaKd_6M0J,14516,1.0043940244933143
3,1,6,6.0,0.005,18,13864,0.0016589728793998846,0.7228028693477699,0.7410590140925425,1.2100827146656377,10.0,0.2706681125269661,2.456901775047788,-1626.223687734826,0.2563415482148628,0.28499467683906937,0.9014173469126864,2.2146938796886464,3.5158762348433896,3.622492023412996,98.5,False,False,False,1,0,2.0414766263048074,False,False,SARS2-RBD_ACE2_deltaKd_6M0J,14516,0.972747737413673
3,2,6,6.0,0.02,95,13899,0.00856176703359954,1.9534076568117653,0.7677519341485819,1.285298259764272,10.0,0.3825756541611083,2.1653979245287363,-917.9579920923425,0.36476739554735277,0.4003839127748638,0.8873582839097788,1.9214837862916163,3.073369667916334,3.622492023412996,18.5,False,False,False,0,0,1.428239960820424,False,True,SARS2-RBD_ACE2_deltaKd_6M0J,14516,1.0332111672489215
0,0,7,2.0,0.001,12,13991,0.002430133657351154,3.4369354949978046,0.7440529629235022,1.2251387987777418,10.0,0.28651778295167574,2.2556024453225354,-1180.912810164591,0.2708962758156157,0.30213929008773577,0.9067546734308464,2.045278058698254,3.2375137841806305,3.622492023412996,62.5,False,False,False,0,0,0.9752536034215857,False,True,SARS2-RBD_ACE2_deltaKd_6M0J,14516,0.984850853652637
0,1,7,2.0,0.005,19,13878,0.004539559014267186,0.9867280487472492,0.7761833599112457,1.2361652364124238,10.0,0.3734876338634102,2.300188048040171,-1173.2886744650896,0.35674076338113375,0.3902345043456867,0.8865362156315674,2.039200007350495,3.1878110845293732,3.622492023412996,53.0,False,False,False,0,0,1.3596114688518928,False,True,SARS2-RBD_ACE2_deltaKd_6M0J,14516,0.993714662821115
0,2,7,2.0,0.02,101,13883,0.02168119282575812,1.519142193910637,0.740463537382744,1.2718070935035357,10.0,0.3258450455291654,2.0693091156693484,-808.8160974058774,0.30804157385781783,0.3436485172005129,0.9198391204566532,1.9034314769102278,3.0359767107257767,3.622492023412996,10.5,False,False,False,0,0,0.8546584246433664,False,True,SARS2-RBD_ACE2_deltaKd_6M0J,14516,1.022366039642228
1,0,7,3.0,0.001,6,13921,0.0017958479994253287,1.2388930642349458,0.734436636659247,1.2738556389587876,10.0,0.2920853372198146,2.2105067915808387,-1091.3098028661261,0.2760084209314667,0.3081622535081625,0.9010012978628454,1.9916694881489703,3.1705312684070446,3.622492023412996,49.0,False,False,False,0,0,1.0329612957586323,False,True,SARS2-RBD_ACE2_deltaKd_6M0J,14516,1.0240128014151502
1,1,7,3.0,0.005,23,13921,0.0034480281588966308,1.8293101459730619,0.7376083882630181,1.2679728300562072,10.0,0.3821377424761722,2.3826739057308033,-1315.2606857126302,0.365808417312935,0.3984670676394094,0.8312619828377678,1.9806262353335962,3.253976087012854,3.622492023412996,68.5,False,False,False,0,0,2.0659225915172645,False,True,SARS2-RBD_ACE2_deltaKd_6M0J,14516,1.0192837948933082
1,2,7,3.0,0.02,86,13936,0.0134902411021814,1.836162925530991,0.7602853272396977,1.2615182205086974,10.0,0.3351174762919908,2.144765313756188,-939.3392737037648,0.31785613655133726,0.3523788160326443,0.9149647977889859,1.9623847616057615,3.069267053989021,3.622492023412996,16.5,False,False,False,0,0,1.0445951940770846,False,True,SARS2-RBD_ACE2_deltaKd_6M0J,14516,1.0140951356742864
2,0,7,4.0,0.001,10,13909,0.0025163563160543532,2.5480212881072575,0.7873728348079976,1.253438680709019,10.0,0.3179774448547724,2.136565499945981,-936.5271037935017,0.3008989931587239,0.3350558965508209,0.958396255778447,2.0476763753736344,3.1212387598793963,3.622492023412996,31.0,False,False,False,0,0,4.266396232165007,False,True,SARS2-RBD_ACE2_deltaKd_6M0J,14516,1.0076002457264925
2,1,7,4.0,0.005,31,13974,0.0025762129669386004,2.4931990346989785,0.7631159437644965,1.310404653834865,10.0,0.39485530866527996,2.1989941633288232,-964.7222696297904,0.37718326216195763,0.4125273551686023,0.8690104279004222,1.9109488588249113,3.1068126317889844,3.622492023412996,29.5,False,False,False,0,0,1.0368729491336448,False,True,SARS2-RBD_ACE2_deltaKd_6M0J,14516,1.053393414074531
2,2,7,4.0,0.02,96,13870,0.010814708002883922,2.1593972262692605,0.7683852212011428,1.2335009500966536,10.0,0.3342635542311085,2.285933907547797,-1180.3939939474658,0.3180107336480413,0.3505163748141757,0.9047794680470378,2.068266064861782,3.188505005039434,3.622492023412996,53.0,False,False,False,0,1,4.278392587828629,False,True,SARS2-RBD_ACE2_deltaKd_6M0J,14516,0.9915729261827201
3,0,7,6.0,0.001,5,13927,0.0007898326990737417,1.253624056907987,0.7071787221374044,1.2147183801858847,10.0,0.2770306664044341,2.376030667319145,-1450.994827622817,0.26220939832781825,0.2918519344810499,0.8625009616640745,2.0493287355060956,3.364657161154771,3.622492023412996,91.0,False,False,False,0,0,4.260882113390039,False,True,SARS2-RBD_ACE2_deltaKd_6M0J,14516,0.9764742042837274
3,1,7,6.0,0.005,25,14022,0.0023534445870774497,1.7980470476657506,0.8269157633818472,1.212618617531051,10.0,0.5760763363621778,2.141732767356937,-534.8878156508144,0.5561653998419832,0.5959872728823724,0.8232447001964108,1.763170149963591,2.7340326254943492,3.622492023412996,0.0,False,False,False,0,0,1.101669342353808,False,True,SARS2-RBD_ACE2_deltaKd_6M0J,14516,0.9747862706021363
3,2,7,6.0,0.02,95,13818,0.011144883485309016,1.1183549933138193,0.7461093262366338,1.231503630088784,10.0,0.2912814604396209,2.3065504662465885,-1278.5890617202385,0.275777008818045,0.30678591206119676,0.906184881321952,2.090161160518758,3.3218883141512285,3.622492023412996,85.0,False,False,False,0,1,4.294493066520703,False,True,SARS2-RBD_ACE2_deltaKd_6M0J,14516,0.9899673429486161
0,0,8,2.0,0.001,5,13941,0.0009325012552901514,2.395779012928306,0.7345623297733701,1.217384773659339,10.0,0.3043809973626519,2.2939823849252736,-1257.8433031915847,0.2886425850126079,0.32011940971269587,0.8772726867358108,2.012448090148018,3.28092705908641,3.622492023412996,78.0,False,False,False,0,2,8.51320639741526,False,True,SARS2-RBD_ACE2_deltaKd_6M0J,14516,0.9786176348004372
0,1,8,2.0,0.005,32,14018,0.006991011556570124,1.841179783951417,0.7948835625456984,1.2436370174976372,10.0,0.38781911988235407,2.2199351101010705,-1005.4868882851297,0.37043433968477835,0.4052039000799298,0.9064584391119548,2.012278914832042,3.1014868873311277,3.622492023412996,27.500000000000004,False,False,False,0,0,1.22730010843563,False,True,SARS2-RBD_ACE2_deltaKd_6M0J,14516,0.9997209945015901
0,2,8,2.0,0.02,133,13933,0.02325414483600086,1.5310294183265325,0.7816130707414877,1.266695808719981,10.0,0.3772786076045239,2.1108503180958222,-831.2190226085004,0.3591103688895659,0.39544684631948196,0.9238753773197093,1.9501626340962062,2.9927196727733936,3.622492023412996,4.0,False,False,False,0,0,1.0710399470402037,False,True,SARS2-RBD_ACE2_deltaKd_6M0J,14516,1.0182572372866356
1,0,8,3.0,0.001,4,13941,0.0006455777921239509,3.36885498855004,0.7975011320461316,1.2698966172187205,10.0,0.3114634630030715,2.306168822055575,-1284.8392806057964,0.2956776148909843,0.32724931111515865,0.9538000629096361,2.199623967556849,3.320090231424025,3.622492023412996,84.0,False,False,False,1,0,2.3685678171057667,False,True,SARS2-RBD_ACE2_deltaKd_6M0J,14516,1.0208302673673963
1,1,8,3.0,0.005,25,13931,0.003589117794846027,1.9737538297448043,0.7774648372439178,1.2423337646293973,10.0,0.3865702118872364,2.119727219470538,-839.9907558331324,0.3683433254233112,0.40479709835116157,0.9062194096585904,1.9209379494658363,2.9782243830718795,3.622492023412996,3.0,False,False,False,0,0,1.0322198118050332,False,True,SARS2-RBD_ACE2_deltaKd_6M0J,14516,0.9986733501848059
1,2,8,3.0,0.02,87,13934,0.014425147122147266,1.9151871041299704,0.7613700720720963,1.2538402709381755,10.0,0.3320643858638913,2.289736359767694,-1216.458236895669,0.31587173269318025,0.34825703903460237,0.9071853714376186,2.077215330030076,3.252406583379506,3.622492023412996,68.0,False,False,False,0,0,1.3484685329956747,False,True,SARS2-RBD_ACE2_deltaKd_6M0J,14516,1.0079230715813245
2,0,8,4.0,0.001,8,13978,0.0007154099298898269,1.7311628777469497,0.767586700626391,1.2089647625977975,10.0,0.27968267935096636,2.325425956113741,-1342.2182570370205,0.2645701943810729,0.29479516432085984,0.9352341091340939,2.174817672423333,3.288104612760073,3.622492023412996,79.0,False,False,False,1,1,4.11499619352008,False,True,SARS2-RBD_ACE2_deltaKd_6M0J,14516,0.9718490506285892
2,1,8,4.0,0.005,20,13978,0.003290885677493204,1.677989655413845,0.7391725566285032,1.2395919754999294,10.0,0.3290847854993803,2.114879219132218,-886.5404865487144,0.31170820170167546,0.34646136929708515,0.8898686372498558,1.8819646886772259,3.1037219328241665,3.622492023412996,28.499999999999996,False,False,False,0,0,1.136134337698845,False,True,SARS2-RBD_ACE2_deltaKd_6M0J,14516,0.9964693114527162
2,2,8,4.0,0.02,118,13825,0.012368896925858951,1.943907509962251,0.7243402628823736,1.2589369567596869,10.0,0.28755323725712445,2.414178511847637,-1517.864331737037,0.27270548555713636,0.30240098895711254,0.8865876341085421,2.1403808151346775,3.448785295646252,3.622492023412996,96.5,False,False,False,0,0,1.5695472809718303,False,False,SARS2-RBD_ACE2_deltaKd_6M0J,14516,1.012020138286846
3,0,8,6.0,0.001,9,13991,0.0011435923093417197,1.658311098823237,0.7639878984182924,1.2181140944561455,10.0,0.30074153886617605,2.365592669824812,-1405.6399820445076,0.28552255083792766,0.31596052689442444,0.9091792108611053,2.1507476767701377,3.3595622841508437,3.622492023412996,91.0,False,False,False,0,0,1.986387685056129,False,True,SARS2-RBD_ACE2_deltaKd_6M0J,14516,0.9792039130327795
3,1,8,6.0,0.005,30,13927,0.0038055575500825735,1.5951359069653246,0.7355764367598717,1.2417110122181543,10.0,0.25629577642559354,2.273386570518791,-1222.7290872078229,0.24129513406981787,0.2712964187813692,0.9175741242957034,2.086000691629392,3.2852796165838662,3.622492023412996,78.0,False,False,False,0,0,4.260882113390039,False,True,SARS2-RBD_ACE2_deltaKd_6M0J,14516,0.9981727389524796
3,2,8,6.0,0.02,101,13907,0.010426403969224132,1.5918858901481976,0.7533402978020243,1.2957870546125072,10.0,0.3283959319143617,2.094155573863644,-857.101366459734,0.31078663117283056,0.3460052326558929,0.9251677603607615,1.9374452221184328,3.069070453425807,3.622492023412996,16.5,False,False,False,0,0,0.9497434080181633,False,True,SARS2-RBD_ACE2_deltaKd_6M0J,14516,1.0416427821568628
0,0,9,2.0,0.001,5,13943,0.0012909703794018504,2.4071124179857515,0.796927656584458,1.2406872362489938,10.0,0.3968992983772099,2.0867255291658386,-770.5962232687525,0.37825007977099473,0.41554851698342504,0.9180532536064864,1.915725161434415,2.9557149005260133,3.622492023412996,2.5,False,False,False,0,0,1.080090798271223,False,True,SARS2-RBD_ACE2_deltaKd_6M0J,14516,0.997349757394649
0,1,9,2.0,0.005,20,13939,0.004232728316235024,1.5985059234587624,0.7446316655155008,1.2542645722518466,10.0,0.3121972163795674,2.3650521826348845,-1382.9343097121891,0.2967641219686617,0.32763031079047306,0.8858642907539883,2.0951152743660244,3.277089270441505,3.622492023412996,75.5,False,False,False,0,1,2.088740745341596,False,True,SARS2-RBD_ACE2_deltaKd_6M0J,14516,1.0082641541683683
0,2,9,2.0,0.02,110,13890,0.025485961123110152,1.7999620202594673,0.7427708001612501,1.3191792869024157,10.0,0.2997885326449639,2.3153436675788575,-1304.68639814591,0.2842182184256366,0.3153588468642912,0.9095500186490129,2.1059208760252237,3.3027591807247614,3.622492023412996,82.5,False,False,False,0,1,4.2722321953335545,False,True,SARS2-RBD_ACE2_deltaKd_6M0J,14516,1.0604470678121216
1,0,9,3.0,0.001,4,13968,0.000286368843069874,0.49149602063632614,0.7275219612232218,1.2402399322441147,10.0,0.2995011635982781,2.390873270291809,-1471.5146965469103,0.2844041361402341,0.31459819105632214,0.8724422559266255,2.0858988695680543,3.3969705227079805,3.622492023412996,93.0,False,False,False,0,0,1.2478040227992413,False,True,SARS2-RBD_ACE2_deltaKd_6M0J,14516,0.9969901836618712
1,1,9,3.0,0.005,18,13920,0.0033045977011494252,2.8728244462389085,0.7911287753614159,1.2758315649970222,10.0,0.3484758417376192,2.181055994097871,-990.7466327522998,0.33128353527877047,0.3656681481964679,0.9348806727844907,2.0390270951428637,3.0662486691354047,3.622492023412996,16.0,False,False,False,0,0,3.09910650824481,False,True,SARS2-RBD_ACE2_deltaKd_6M0J,14516,1.0256011867045975
1,2,9,3.0,0.02,121,13950,0.01921146953405018,1.7836069585026526,0.7534034340933214,1.233093220259056,10.0,0.3289049683095337,2.2872236195785134,-1212.3664229269561,0.312758618732424,0.3450513178866434,0.8974562227480819,2.052683070207128,3.2262894275912344,3.622492023412996,61.5,False,False,False,0,0,1.284964413368476,False,True,SARS2-RBD_ACE2_deltaKd_6M0J,14516,0.9912451648882299
2,0,9,4.0,0.001,4,14021,0.0010698238356750588,2.7837184639649806,0.7250944685147124,1.2125682530226447,10.0,0.27709607795865254,2.3045009079815926,-1305.2113769352873,0.26192919290055966,0.2922629630167454,0.8847418279168372,2.0388883457636453,3.3390350504264594,3.622492023412996,87.5,False,False,False,0,0,1.221311429515779,False,True,SARS2-RBD_ACE2_deltaKd_6M0J,14516,0.974745784145298
2,1,9,4.0,0.005,24,13919,0.003951433292621596,2.8995839579913305,0.8070317129522799,1.2836114638319562,10.0,0.3746971813415603,2.1964160893724713,-990.5691519601096,0.35723844473215405,0.3921559179509666,0.9375613391869112,2.0592748101637324,3.0940427938011497,3.622492023412996,22.5,False,False,False,1,0,2.1689705254373526,False,True,SARS2-RBD_ACE2_deltaKd_6M0J,14516,1.0318552046302072
2,2,9,4.0,0.02,108,13887,0.01764239936631382,1.2848084623092575,0.7563152832515889,1.226259618783593,10.0,0.29530271671617225,2.251783862390684,-1168.019436262839,0.2794273535447335,0.311178079887611,0.9237750200955964,2.0801416827308934,3.276736080683852,3.622492023412996,75.5,False,False,False,0,1,4.27315512300591,False,True,SARS2-RBD_ACE2_deltaKd_6M0J,14516,0.9857518458836029
3,0,9,6.0,0.001,5,13955,0.0006449301325689717,2.004625936699698,0.7621709212536433,1.209759301478745,10.0,0.26137582449797414,2.229955194540891,-1141.901973484084,0.24600773096052686,0.2767439180354214,0.9492162231005286,2.1167096474455085,3.310342639506565,3.622492023412996,82.5,False,False,False,0,0,4.252332869450597,False,True,SARS2-RBD_ACE2_deltaKd_6M0J,14516,0.972487755643843
3,1,9,6.0,0.005,22,13907,0.0019414683253038039,1.5036581361529069,0.71920838906953,1.2575766879060777,10.0,0.27275151860590513,2.332128463751912,-1368.5849873644838,0.25774221753510523,0.287760819676705,0.8956448497272579,2.0887588474617416,3.334086030192098,3.622492023412996,87.5,False,False,False,0,0,1.5602927417441257,False,True,SARS2-RBD_ACE2_deltaKd_6M0J,14516,1.0109266605984317
3,2,9,6.0,0.02,99,13870,0.009300648882480172,1.6217235306478512,0.7570885188706249,1.312028506104405,10.0,0.34758738372857695,2.1026309045012037,-849.7667099359314,0.32973308804661283,0.36544167941054106,0.9083366779091485,1.9098967706637313,3.0689854665487544,3.622492023412996,16.5,False,False,False,0,0,0.9522769701015572,False,True,SARS2-RBD_ACE2_deltaKd_6M0J,14516,1.0546987782467028
0,0,10,2.0,0.001,5,13937,0.0005022601707684581,0.986118633031781,0.7545762128210609,1.2446166833235437,10.0,0.28184654867374354,2.309476578178208,-1297.239944192108,0.26660484783773997,0.2970882495097471,0.9078111838093376,2.096568666415897,3.2852402930396174,3.622492023412996,78.0,False,False,False,0,0,2.0635508643547276,False,True,SARS2-RBD_ACE2_deltaKd_6M0J,14516,1.00050851729158
0,1,10,2.0,0.005,24,13905,0.004243078029485797,1.0490788224432828,0.7728532382107369,1.2490955588890371,10.0,0.3512477712401537,2.1998493555813323,-1012.733086000655,0.3341615469118466,0.36833399556846086,0.904570480781408,1.9899187892248766,3.169562424339525,3.622492023412996,48.5,False,False,False,0,0,4.26762353061367,False,True,SARS2-RBD_ACE2_deltaKd_6M0J,14516,1.0041089456091556
0,2,10,2.0,0.02,98,13905,0.01754764473211075,1.5463889745747683,0.7692149060987988,1.3520330263409577,10.0,0.3547494251903298,2.093746354901635,-830.1449624094093,0.336736647136082,0.37276220324457765,0.921355184664487,1.9290840594609924,2.9839949536300185,3.622492023412996,3.5000000000000004,False,False,False,0,0,4.26762353061367,False,True,SARS2-RBD_ACE2_deltaKd_6M0J,14516,1.0868571638469622
1,0,10,3.0,0.001,6,13898,0.0005036695927471579,2.490812421360559,0.8160379507024661,1.2548020081538975,10.0,0.3334995940220965,2.195834277027213,-1026.8073818797056,0.31664398374120145,0.35035520430299155,0.9636615605227538,2.1160410860493966,3.160411845835418,3.622492023412996,45.5,False,False,False,0,0,1.697068639797684,False,True,SARS2-RBD_ACE2_deltaKd_6M0J,14516,1.0086961821209943
1,1,10,3.0,0.005,23,13919,0.0032329908757813062,2.1869781884209485,0.763626418636218,1.2452338586626746,10.0,0.3299420107148206,2.365507493266491,-1374.8661159140538,0.3142047028778263,0.3456793185518149,0.8959709669737486,2.1194260361256254,3.3185262773460846,3.622492023412996,84.0,False,False,False,0,0,1.806504476343695,False,True,SARS2-RBD_ACE2_deltaKd_6M0J,14516,1.0010046452896508
1,2,10,3.0,0.02,99,13949,0.011470356297942505,2.130374137001848,0.7627200920927955,1.2800279889327717,10.0,0.3256606612359489,2.25535281940757,-1162.3106289233474,0.30934615448767827,0.3419751679842195,0.9112001062134523,2.055077728592987,3.2641801552277743,3.622492023412996,71.0,False,False,False,0,0,1.248456136331035,False,True,SARS2-RBD_ACE2_deltaKd_6M0J,14516,1.0289745609700558
2,0,10,4.0,0.001,5,13895,0.000647715005397625,1.193093189126986,0.7874433667680336,1.2711503209735453,10.0,0.37789737201004214,2.0878970365549194,-797.003011273875,0.3594868278617331,0.3963079161583512,0.9222423766694374,1.9255471252334841,3.0113321724537365,3.622492023412996,6.0,False,False,False,0,0,1.0389263675668463,False,True,SARS2-RBD_ACE2_deltaKd_6M0J,14516,1.0218380806979337
2,1,10,4.0,0.005,31,13997,0.004786740015717654,1.7168750634546406,0.763246957879016,1.2423362825573685,10.0,0.37271385962450465,2.260076928780485,-1107.8743530664651,0.3557858246184176,0.3896418946305917,0.8744083273405517,1.9762300869559153,3.18049298975678,3.622492023412996,50.0,False,False,False,0,0,1.8909868510340855,False,True,SARS2-RBD_ACE2_deltaKd_6M0J,14516,0.9986753742685377
2,2,10,4.0,0.02,107,13708,0.011234315728042019,1.7859844707758374,0.7490647512955735,1.3377081250551859,10.0,0.3525323241937764,2.2568275858504623,-1103.5942412842996,0.3356930134814798,0.369371634906073,0.8863054831651286,2.0002386638975844,3.0931235954070964,3.622492023412996,22.0,False,False,False,0,0,1.445296349793033,False,True,SARS2-RBD_ACE2_deltaKd_6M0J,14516,1.0753418226677776
3,0,10,6.0,0.001,7,13946,0.0007170514842965725,2.944684922152409,0.7289494031442858,1.2063220400478567,10.0,0.24202020589366974,2.2533770665728667,-1159.7907442027354,0.2272416156503971,0.2567987961369424,0.8997085519546633,2.0273826175741205,3.326595253188231,3.622492023412996,86.5,False,False,False,0,0,4.255077096886784,False,True,SARS2-RBD_ACE2_deltaKd_6M0J,14516,0.9697246484287136
3,1,10,6.0,0.005,29,13876,0.0033150763908907466,2.1620108230333477,0.7431154096578392,1.2694042809413426,10.0,0.34857625391703556,2.1974897403721356,-1014.9507651984313,0.3314823496105043,0.3656701582235668,0.8726430383610386,1.9176241238055503,3.125935297427524,3.622492023412996,33.0,False,False,False,0,0,1.2426690349130805,False,True,SARS2-RBD_ACE2_deltaKd_6M0J,14516,1.0204344935958503
3,2,10,6.0,0.02,101,13845,0.012784398699891657,1.324838663203253,0.739562249369678,1.2584043739747357,10.0,0.3350182887770309,2.3257058378211535,-1285.8636753139945,0.3189342716034433,0.3511023059506185,0.877763092421653,2.0414187482689874,3.30280754164702,3.622492023412996,82.5,False,False,False,0,0,1.2743846607339564,False,True,SARS2-RBD_ACE2_deltaKd_6M0J,14516,1.01159201160363
0,0,11,2.0,0.001,6,13920,0.0007183908045977011,2.398455412107774,0.7702223768048404,1.249030281051628,10.0,0.3089318236940358,2.2141149773591704,-1081.1221305747677,0.29261376051738636,0.3252498868706853,0.9212602327063069,2.0397760792804287,3.1503485830148046,3.622492023412996,41.5,False,False,False,0,0,2.06607100549654,False,True,SARS2-RBD_ACE2_deltaKd_6M0J,14516,1.0040564707924566
0,1,11,2.0,0.005,16,13988,0.004146411209608235,1.01505491346974,0.7774707950041994,1.2614937695014499,10.0,0.33811793713584554,2.1364126798074414,-936.0679438802326,0.32075040442274316,0.3554854698489479,0.9462382637294274,2.0215554247505265,3.0465920439217995,3.622492023412996,13.5,False,False,False,0,0,2.056027194488979,False,True,SARS2-RBD_ACE2_deltaKd_6M0J,14516,1.0140754802724785
0,2,11,2.0,0.02,93,13919,0.016667864070694732,1.5692961578278362,0.7656533670212406,1.2590680084450014,10.0,0.36141698722948107,2.208582212315069,-1023.2504938948478,0.3442333387772801,0.37860063568168206,0.8952078044937232,1.9771400333304627,3.0958638555671567,3.622492023412996,24.0,False,False,False,0,0,1.0835924805416874,False,True,SARS2-RBD_ACE2_deltaKd_6M0J,14516,1.012125486647606
1,0,11,3.0,0.001,5,13909,0.0005751671579552807,2.001193703367161,0.743428770523946,1.220453990229586,10.0,0.33167735332424036,2.1197358029138273,-889.8673911334408,0.31425462741749804,0.3491000792309827,0.8868650977492134,1.879919700053679,3.1530959904880898,3.622492023412996,43.0,False,False,False,0,0,0.8563278689528969,False,True,SARS2-RBD_ACE2_deltaKd_6M0J,14516,0.9810848822358037
1,1,11,3.0,0.005,28,13970,0.002934860415175376,2.3439161619600304,0.7766611272209422,1.2360442365013338,10.0,0.34853956087987253,2.051726159626627,-773.0379897758612,0.3302575623513771,0.36682155940836797,0.9494415182791571,1.947994000088969,2.992304473559124,3.622492023412996,4.0,False,False,False,0,0,3.0880145021308345,False,True,SARS2-RBD_ACE2_deltaKd_6M0J,14516,0.9936173947680194
1,2,11,3.0,0.02,81,13853,0.011116725618999495,2.1959855586847086,0.7882099410046519,1.3248258896854186,10.0,0.3195702101680643,2.208617884620744,-1055.6270272306137,0.30300416942456343,0.3361362509115652,0.9402207098439175,2.0765882752520874,3.1769497843816725,3.622492023412996,49.5,False,False,False,0,0,1.2901896058645528,False,True,SARS2-RBD_ACE2_deltaKd_6M0J,14516,1.0649861956045201
2,0,11,4.0,0.001,5,13966,0.0005728197049978519,1.5185142115109533,0.7783914880932352,1.1814679038331923,10.0,0.27916879447098086,2.2422796144130843,-1151.364274613792,0.2635903395980582,0.2947472493439035,0.9514442009305271,2.1334039359980674,3.155767491277006,3.622492023412996,44.0,False,False,False,1,0,4.248983616868329,False,True,SARS2-RBD_ACE2_deltaKd_6M0J,14516,0.9497451838225555
2,1,11,4.0,0.005,20,13870,0.0015140591204037491,2.3005983670380603,0.740612952009005,1.2487763667029759,10.0,0.3188073861901631,2.3585080008681514,-1371.931906648926,0.3031806527859265,0.33443411959439967,0.8817167970103529,2.079536120248757,3.313566794350381,3.622492023412996,83.0,False,False,False,0,0,1.3546907381947897,False,True,SARS2-RBD_ACE2_deltaKd_6M0J,14516,1.0038523569701907
2,2,11,4.0,0.02,116,13809,0.015641972626547904,1.7866984873126985,0.7337133581432886,1.2398560398251544,10.0,0.34098254034540243,2.2160562072845176,-1065.1891141650267,0.32406184900168983,0.35790323168911503,0.886730564839422,1.9650447724013076,3.0914968463944903,3.622492023412996,21.5,False,False,False,0,0,3.1240178575398474,False,True,SARS2-RBD_ACE2_deltaKd_6M0J,14516,0.9966815845244502
3,0,11,6.0,0.001,4,13952,0.0007167431192660551,1.825569482432316,0.7841339570345477,1.2925942783309294,10.0,0.28444396543372613,2.1010899288669145,-893.6257404467615,0.26766833656433153,0.30121959430312073,0.9822685347779443,2.063834525864799,3.0473254707243225,3.622492023412996,13.5,False,False,False,1,0,4.12266462105961,False,True,SARS2-RBD_ACE2_deltaKd_6M0J,14516,1.0390762089248577
3,1,11,6.0,0.005,21,13909,0.001581709684377022,2.8628545153067106,0.756056738430348,1.2731521167859272,10.0,0.40364365083658366,2.199963403021118,-947.1499098251952,0.3858304919993402,0.4214568096738271,0.8615726530728239,1.8954283058040229,3.0377470066558905,3.622492023412996,11.0,False,False,False,0,0,1.1570726742797455,False,True,SARS2-RBD_ACE2_deltaKd_6M0J,14516,1.0234472618916315
3,2,11,6.0,0.02,97,13759,0.009157642270513846,1.4670361611288936,0.7339805039237037,1.2474430390925875,10.0,0.2929360524641735,2.386359395032004,-1426.2288988326327,0.2778496935884977,0.30802241133984926,0.8764664688087246,2.091563992272225,3.3823936359644287,3.622492023412996,92.0,False,False,False,0,1,4.312908292258382,False,True,SARS2-RBD_ACE2_deltaKd_6M0J,14516,1.0027805365065832
0,0,12,2.0,0.001,7,13918,0.0020836327058485413,2.042497386032524,0.7413428318719154,1.2711158286948279,10.0,0.31723959739396124,2.172939785571985,-1001.9207050786645,0.30047382357663843,0.33400537121128404,0.8927545495049474,1.9399018793696945,3.1454429092189917,3.622492023412996,40.5,False,False,False,0,0,1.3215136679372634,False,True,SARS2-RBD_ACE2_deltaKd_6M0J,14516,1.0218103534312981
0,1,12,2.0,0.005,30,13906,0.005465266791313103,1.1086763907947033,0.756325200363887,1.223104649609618,10.0,0.31964226828927106,2.0330220648066866,-739.7193625453074,0.3016526520723997,0.3376318845061424,0.9289929739861509,1.8886632141642286,2.9493406380299008,3.622492023412996,2.0,False,False,False,0,0,1.522689081197992,False,True,SARS2-RBD_ACE2_deltaKd_6M0J,14516,0.9832156646057453
0,2,12,2.0,0.02,88,13872,0.016219723183391002,1.4809991769184052,0.784074226432445,1.3066662184240492,10.0,0.3346526762555227,2.0959211616964986,-852.341246801443,0.31692303436876773,0.35238231814227766,0.9625277927844017,2.0173823696178497,3.0503306031877506,3.622492023412996,14.000000000000002,False,False,False,0,0,1.172794819404664,False,True,SARS2-RBD_ACE2_deltaKd_6M0J,14516,1.0503882024941447
1,0,12,3.0,0.001,5,13945,0.0005736823234134098,1.6828047645027628,0.7754908031339374,1.2735498284020226,10.0,0.28546452611534867,2.2697800725644046,-1224.7970566367003,0.26988628152163885,0.3010427707090585,0.9547744271200536,2.167127968471193,3.2393168249452735,3.622492023412996,62.5,False,False,False,0,0,2.0623670417003828,False,True,SARS2-RBD_ACE2_deltaKd_6M0J,14516,1.023766969850444
1,1,12,3.0,0.005,19,13951,0.0033689341265859076,1.5136490158873261,0.7759932825149807,1.2315595225878242,10.0,0.4018053855380929,2.31025475188648,-1146.792160604091,0.384803759801028,0.41880701127515785,0.8737766903989347,2.0186467510817807,3.076887513651699,3.622492023412996,19.0,False,False,False,0,0,2.061480065695064,False,True,SARS2-RBD_ACE2_deltaKd_6M0J,14516,0.9900122731846411
1,2,12,3.0,0.02,88,13947,0.014196601419660141,2.5771621147644623,0.7734049991422898,1.2592207808646725,10.0,0.39961620114786506,2.3384847794481605,-1190.0668340581396,0.3828293910746069,0.4164030112211232,0.8644737145492062,2.0215586237063325,3.168654343425377,3.622492023412996,48.5,False,False,False,0,0,1.4205293154773713,False,True,SARS2-RBD_ACE2_deltaKd_6M0J,14516,1.0122482956289864
2,0,12,4.0,0.001,5,13961,0.0004297686412148127,0.8723228868547392,0.7578442529045708,1.2681317053838137,10.0,0.30172930650454943,2.172103712121332,-1009.1738784087865,0.2852464718190754,0.31821214119002345,0.9250128851170125,2.009223921522726,3.153518450957541,3.622492023412996,43.0,False,False,False,0,0,1.030001733275261,False,True,SARS2-RBD_ACE2_deltaKd_6M0J,14516,1.0194115098119556
2,1,12,4.0,0.005,24,13940,0.0024390243902439024,2.0066910189989517,0.7383901368057638,1.1843779474930927,10.0,0.3096107521979931,2.101163350247406,-869.8128147804382,0.2924347273560632,0.32678677703992304,0.8909723116101551,1.872078367240469,3.07252262187721,3.622492023412996,18.5,False,False,False,0,1,8.513817100887099,False,True,SARS2-RBD_ACE2_deltaKd_6M0J,14516,0.9520844771217951
2,2,12,4.0,0.02,110,13878,0.011456982274102896,1.4906111541748897,0.7280070127394104,1.1821322704715473,10.0,0.3184441425652637,2.320126392694308,-1280.2183058507653,0.3026178289656915,0.3342704561648359,0.8655474690689535,2.008179527116639,3.2787492665862192,3.622492023412996,77.0,False,False,False,0,0,1.3737374556329938,False,True,SARS2-RBD_ACE2_deltaKd_6M0J,14516,0.9502792474336132
3,0,12,6.0,0.001,3,13941,0.0001434617315831002,1.7833604449374023,0.7565344328935526,1.282122447677262,10.0,0.2943070620529104,2.1315063216389656,-951.1419889535828,0.27758535853266475,0.31102876557315606,0.953852343329728,2.0331422997174564,3.1047443128517997,3.622492023412996,28.499999999999996,False,False,False,0,0,1.624160788872526,False,True,SARS2-RBD_ACE2_deltaKd_6M0J,14516,1.0306582310036139
3,1,12,6.0,0.005,27,13815,0.0023887079261672097,0.7521518532074051,0.8032221678601239,1.290451529577544,10.0,0.37448664517935376,2.2049284338768276,-985.1409965567218,0.35704036834502034,0.3919329220136872,0.9151965702201197,2.0179429402648923,3.1312987008355355,3.622492023412996,35.0,False,False,False,0,0,1.2108064928803144,False,True,SARS2-RBD_ACE2_deltaKd_6M0J,14516,1.03735372005989
3,2,12,6.0,0.02,106,13848,0.008737723859041016,1.3979026689834952,0.7516553741527467,1.2378468800502769,10.0,0.31058013012975294,2.306397445061734,-1269.8044414817778,0.29475895021037024,0.32640131004913564,0.9083130626113467,2.094930926923009,3.223561370449213,3.622492023412996,60.5,False,False,False,0,0,1.6602422037795017,False,True,SARS2-RBD_ACE2_deltaKd_6M0J,14516,0.995066483671072
0,0,13,2.0,0.001,7,13945,0.0009322337755467909,1.6952545805082724,0.7368068502562226,1.2093716953181477,10.0,0.3193063154405713,2.258683343614042,-1161.5493132763368,0.30312851885334346,0.33548411202779915,0.8778905868107879,1.982876845945084,3.2309416493558643,3.622492023412996,61.5,False,False,False,0,1,2.3725477728508513,False,True,SARS2-RBD_ACE2_deltaKd_6M0J,14516,0.9721761711453959
0,1,13,2.0,0.005,32,13952,0.00494552752293578,1.7399232243536726,0.745954471816699,1.2043834707808923,10.0,0.31531334147526263,2.1800472207921753,-1020.4842730483506,0.29864577021377825,0.331980912736747,0.9005652584568014,1.963274788840737,3.090438282157086,3.622492023412996,21.0,False,False,False,0,0,4.2532472185481,False,True,SARS2-RBD_ACE2_deltaKd_6M0J,14516,0.9681662930820873
0,2,13,2.0,0.02,99,13928,0.016010913268236646,1.811887810325281,0.7403616466577685,1.255149572915123,10.0,0.3453670442413491,2.2722319074557333,-1164.6981029291783,0.3288630766328559,0.36187101184984233,0.877082962300801,1.9929358924256741,3.1468377960715688,3.622492023412996,41.0,False,False,False,0,0,2.064884290387122,False,True,SARS2-RBD_ACE2_deltaKd_6M0J,14516,1.008975578587855
1,0,13,3.0,0.001,8,13960,0.0009312320916905444,2.139360836166094,0.7357111209271173,1.2237325809630737,10.0,0.332699128931778,2.214985001646544,-1069.9026843190295,0.3160097745342093,0.3493884833293467,0.8798405236958237,1.9488335638270902,3.1313154027960546,3.622492023412996,35.0,False,False,False,0,0,1.0166816494730362,False,True,SARS2-RBD_ACE2_deltaKd_6M0J,14516,0.9837204390281233
1,1,13,3.0,0.005,22,13974,0.0035780735651925,2.1177606513014737,0.7654499835030764,1.2270946769380047,10.0,0.2951572909410925,2.1837181559835064,-1037.771194558125,0.27888896759280657,0.3114256142893784,0.9308767950056344,2.03277255823754,3.2325911006331505,3.622492023412996,62.0,False,False,False,0,0,1.1477304114797184,False,True,SARS2-RBD_ACE2_deltaKd_6M0J,14516,0.9864231230785153
1,2,13,3.0,0.02,114,13901,0.018775627652686856,2.032080643695154,0.7268420881516379,1.218502994225138,10.0,0.3399602179027017,2.2263537434144256,-1074.5249828600572,0.32321603569431206,0.35670440011109134,0.8685493355688803,1.9336980645838886,3.120672700946739,3.622492023412996,30.5,False,False,False,0,0,1.488521015333047,False,True,SARS2-RBD_ACE2_deltaKd_6M0J,14516,0.9795165374226524
2,0,13,4.0,0.001,4,13963,0.0004297070830050849,2.226136860635575,0.7761634752522752,1.230327756973045,10.0,0.3513794144750615,2.1607137716249443,-948.6711033841857,0.33401262247922453,0.36874620647089845,0.9068354484494214,1.9594118420623472,3.076219965038666,3.622492023412996,19.0,False,False,False,0,0,1.0425752792851288,False,True,SARS2-RBD_ACE2_deltaKd_6M0J,14516,0.9890220952403743
2,1,13,4.0,0.005,23,13943,0.001721293839202467,1.950864413228516,0.7660440504146198,1.2382552652147456,10.0,0.29674359172352077,2.235223365243787,-1126.2662003623846,0.28080027916025463,0.3126869042867869,0.9183119287440262,2.052632279710735,3.2111160130667575,3.622492023412996,56.99999999999999,False,False,False,0,0,1.0179037523101526,False,True,SARS2-RBD_ACE2_deltaKd_6M0J,14516,0.9953947717623866
2,2,13,4.0,0.02,98,13891,0.014253833417320567,1.9928858947577108,0.7435955216083742,1.3222212490044611,10.0,0.3200240614707427,2.209704651904461,-1076.507153846309,0.30344452161495383,0.33660360132653155,0.9080151439640265,2.0064452876170082,3.233088699704972,3.622492023412996,62.0,False,False,False,0,0,1.03519215306716,False,True,SARS2-RBD_ACE2_deltaKd_6M0J,14516,1.0628924062308927
3,0,13,6.0,0.001,3,13878,0.0002882259691598213,2.5602485075833776,0.7378020070736285,1.2262410057046076,10.0,0.34641263067924466,2.155945553746945,-936.8001046206773,0.32904764140838694,0.3637776199501024,0.8722993218306844,1.8806298444373395,3.159377793998427,3.622492023412996,45.0,False,False,False,0,1,4.275926300128483,False,True,SARS2-RBD_ACE2_deltaKd_6M0J,14516,0.9857368834101703
3,1,13,6.0,0.005,22,13943,0.0014344115326687227,1.973500951678491,0.7797011687947443,1.1806969640947114,10.0,0.3651582343538765,2.1806288444547506,-960.9933051815315,0.34775177608491303,0.38256469262284,0.8956765899391366,1.9531382073241508,3.0856179713345133,3.622492023412996,19.5,False,False,False,0,0,1.233901808796576,False,True,SARS2-RBD_ACE2_deltaKd_6M0J,14516,0.9491254494215919
3,2,13,6.0,0.02,98,13785,0.007616974972796518,1.8627068335307508,0.7429441727738264,1.3050124912723502,10.0,0.35070576784091734,2.2213490946853836,-1048.2971232621494,0.33369767840117415,0.3677138572806605,0.8591542123948556,1.908481431898446,3.166013290308518,3.622492023412996,47.5,False,False,False,0,0,1.00069789066109,False,True,SARS2-RBD_ACE2_deltaKd_6M0J,14516,1.0490588228363589
0,0,14,2.0,0.001,5,13948,0.0004301691998852882,2.003315284395523,0.7475342766204829,1.2687353398398278,10.0,0.3138551792570238,2.2402502923654866,-1134.4973116532638,0.29763699813752836,0.3300733603765192,0.889676678240613,1.9930984385392885,3.1748650719778184,3.622492023412996,49.5,False,False,False,0,0,1.1385779876938957,False,True,SARS2-RBD_ACE2_deltaKd_6M0J,14516,1.0198967527165903
0,1,14,2.0,0.005,17,13968,0.0037227949599083618,1.5119467596418579,0.7125014216801542,1.1875951832699636,10.0,0.31020961883266984,2.377148023275235,-1418.4000269588068,0.2948823396203116,0.3255368980450281,0.847540234216967,2.014728592415093,3.26855764958712,3.622492023412996,72.5,False,False,False,0,0,4.248375228607036,False,True,SARS2-RBD_ACE2_deltaKd_6M0J,14516,0.954670712578883
0,2,14,2.0,0.02,86,13939,0.014061266948848555,1.5365106628623477,0.7457089179846684,1.2522677320464846,10.0,0.3688928559180195,2.264969806946646,-1117.4114010258709,0.35201162115287093,0.3857740906831681,0.8619165966933783,1.9522150676167116,3.144664894821662,3.622492023412996,40.5,False,False,False,0,0,1.150612294283491,False,True,SARS2-RBD_ACE2_deltaKd_6M0J,14516,1.0066589566325295
1,0,14,3.0,0.001,3,13934,0.0,,0.7674296948613103,1.3008204975454711,10.0,0.3386473346483896,2.1736618262840866,-984.340338132366,0.3215504644741919,0.3557442048225873,0.9162045410967466,1.9915188360501277,3.083173632500584,3.622492023412996,19.5,False,False,False,0,0,4.258741581253271,False,True,SARS2-RBD_ACE2_deltaKd_6M0J,14516,1.0456890098775806
1,1,14,3.0,0.005,24,13937,0.0030135610246107484,2.7735552149259446,0.7592184230451395,1.244838560965063,10.0,0.32610385949983267,2.280002208613409,-1203.025095853678,0.3099507993788345,0.3422569196208308,0.9024537553782283,2.0575965554338254,3.2439791196496937,3.622492023412996,66.0,False,False,False,0,0,3.0953262965320913,False,True,SARS2-RBD_ACE2_deltaKd_6M0J,14516,1.0006868778045885
1,2,14,3.0,0.02,110,13881,0.017650025214321734,1.9780985331870606,0.7267871038212007,1.2225319515528972,10.0,0.254434145061959,2.332872179504973,-1348.5402902826972,0.23978118327911901,0.269087106844799,0.9196498053011672,2.1454254456742583,3.38907984354273,3.622492023412996,92.5,False,False,False,0,1,4.275002175144664,False,True,SARS2-RBD_ACE2_deltaKd_6M0J,14516,0.9827552905072272
2,0,14,4.0,0.001,4,13955,0.00028663561447509855,0.3687306965499313,0.7970495722668581,1.2573886196785038,10.0,0.37737414271581,2.101041446281799,-823.3136583665037,0.35911687072065557,0.3956314147109644,0.9352989041202523,1.9651017622185967,2.9856655297916186,3.622492023412996,3.5000000000000004,False,False,False,0,0,2.0608891720897056,False,True,SARS2-RBD_ACE2_deltaKd_6M0J,14516,1.0107754784183751
2,1,14,4.0,0.005,21,14013,0.0028544922571897523,1.5335241306832978,0.7771491952029537,1.2218079532219823,10.0,0.3612681605361566,2.122592056841229,-865.4166890043125,0.3435081286967198,0.37902819237559343,0.8983443089367696,1.9068184944577105,3.069220893450152,3.622492023412996,16.5,False,False,False,0,0,0.9867657344348182,False,True,SARS2-RBD_ACE2_deltaKd_6M0J,14516,0.982173290839144
2,2,14,4.0,0.02,96,13827,0.010414406595790845,2.05781867602363,0.7591285832233479,1.2589609619397812,10.0,0.28222038189140614,2.2738180866776356,-1223.1892183602904,0.266661645465263,0.2977791183175493,0.9409454681112676,2.1395388239687545,3.298303317594265,3.622492023412996,82.0,False,False,False,0,0,1.3646263082900536,False,True,SARS2-RBD_ACE2_deltaKd_6M0J,14516,1.012039435302116
3,0,14,6.0,0.001,2,13953,0.0,,0.7969651084693917,1.258536966032328,10.0,0.39686295886440953,2.1224706805386955,-828.5352799230459,0.37854511455420964,0.4151808031746094,0.9124095261130252,1.9365624678191011,3.0069724644443343,3.622492023412996,5.0,False,False,False,0,0,2.061184576543527,False,True,SARS2-RBD_ACE2_deltaKd_6M0J,14516,1.0116985982216016
3,1,14,6.0,0.005,24,13826,0.0019528424707073628,1.3543859226057868,0.753349833410575,1.2602960909794285,10.0,0.34476254554238533,2.1985996679627267,-1013.4624484489177,0.32769603230471006,0.3618290587800606,0.8897372976410887,1.956176127167751,3.161622602642124,3.622492023412996,45.5,False,False,False,0,0,1.0067133792920182,False,True,SARS2-RBD_ACE2_deltaKd_6M0J,14516,1.0131127038784968
3,2,14,6.0,0.02,93,13883,0.006482748685442628,1.7633411841309643,0.722885669552797,1.2534214084764732,10.0,0.2837053555108157,2.253340679838162,-1172.4701939532533,0.26804386106220895,0.2993668499594225,0.8866532150867769,1.9979317584643297,3.2130691937650475,3.622492023412996,56.99999999999999,False,False,False,0,0,1.9065146548962109,False,True,SARS2-RBD_ACE2_deltaKd_6M0J,14516,1.0075863611176759
0,0,15,2.0,0.001,4,13965,0.0014321518080916578,1.4179612202214944,0.7607993125010462,1.266366515996038,10.0,0.3518014430556177,2.0529837887756495,-766.2141903682714,0.3334981752595125,0.370104710851723,0.9112227096636464,1.8707254509036864,3.0058654913903506,3.622492023412996,5.0,False,False,False,0,0,1.0297067095063315,False,True,SARS2-RBD_ACE2_deltaKd_6M0J,14516,1.0179925291404235
0,1,15,2.0,0.005,26,14001,0.004142561245625312,1.3271955786117382,0.7645448890633433,1.229954776955725,10.0,0.2547836143382635,2.144253094511499,-961.2470553709863,0.23898455199017632,0.2705826766863507,0.9621045931930611,2.062995751197948,3.2070462062687892,3.622492023412996,56.49999999999999,False,False,False,0,0,0.9225175896821948,False,True,SARS2-RBD_ACE2_deltaKd_6M0J,14516,0.988722268242144
0,2,15,2.0,0.02,90,13967,0.01353189661344598,1.6559893732611632,0.7148272893988254,1.2212526816526592,10.0,0.3007630783433062,2.4173100666842555,-1514.1978184798572,0.28580404412000526,0.3157221125666071,0.8484085398235313,2.050866503976312,3.3716144852776453,3.622492023412996,91.0,False,False,False,0,1,2.0845533936648173,False,True,SARS2-RBD_ACE2_deltaKd_6M0J,14516,0.9817269253501051
1,0,15,3.0,0.001,7,13977,0.0013593761179079918,1.6864824965067073,0.7561758609647169,1.2850494529925471,10.0,0.3697429410854149,2.2353332360754683,-1063.1168207903902,0.3526787650635411,0.38680711710728866,0.8683958514479838,1.9411541088117334,3.1109445831581333,3.622492023412996,29.5,False,False,False,0,0,1.0288226513741088,False,True,SARS2-RBD_ACE2_deltaKd_6M0J,14516,1.0330111592483813
1,1,15,3.0,0.005,23,13883,0.0022329467694302382,1.675339297850905,0.7487268773526152,1.2876241395882115,10.0,0.30719160646555943,2.2030384389743602,-1066.8915638489198,0.29077821435228884,0.32360499857883,0.9015231341352076,1.9860901181245003,3.198912862897025,3.622492023412996,54.50000000000001,False,False,False,0,0,1.0032072421884655,False,True,SARS2-RBD_ACE2_deltaKd_6M0J,14516,1.0350808694674665
1,2,15,3.0,0.02,104,13803,0.015286531913352169,2.2429829656419726,0.7461153284854032,1.3383524309921717,10.0,0.29988263368131035,2.117290257549088,-899.6267916597062,0.2829003836859961,0.3168648836766246,0.9247197387920416,1.957900093907727,3.0875349996455714,3.622492023412996,20.5,False,False,False,0,0,0.8529994902461433,False,True,SARS2-RBD_ACE2_deltaKd_6M0J,14516,1.075859760106937
2,0,15,4.0,0.001,4,13962,0.0012175906030654634,2.3243516377044546,0.7188684421703042,1.2413114578540754,10.0,0.30367469013529835,2.3697709750443936,-1410.9646761515178,0.28841271364973264,0.31893666662086406,0.8553835510507672,2.0270631118105125,3.3442277133101004,3.622492023412996,88.5,False,False,False,0,1,2.0852999032600277,False,True,SARS2-RBD_ACE2_deltaKd_6M0J,14516,0.9978515496660605
2,1,15,4.0,0.005,35,13916,0.0021557918942224775,1.9367399367205576,0.7689855402911243,1.241375265575792,10.0,0.3129019414975374,2.181408013342929,-1013.0475441253147,0.29627901642898324,0.3295248665660916,0.9285748637370026,2.025600648744716,3.163104005903124,3.622492023412996,46.0,False,False,False,0,0,1.0477532003916277,False,True,SARS2-RBD_ACE2_deltaKd_6M0J,14516,0.9979028427026249
2,2,15,4.0,0.02,91,13847,0.009460532967429769,1.3693294753572491,0.7439850459927583,1.291910787795289,10.0,0.3382870357754952,2.1759473992146434,-984.2109483811,0.32116462002419294,0.3554094515267974,0.8917529350179679,1.9404074796943722,3.131860196007029,3.622492023412996,35.5,False,False,False,0,0,0.9670821252184676,False,True,SARS2-RBD_ACE2_deltaKd_6M0J,14516,1.0385267722094744
3,0,15,6.0,0.001,2,13968,0.000143184421534937,2.2820529468846917,0.7751980786458472,1.2040294723665252,10.0,0.301091768024084,2.281075102671043,-1233.2975443910982,0.2853463534069169,0.3168371826412511,0.9342299734248879,2.131048732548542,3.2339758982827758,3.622492023412996,62.0,False,False,False,0,0,2.058971105134009,False,True,SARS2-RBD_ACE2_deltaKd_6M0J,14516,0.9678817248022085
3,1,15,6.0,0.005,22,13932,0.0018662072925638817,0.9981550845466893,0.7189491908145658,1.2362070596573733,10.0,0.30111962424576416,2.2803789303870716,-1233.784625873137,0.28535657904602724,0.3168826694455011,0.8687332299504674,1.9810409537061529,3.282788137092497,3.622492023412996,78.0,False,False,False,0,0,3.0964371658604475,False,True,SARS2-RBD_ACE2_deltaKd_6M0J,14516,0.9937482832227642
3,2,15,6.0,0.02,96,13844,0.012351921409997111,1.4105879005319775,0.738581711394633,1.249099591980171,10.0,0.32891380860582187,2.1848412644551565,-1001.2076911679615,0.31201983686931756,0.3458077803423262,0.8849772203978065,1.9335347492279533,3.182139204904443,3.622492023412996,50.0,False,False,False,0,1,4.286427708262286,False,True,SARS2-RBD_ACE2_deltaKd_6M0J,14516,1.004112187685278
0,0,16,2.0,0.001,5,13956,0.0007165376898824878,0.9654675665444368,0.7450531106982918,1.267666063842544,10.0,0.3580783125711109,2.209710668723293,-1026.9195274533995,0.34098656572122393,0.37517005942099785,0.8673505645650523,1.9165937960425679,3.09611242117716,3.622492023412996,24.0,False,False,False,0,0,1.030370750806529,False,True,SARS2-RBD_ACE2_deltaKd_6M0J,14516,1.0190371951058397
0,1,16,2.0,0.005,30,13951,0.004014049172102358,1.7024810157023487,0.7481011448613385,1.2091947722709755,10.0,0.30762595354466815,2.311462024503673,-1281.432877000043,0.29196419453842815,0.32328771255090816,0.8932390953864032,2.064688247787685,3.2967740022474716,3.622492023412996,81.5,False,False,False,0,0,1.707499724645666,False,True,SARS2-RBD_ACE2_deltaKd_6M0J,14516,0.9720339482281132
0,2,16,2.0,0.02,117,13988,0.0198026880183014,1.6264640760124287,0.7590509314160551,1.2269771180292541,10.0,0.3269361024555147,2.3321850746204165,-1308.0696985675168,0.3111204388016481,0.3427517661093813,0.9012645252080034,2.1019156739749616,3.2593445688400475,3.622492023412996,69.0,False,False,False,0,0,4.24230091458272,False,True,SARS2-RBD_ACE2_deltaKd_6M0J,14516,0.9863286211398345
1,0,16,3.0,0.001,9,14031,0.0014966859097712208,2.1089346215393734,0.7634454063813652,1.2258974325302812,10.0,0.2910395131185635,2.005346741573106,-702.4965941467817,0.27337583912512575,0.3087031871120013,0.944634008842238,1.8943187316109227,2.9840933840384865,3.622492023412996,3.5000000000000004,False,False,False,0,0,4.229299778574805,False,True,SARS2-RBD_ACE2_deltaKd_6M0J,14516,0.9854606956554726
1,1,16,3.0,0.005,29,13950,0.004372759856630825,1.830847280300429,0.739817204861333,1.2722042702826841,10.0,0.27519531883261295,2.2482957379321133,-1174.6290688669906,0.25969333958456475,0.29069729808066114,0.9016823116470251,2.027248498244782,3.281440276272835,3.622492023412996,78.0,False,False,False,0,0,0.9691267346681898,False,True,SARS2-RBD_ACE2_deltaKd_6M0J,14516,1.0226853176623065
1,2,16,3.0,0.02,94,13968,0.013888888888888888,2.15980534703655,0.7551431391619268,1.259089126259968,10.0,0.3407811769663511,2.2426131340606483,-1115.495905856551,0.32416707529971456,0.3573952786329876,0.9036707118791906,2.0265838073262086,3.111522571271096,3.622492023412996,29.5,False,False,False,0,0,1.3716491288384487,False,True,SARS2-RBD_ACE2_deltaKd_6M0J,14516,1.0121424626001412
2,0,16,4.0,0.001,4,13940,0.0002152080344332855,2.866038063076831,0.732312533855607,1.2064141203632277,10.0,0.2597467732054345,2.2276117456654365,-1131.2125028362207,0.24439565749457431,0.27509788891629466,0.9184493926228054,2.0459486548058474,3.2729690611360156,3.622492023412996,73.5,False,False,False,0,0,1.0318627220030288,False,True,SARS2-RBD_ACE2_deltaKd_6M0J,14516,0.9697986689211576
2,1,16,4.0,0.005,24,13944,0.0018646012621916237,1.8806162847731565,0.7823125698649267,1.2810270691597536,10.0,0.3505878766113013,2.2047882212533714,-1031.1984796498728,0.333556306110952,0.3676194471116506,0.9170560286585556,2.0219143302157776,3.1666998992855726,3.622492023412996,47.5,False,False,False,0,0,1.2324708594020068,False,True,SARS2-RBD_ACE2_deltaKd_6M0J,14516,1.0297776903913036
2,2,16,4.0,0.02,115,13810,0.018392469225199132,1.7237328634947704,0.7397512728159383,1.289550105671686,10.0,0.27396642391783327,2.30075718957532,-1267.6244144698721,0.25873489050234155,0.289197957333325,0.9204393920621952,2.117707548855432,3.33036753690896,3.622492023412996,86.5,False,False,False,0,0,1.3416147768100555,False,True,SARS2-RBD_ACE2_deltaKd_6M0J,14516,1.0366290935081288
3,0,16,6.0,0.001,4,13974,0.00042936882782310007,2.2203084750065454,0.7537214550163763,1.2129979356312137,10.0,0.34051202870594105,2.2203288939580355,-1062.6560088876722,0.323770379619456,0.3572536777924261,0.8754846625616854,1.9438638925028109,3.1201071206048825,3.622492023412996,30.5,False,False,False,0,0,1.5152794019707512,False,True,SARS2-RBD_ACE2_deltaKd_6M0J,14516,0.9750911925874036
3,1,16,6.0,0.005,28,13942,0.005594606225792569,2.1316464532243256,0.753279877688108,1.2055668027131796,10.0,0.3057757268867425,2.2128099293715087,-1089.3330794841968,0.28949585676728085,0.3220555970062041,0.9147287035943333,2.0241207579946683,3.178288017112974,3.622492023412996,49.5,False,False,False,0,0,1.2339903112932622,False,True,SARS2-RBD_ACE2_deltaKd_6M0J,14516,0.9691175367002229
3,2,16,6.0,0.02,101,13841,0.00881439202369771,1.803386223455019,0.757238207469433,1.2666224248079296,10.0,0.2776075400405695,2.2821217849038153,-1230.7163401050857,0.2622241979579393,0.2929908821231997,0.9227327225312874,2.1057884477322584,3.297094289521575,3.622492023412996,81.5,False,False,False,0,0,1.2269214051191324,False,True,SARS2-RBD_ACE2_deltaKd_6M0J,14516,1.0181982462494565
0,0,17,2.0,0.001,7,13927,0.0009334386443598765,1.1702174786300912,0.7340263027786103,1.2545163796319367,10.0,0.29367565801724116,2.300304781963499,-1285.512149546361,0.2781411389542536,0.30921017708022874,0.895765961489746,2.0605347247349943,3.331638622467167,3.622492023412996,87.0,False,False,False,0,0,1.2870864914547455,False,True,SARS2-RBD_ACE2_deltaKd_6M0J,14516,1.0084665742643488
0,1,17,2.0,0.005,18,14011,0.002069802298194276,1.4180186050251498,0.7791458165202518,1.221675925926232,10.0,0.3525930210173314,2.344994269186812,-1295.0005577633783,0.3364892809445013,0.36869676109016153,0.8920509563614629,2.0918543804902456,3.2557856343442775,3.622492023412996,68.5,False,False,False,0,0,2.0526520873964627,False,True,SARS2-RBD_ACE2_deltaKd_6M0J,14516,0.9820671582155956
0,2,17,2.0,0.02,91,13930,0.012132089016511126,1.4520204395750662,0.7795995604575658,1.2830243121765672,10.0,0.34516118587325706,2.176581221175478,-986.9211836857648,0.3279768312023657,0.3623455405441484,0.9245071484701282,2.0122648982025706,3.1108671356122026,3.622492023412996,29.5,False,False,False,0,0,4.259964479051191,False,True,SARS2-RBD_ACE2_deltaKd_6M0J,14516,1.0313832117347
1,0,17,3.0,0.001,7,13927,0.000502620808501472,1.5638234303076943,0.717818860930967,1.1945258979017455,10.0,0.286390712925705,2.275336843275965,-1218.7039399096684,0.27084847166044895,0.30193295419096106,0.875800694695087,1.9927415880064163,3.2293051894603626,3.622492023412996,61.5,False,False,False,0,0,1.1402948066600458,False,True,SARS2-RBD_ACE2_deltaKd_6M0J,14516,0.9602420978197577
1,1,17,3.0,0.005,29,13951,0.004874202566124292,1.755658706106145,0.7347213901110441,1.2504410795175986,10.0,0.2783922201393341,2.1956160414614523,-1066.9331238825762,0.2624667348295618,0.29431770544910646,0.9090731025397043,1.9959754867973063,3.200504956910301,3.622492023412996,56.00000000000001,False,False,False,0,0,1.2331942455774254,False,True,SARS2-RBD_ACE2_deltaKd_6M0J,14516,1.005190567659627
1,2,17,3.0,0.02,98,13878,0.019815535379737716,2.342652072449845,0.749549442063352,1.234053009399107,10.0,0.29742014841615905,2.429185737205499,-1535.2724984042434,0.2825247564956434,0.3123155403366747,0.9072968085404558,2.2039924667185438,3.43746141727095,3.622492023412996,95.5,False,False,False,0,0,1.6511095415767483,False,False,SARS2-RBD_ACE2_deltaKd_6M0J,14516,0.9920167094306512
2,0,17,4.0,0.001,3,13931,0.00014356471179384107,2.5699120682449212,0.7312515471181559,1.2815240831899877,10.0,0.30774168942895624,2.3151845081992497,-1300.633932846882,0.29206153743511604,0.32342184142279645,0.882433398260312,2.042996133169893,3.309458422269945,3.622492023412996,82.5,False,False,False,0,0,1.4249592430868618,False,True,SARS2-RBD_ACE2_deltaKd_6M0J,14516,1.0301772244624159
2,1,17,4.0,0.005,20,13929,0.0025127431976452006,2.4685630306435438,0.7827126882703763,1.2244207824187219,10.0,0.3504600376971246,2.390608407140578,-1391.8567561928721,0.33458606743440167,0.3663340079598475,0.8991593557031176,2.1495379151029783,3.272154940772728,3.622492023412996,73.0,False,False,False,2,0,4.260270313244532,False,True,SARS2-RBD_ACE2_deltaKd_6M0J,14516,0.9842736627051111
2,2,17,4.0,0.02,115,13874,0.012325212627937149,1.6357377563835607,0.7508622521235813,1.222662193055373,10.0,0.2764823766126471,2.1887179518822295,-1048.9902233972025,0.26049373087401767,0.2924710223512765,0.9446497031052165,2.0675717634266055,3.2132653817950985,3.622492023412996,56.99999999999999,False,False,False,0,0,1.0957482288657565,False,True,SARS2-RBD_ACE2_deltaKd_6M0J,14516,0.9828599875872823
3,0,17,6.0,0.001,4,14005,0.00028561228132809713,1.805892407157872,0.7668911511802927,1.2143459418802198,10.0,0.35682596204211436,2.0977518626838645,-831.2932796861569,0.3388900611438798,0.3747618629403489,0.9049451144667909,1.8983502994993737,3.0683233349529093,3.622492023412996,16.5,False,False,False,0,0,1.313304336333512,False,True,SARS2-RBD_ACE2_deltaKd_6M0J,14516,0.9761748127505943
3,1,17,6.0,0.005,23,13945,0.0030118321979204017,0.6609692967628833,0.7505938093374899,1.2371488285164116,10.0,0.2786166287419261,2.1270359505050513,-928.1112807856916,0.26219413355126414,0.2950391239325881,0.9262598361446699,1.970187970988631,3.1959072269657955,3.622492023412996,54.0,False,False,False,0,0,0.9453811922555515,False,True,SARS2-RBD_ACE2_deltaKd_6M0J,14516,0.994505341823547
3,2,17,6.0,0.02,111,13829,0.009038976064791381,1.9225303426931428,0.776329117232427,1.3046396975275965,10.0,0.380442239466999,2.137525268691928,-861.7201070410156,0.3623963764258401,0.3984881025081579,0.894123447706196,1.9112114628019397,3.017406329238315,3.622492023412996,6.0,False,False,False,0,0,1.0526947574145495,False,True,SARS2-RBD_ACE2_deltaKd_6M0J,14516,1.0487591455768326
0,0,18,2.0,0.001,2,13902,0.00028772838440512156,1.2383719586965762,0.7794055597178697,1.2657904220234202,10.0,0.31741764761792074,2.2093070445905365,-1066.3974391706724,0.3008935597111523,0.3339417355246892,0.9357601959976601,2.067381593065052,3.1863534527716424,3.622492023412996,52.0,False,False,False,0,0,1.2483118896608816,False,True,SARS2-RBD_ACE2_deltaKd_6M0J,14516,1.0175294251710751
0,1,18,2.0,0.005,15,13888,0.0020881336405529955,1.2189503980028615,0.7710443300979863,1.2613889937988114,10.0,0.2846374928781892,2.2142535125105107,-1099.5086616136177,0.26869775025632203,0.30057723550005633,0.9474345659735217,2.097860315580742,3.1879454083052887,3.622492023412996,53.0,False,False,False,0,0,1.3586324859394132,False,True,SARS2-RBD_ACE2_deltaKd_6M0J,14516,1.0139912543543306
0,2,18,2.0,0.02,103,13945,0.020795984223736106,1.4193827653361062,0.768613076692203,1.2385938738224644,10.0,0.28847251068452556,2.2658075182621937,-1212.2292212362154,0.2728231700710764,0.3041218512979747,0.9407638408207226,2.131589783440811,3.265697391110064,3.622492023412996,72.0,False,False,False,0,0,1.3802683759857852,False,True,SARS2-RBD_ACE2_deltaKd_6M0J,14516,0.9956669686568924
1,0,18,3.0,0.001,5,13931,0.0007896059148661259,1.0317035523459364,0.7228192587500382,1.2270627693590261,10.0,0.27585784834246835,2.3596560157752786,-1419.5697207867415,0.2609688581367876,0.2907468385481491,0.8917261595459745,2.104166996796845,3.3422681179022637,3.622492023412996,88.0,False,False,False,0,0,1.6149538088317765,False,True,SARS2-RBD_ACE2_deltaKd_6M0J,14516,0.9863974735713522
1,1,18,3.0,0.005,23,13944,0.0020797475616752725,0.997619995954539,0.7577734962259116,1.2006868689449042,10.0,0.29108071581822526,2.3680969797917273,-1410.993866120276,0.27601633762192573,0.3061450940145248,0.9155469411688922,2.168103946239608,3.3447954843820336,3.622492023412996,88.5,False,False,False,0,0,2.0625149452461153,False,True,SARS2-RBD_ACE2_deltaKd_6M0J,14516,0.9651947102072173
1,2,18,3.0,0.02,85,13928,0.009477311889718553,1.9550794315475848,0.7243031943750524,1.2685006951810904,10.0,0.2690983768860193,2.3229038414516068,-1350.7604678745338,0.2541113471621953,0.28408540660984327,0.9126734382708995,2.1200526357503184,3.341839732503069,3.622492023412996,88.0,False,False,False,0,0,1.4224671426595992,False,True,SARS2-RBD_ACE2_deltaKd_6M0J,14516,1.0197081291967955
2,0,18,4.0,0.001,7,13938,0.00021523891519586742,1.3376378725243092,0.7656493755961875,1.27724599789809,10.0,0.3173210339854128,2.168927185161893,-991.6219984154013,0.30052691843467627,0.3341151495361493,0.9253261673977489,2.0069650796106417,3.1035770960409517,3.622492023412996,28.499999999999996,False,False,False,0,0,2.0634028122048957,False,True,SARS2-RBD_ACE2_deltaKd_6M0J,14516,1.0267382051807414
2,1,18,4.0,0.005,25,13911,0.0019409100711667026,2.4972402066545745,0.7763281469513887,1.2640656497898453,10.0,0.3419942847471133,2.1405166930907873,-921.3409865417052,0.32457348689907867,0.35941508259514793,0.927276179276383,1.9848501408465433,3.037774033143047,3.622492023412996,11.0,False,False,False,0,0,1.033703845751989,False,True,SARS2-RBD_ACE2_deltaKd_6M0J,14516,1.0161429345887123
2,2,18,4.0,0.02,101,13892,0.010725597466167578,1.776564824787447,0.7277774171612729,1.2186267441811374,10.0,0.3645489159875938,2.263283964422836,-1118.868715199278,0.3476920884292749,0.3814057435459127,0.8498029078869517,1.9233452943404343,3.154110866766305,3.622492023412996,43.0,False,False,False,0,1,4.271617131671687,False,True,SARS2-RBD_ACE2_deltaKd_6M0J,14516,0.9796160161510439
3,0,18,6.0,0.001,3,13969,0.0002863483427589663,1.656257719317022,0.742447297742292,1.2183849342401492,10.0,0.3258962505321605,2.115535331787034,-891.9265205008414,0.30856576680275205,0.3432267342615689,0.8951903105040722,1.8938067305447703,3.080486585232581,3.622492023412996,19.5,False,False,False,0,0,1.0698097304502865,False,True,SARS2-RBD_ACE2_deltaKd_6M0J,14516,0.9794216326844183
3,1,18,6.0,0.005,19,13947,0.0034416003441600346,1.2361636115295107,0.7735864471449041,1.2051502957108802,10.0,0.3773935537944376,2.2444482307502587,-1067.2477417720365,0.3602605752674337,0.3945265323214415,0.8915390046875766,2.001013141715878,3.1163105597823213,3.622492023412996,30.5,False,False,False,0,0,1.233547925722425,False,True,SARS2-RBD_ACE2_deltaKd_6M0J,14516,0.9687827197168932
3,2,18,6.0,0.02,101,13888,0.009792626728110598,1.0711320122012242,0.7307731815765652,1.2865505982452137,10.0,0.2568056021212958,2.207564313298596,-1102.6188629014068,0.24129592060820623,0.2723152836343853,0.9369373560034607,2.0683494709095824,3.1399720444943378,3.622492023412996,38.5,False,False,False,0,0,3.1062473066509044,False,True,SARS2-RBD_ACE2_deltaKd_6M0J,14516,1.0342178830783832
0,0,19,2.0,0.001,4,13888,0.0004320276497695853,0.5709374835026029,0.7529495442940636,1.2489464009211944,10.0,0.3254589056529703,2.279922739146423,-1205.2532382304562,0.30925637545343276,0.34166143585250786,0.9021039761432443,2.056727368283385,3.204128622554823,3.622492023412996,56.00000000000001,False,False,False,0,0,1.1919072077668524,False,True,SARS2-RBD_ACE2_deltaKd_6M0J,14516,1.0039890421728221
0,1,19,2.0,0.005,23,13864,0.002740911713791114,1.5043237674418215,0.7354970020408615,1.2037771443299314,10.0,0.3735662498517248,2.1499164284043983,-895.8949033905956,0.35574546664612494,0.3913870330573247,0.8460535290038113,1.8189443813148112,3.0649132639628944,3.622492023412996,15.5,False,False,False,0,0,0.8716625071290172,False,True,SARS2-RBD_ACE2_deltaKd_6M0J,14516,0.9676788861667103
0,2,19,2.0,0.02,98,13909,0.018477244949313396,1.652098005600142,0.786624494927956,1.2532082229957755,10.0,0.3081816124562847,2.1174645659845357,-912.2995139196064,0.2911039355942204,0.3252592893183491,0.9828317038357515,2.081111307198411,3.0222944530779103,3.622492023412996,7.000000000000001,False,False,False,0,0,2.067704967755542,False,True,SARS2-RBD_ACE2_deltaKd_6M0J,14516,1.0074149879615395
1,0,19,3.0,0.001,5,13953,0.0005016842256145631,1.457122693068579,0.7604491628897694,1.2118324950420538,10.0,0.33477572305799336,2.211449905820363,-1060.190026570148,0.31803522245334376,0.35151622366264296,0.8951104011861791,1.9794918124020036,3.1975460939816855,3.622492023412996,54.0,False,False,False,0,0,1.13816998296814,False,True,SARS2-RBD_ACE2_deltaKd_6M0J,14516,0.9741543312617639
1,1,19,3.0,0.005,28,13914,0.004312203536006899,1.8878176682230583,0.7359117418234742,1.2644909152394068,10.0,0.3229563883265383,2.3665917915777945,-1384.9044842413568,0.30734296217378504,0.3385698144792915,0.8714275049273825,2.062313180116262,3.281145619536292,3.622492023412996,78.0,False,False,False,0,0,1.4917030876239203,False,True,SARS2-RBD_ACE2_deltaKd_6M0J,14516,1.0164847922145155
1,2,19,3.0,0.02,104,13905,0.01438331535418914,1.6613043670762502,0.7295276486367938,1.211040981315692,10.0,0.2927766603787499,2.2927711928765517,-1258.8592343612836,0.27720647247042335,0.3083468482870764,0.8965424752413403,2.055566760423584,3.2784132714532492,3.622492023412996,76.5,False,False,False,0,1,4.26762353061367,False,True,SARS2-RBD_ACE2_deltaKd_6M0J,14516,0.9735180580738908
2,0,19,4.0,0.001,5,13958,0.001432870038687491,3.3400777017353254,0.761441240354609,1.2687351112412262,10.0,0.30527829897792125,2.242187381305596,-1145.5691290504546,0.28922473952860767,0.32133185842723483,0.9171359523538595,2.056390659309514,3.250543612105164,3.622492023412996,67.0,False,False,False,0,0,1.1104314749798319,False,True,SARS2-RBD_ACE2_deltaKd_6M0J,14516,1.019896568953307
2,1,19,4.0,0.005,33,13900,0.003669064748201439,1.5708636970893248,0.7101584847098809,1.2390037804072596,10.0,0.3142604953979689,2.3427358943634053,-1343.934792231179,0.2986381817577281,0.3298828090382097,0.8502693464541397,1.9919565178150267,3.23306619228161,3.622492023412996,62.0,False,False,False,0,0,1.3140725220712317,False,True,SARS2-RBD_ACE2_deltaKd_6M0J,14516,0.9959964797705361
2,2,19,4.0,0.02,111,13852,0.011261911637308691,1.7342669560419655,0.7165881005196529,1.2562060943643596,10.0,0.3657867913730994,2.2326478456370906,-1059.3758885016723,0.34867278343207725,0.3829007993141215,0.8351708904849424,1.864642489380017,3.1301587590036672,3.622492023412996,34.5,False,False,False,0,0,1.6241641287059978,False,True,SARS2-RBD_ACE2_deltaKd_6M0J,14516,1.0098248832153969
3,0,19,6.0,0.001,5,13912,0.0001437607820586544,3.1446057007704566,0.7354204804341365,1.2047037150662232,10.0,0.32444703900444344,2.248241611133795,-1142.6461236704345,0.30807981759891856,0.3408142604099683,0.8771180476753393,1.9719732926601334,3.1736939474148085,3.622492023412996,49.5,False,False,False,0,0,1.5220323722785565,False,True,SARS2-RBD_ACE2_deltaKd_6M0J,14516,0.9684237274708277
3,1,19,6.0,0.005,29,13948,0.00473186119873817,1.801005304860103,0.7458459621629581,1.2522540901053785,10.0,0.3466552946512889,2.117402297684227,-872.2702330936154,0.3290038351996034,0.3643067541029744,0.8875454549887523,1.8792907856923764,3.053539361887734,3.622492023412996,14.499999999999998,False,False,False,0,0,1.3283409856428785,False,True,SARS2-RBD_ACE2_deltaKd_6M0J,14516,1.0066479903017291
3,2,19,6.0,0.02,103,13846,0.013722374693052144,1.9062922707450456,0.7824019414830679,1.2684149907724591,10.0,0.3652000095001209,1.9837505400312783,-639.5688443211984,0.3458952016729704,0.3845048173272714,0.9555071467100836,1.8954878182898742,2.8934471378770574,3.622492023412996,0.5,False,False,False,0,0,0.9294527884835739,False,True,SARS2-RBD_ACE2_deltaKd_6M0J,14516,1.019639234096839
0,0,20,2.0,0.001,4,13928,0.0002871912693854107,2.8292544539026907,0.8088612609019625,1.2329940627050666,10.0,0.31306870326156766,2.0530044745988083,-782.3718628087445,0.2953808096149524,0.33075659690818293,0.985405172590285,2.023041228620666,3.0281703752698164,3.622492023412996,8.5,False,False,False,0,0,2.064884290387122,False,True,SARS2-RBD_ACE2_deltaKd_6M0J,14516,0.991165455224484
0,1,20,2.0,0.005,21,13933,0.00409100696188904,1.6001200943704776,0.7784636376685827,1.2660527993991595,10.0,0.4923910227296911,2.255135288652484,-842.1433640697142,0.4740376541409981,0.5107443913183841,0.8064542711304067,1.8186634855106982,2.923106458244547,3.622492023412996,1.5,False,False,False,0,0,4.259047239875337,False,True,SARS2-RBD_ACE2_deltaKd_6M0J,14516,1.0177403421567537
0,2,20,2.0,0.02,117,13937,0.02023390973667217,1.7119472701733305,0.7548467179049129,1.250414702647228,10.0,0.33418443425672895,2.243324908575719,-1119.7598317511438,0.31766933241653794,0.35069953609691995,0.8977778408965711,2.0140073928506066,3.158273686336418,3.622492023412996,45.0,False,False,False,0,0,1.3538557770486166,False,True,SARS2-RBD_ACE2_deltaKd_6M0J,14516,1.0051693641165453
1,0,20,3.0,0.001,5,13901,0.0009351845190993454,2.5696957137822793,0.7755256997022169,1.24548426163086,10.0,0.38399846841650603,2.080232447458915,-770.6912813772215,0.36544622511491603,0.40255071171809603,0.9013202716065536,1.874955674548435,2.988508093552827,3.622492023412996,4.0,False,False,False,0,0,4.268851535370338,False,True,SARS2-RBD_ACE2_deltaKd_6M0J,14516,1.001205936422721
1,1,20,3.0,0.005,20,13967,0.0031502828094794873,2.1921270385692617,0.7568701041340434,1.2821488955461757,10.0,0.34729121996333356,2.2836994978065253,-1186.1423972815464,0.33085807040088466,0.36372436952578246,0.8832505706507701,2.0170788846324905,3.217620399291847,3.622492023412996,57.49999999999999,False,False,False,0,0,4.248679400958193,False,True,SARS2-RBD_ACE2_deltaKd_6M0J,14516,1.0306794916202093
1,2,20,3.0,0.02,93,13893,0.01525948319297488,2.2205155239925842,0.7430615084256866,1.264814625733434,10.0,0.3721748815855897,2.131157982237376,-870.3212099976663,0.3542341941376467,0.3901155690335327,0.8707667026825193,1.8557414090883708,3.038134229593667,3.622492023412996,11.0,False,False,False,0,0,0.9449655071487727,False,True,SARS2-RBD_ACE2_deltaKd_6M0J,14516,1.0167450129802746
2,0,20,4.0,0.001,5,13955,0.0004299534217126478,1.3714650729311733,0.7313721845089391,1.199993249942511,10.0,0.3070039698114187,2.360792390799597,-1381.77890098442,0.2916487576378896,0.3223591819849478,0.863784769754906,2.039216511725964,3.305554744681366,3.622492023412996,82.5,False,False,False,0,0,4.252332869450597,False,True,SARS2-RBD_ACE2_deltaKd_6M0J,14516,0.9646371315334392
2,1,20,4.0,0.005,28,13949,0.0028675890744856262,2.5004139562059224,0.7544234786316426,1.188731580611925,10.0,0.3450378233784997,2.2314039068469773,-1083.6898236272755,0.3282760493611736,0.3617995973958258,0.8876498667585033,1.9807053805971233,3.065731115003004,3.622492023412996,16.0,False,False,False,0,0,1.2636360620177944,False,True,SARS2-RBD_ACE2_deltaKd_6M0J,14516,0.955584226944305
2,2,20,4.0,0.02,111,13849,0.010397862661564013,1.5388333539596175,0.73973912429872,1.2435871069986957,10.0,0.27722112597644455,2.294573812981287,-1251.4660489863527,0.2619303630752795,0.2925118888776096,0.9074717865001729,2.082260997322642,3.3045817851396926,3.622492023412996,82.5,False,False,False,0,0,1.7200757208846622,False,True,SARS2-RBD_ACE2_deltaKd_6M0J,14516,0.9996808730087945
3,0,20,6.0,0.001,4,13955,0.00028663561447509855,1.9089200401187711,0.7568521227890431,1.2606800176579402,10.0,0.36592833458290763,2.1743902867086256,-953.0180595868442,0.3484572402012272,0.38339942896458806,0.8824231171028866,1.9187322545956647,3.05969087409047,3.622492023412996,15.0,False,False,False,0,0,4.252332869450597,False,True,SARS2-RBD_ACE2_deltaKd_6M0J,14516,1.0134213305561024
3,1,20,6.0,0.005,30,13836,0.0029632841861809774,1.7857615510317684,0.806220098201408,1.2910734673452264,10.0,0.4357753767009863,2.1757251062533935,-852.1191978502029,0.4173406474572396,0.45421010594473304,0.8976940465003173,1.9531354747049416,3.0251114858997625,3.622492023412996,8.5,False,False,False,0,1,8.577812256892612,False,True,SARS2-RBD_ACE2_deltaKd_6M0J,14516,1.0378536764256763
3,2,20,6.0,0.02,114,13774,0.009655873384637723,1.0625893982434547,0.7456624715134696,1.2552575483610304,10.0,0.3007001082262149,2.2954730132539938,-1230.1508416266588,0.28498241453971407,0.31641780191271573,0.8894607346392467,2.0417331127134624,3.308992600144601,3.622492023412996,82.5,False,False,False,0,0,1.17690773561792,False,True,SARS2-RBD_ACE2_deltaKd_6M0J,14516,1.0090623766797786
0,0,21,2.0,0.001,8,13926,0.0015079707022834985,2.622899206339259,0.7766903505611428,1.230030615004601,10.0,0.3935210286187087,2.1890823531856864,-937.7631268003825,0.37576886604771426,0.4112731911897031,0.8802200683375321,1.9268742185175902,3.0670868696783002,3.622492023412996,16.5,False,False,False,0,0,1.0879633021507968,False,True,SARS2-RBD_ACE2_deltaKd_6M0J,14516,0.9887832320833426
0,1,21,2.0,0.005,21,13959,0.0026506196718962677,2.167452339210365,0.7573204744238244,1.2284483091347906,10.0,0.2829285186383565,2.256200089687913,-1186.5452683357798,0.2673501390391946,0.2985068982375184,0.9247982825680877,2.0865299680733473,3.299851372041336,3.622492023412996,82.0,False,False,False,0,0,1.149070044602155,False,True,SARS2-RBD_ACE2_deltaKd_6M0J,14516,0.9875112657655858
0,2,21,2.0,0.02,122,13995,0.021007502679528403,1.8503204759867913,0.7855217371962274,1.2854865288427137,10.0,0.3838017144470074,2.0829446653206745,-787.4001811640992,0.36533454411808525,0.40226888477592954,0.9275385622631769,1.9320115001452927,2.979452159132637,3.622492023412996,3.0,False,False,False,0,0,1.078595953682119,False,True,SARS2-RBD_ACE2_deltaKd_6M0J,14516,1.0333625108867237
1,0,21,3.0,0.001,3,13894,0.00014394702749388226,1.5891380223525409,0.7090446290188459,1.1892088791962763,10.0,0.28440818161528425,2.314595325775942,-1304.1615026674408,0.26911373131553706,0.29970263191503144,0.8666146735012025,2.0058622725347273,3.28243711098413,3.622492023412996,78.0,False,False,False,0,0,2.069937267634363,False,True,SARS2-RBD_ACE2_deltaKd_6M0J,14516,0.955967912383632
1,1,21,3.0,0.005,29,13965,0.0034371643394199786,2.1772193407733678,0.7246490372958507,1.2139466122865288,10.0,0.27092322117531875,2.336804390211475,-1381.1316234713086,0.25600769445793253,0.28583874789270497,0.9023175779019029,2.108539677406151,3.4008870881183575,3.622492023412996,93.5,False,False,False,0,0,1.6889265990625286,False,True,SARS2-RBD_ACE2_deltaKd_6M0J,14516,0.9758538041500767
1,2,21,3.0,0.02,102,13902,0.014458351316357358,1.9023836510969827,0.7586622253068843,1.272782434784437,10.0,0.38537359397161824,2.1568056834227827,-898.1258224360063,0.36745660795753765,0.40329057998569884,0.8914884990345384,1.9227674614237384,3.0442047059651736,3.622492023412996,13.5,False,False,False,0,0,4.268544467931455,False,True,SARS2-RBD_ACE2_deltaKd_6M0J,14516,1.0231500860654223
2,0,21,4.0,0.001,6,13969,0.0002863483427589663,2.0509856690444086,0.791807823988685,1.209849545975275,10.0,0.3939648182834689,2.079679977748558,-758.3419904890688,0.37532479877081387,0.41260483779612395,0.9051195618880049,1.8823590303270306,2.9479801874109266,3.622492023412996,2.0,False,False,False,0,0,1.0045749777301072,False,True,SARS2-RBD_ACE2_deltaKd_6M0J,14516,0.9725603003788017
2,1,21,4.0,0.005,33,13995,0.007431225437656306,1.5395298781889903,0.7541945855857963,1.2230807401193073,10.0,0.2852169281584744,2.173892301419404,-1016.3827508831309,0.2690569763750633,0.30137687994188544,0.936162983581885,2.0351175028824797,3.134228911038233,3.622492023412996,36.5,False,False,False,0,0,0.9635785774329291,False,True,SARS2-RBD_ACE2_deltaKd_6M0J,14516,0.9831964445125065
2,2,21,4.0,0.02,106,13771,0.010021058746641493,1.633676635940241,0.7561780829651022,1.2233553860093547,10.0,0.30280413668150774,2.1304353083847167,-918.4826431854162,0.2858568587253981,0.31975141463761736,0.930108723497293,1.9815364651752707,3.0916875693554418,3.622492023412996,21.5,False,False,False,0,0,1.0295406523415462,False,True,SARS2-RBD_ACE2_deltaKd_6M0J,14516,0.9834172237740361
3,0,21,6.0,0.001,3,13872,0.0008650519031141869,1.2963263806722907,0.7388325214183431,1.2343923730375195,10.0,0.27202299459360485,2.2766450368611832,-1246.505884999504,0.2566725792769076,0.2873734099103021,0.9272757914230553,2.1110778283448246,3.308663145647219,3.622492023412996,82.5,False,False,False,0,0,2.0732200401176355,False,True,SARS2-RBD_ACE2_deltaKd_6M0J,14516,0.9922895132707734
3,1,21,6.0,0.005,30,13926,0.0018670113456843314,1.7379820705858853,0.7400595596411754,1.3129771481085077,10.0,0.29979886905955283,2.275228966177328,-1213.1157827186325,0.2840396186141067,0.31555811950499896,0.8835788526402548,2.0103441994288365,3.304929785120559,3.622492023412996,82.5,False,False,False,0,0,1.139469122457017,False,True,SARS2-RBD_ACE2_deltaKd_6M0J,14516,1.0554613619543476
3,2,21,6.0,0.02,90,13917,0.009628511891930732,1.539764865357284,0.7428916621510003,1.2552817455709626,10.0,0.3514343454565391,2.314819708109745,-1241.1807804259515,0.33509559333928984,0.3677730975737884,0.8781739095169867,2.0328142728977046,3.1590299595897156,3.622492023412996,45.0,False,False,False,0,0,1.4913815305884333,False,True,SARS2-RBD_ACE2_deltaKd_6M0J,14516,1.0090818280618437
0,0,22,2.0,0.001,6,14040,0.0009971509971509972,1.1588080119895166,0.7354982775647738,1.2486504008584152,10.0,0.3412068463643912,2.209395013098683,-1052.1270684955307,0.3244091412979192,0.3580045514308632,0.8657437498819934,1.9127699236106295,3.1712359953659583,3.622492023412996,49.0,False,False,False,0,0,1.0383813776064206,False,True,SARS2-RBD_ACE2_deltaKd_6M0J,14516,1.0037510969581247
0,1,22,2.0,0.005,32,13899,0.0046046478163896684,1.755704086163247,0.7635760258643757,1.2708082342658615,10.0,0.31337506678373167,2.279906707092545,-1205.9032577257021,0.2974081807811128,0.32934195278635053,0.9070170852803371,2.067914336178171,3.277677802857551,3.622492023412996,76.0,False,False,False,0,0,3.103788948468793,False,True,SARS2-RBD_ACE2_deltaKd_6M0J,14516,1.0215630878673894
0,2,22,2.0,0.02,85,13946,0.014627850279650079,1.514726520229104,0.7429568958127273,1.2804711733990832,10.0,0.3685888004818024,2.2484290084030807,-1090.2780269288196,0.35161339911832257,0.3855642018452823,0.8702378991107846,1.9566681365724414,3.172204476078066,3.622492023412996,49.5,False,False,False,0,0,1.0311095796827707,False,True,SARS2-RBD_ACE2_deltaKd_6M0J,14516,1.0293308231343166
1,0,22,3.0,0.001,5,13972,0.000501002004008016,1.771022600968759,0.7288660965026145,1.2098552001073608,10.0,0.31402477103810483,2.2946498919564813,-1245.533509877765,0.29816120694082193,0.32988833513538773,0.8754491399249502,2.0088492743421815,3.2682230155039287,3.622492023412996,72.5,False,False,False,0,0,1.6102148232776612,False,True,SARS2-RBD_ACE2_deltaKd_6M0J,14516,0.9725648455591658
1,1,22,3.0,0.005,34,13938,0.004304778303917348,2.3185675077620442,0.7427145693059163,1.2724562641641333,10.0,0.3171999790093908,2.264346006006376,-1189.6565362636975,0.3010624784274233,0.3333374795913583,0.890626939386533,2.0166875530415793,3.186151627562756,3.622492023412996,52.0,False,False,False,0,0,3.095104218307344,False,True,SARS2-RBD_ACE2_deltaKd_6M0J,14516,1.0228878876809102
1,2,22,3.0,0.02,103,13941,0.01398751882935227,1.7326078457758263,0.707049009169362,1.2247538044522703,10.0,0.34855023890995895,2.3850425757201026,-1388.382763396723,0.3326684300304891,0.3644320477894288,0.8331139959705404,1.987012350818045,3.305265966760098,3.622492023412996,82.5,False,False,False,0,0,4.25660319870763,False,True,SARS2-RBD_ACE2_deltaKd_6M0J,14516,0.9845413687269533
2,0,22,4.0,0.001,5,13945,0.0005736823234134098,2.6615559413100556,0.7421122238215389,1.2348869371734439,10.0,0.28191398214241775,2.364254890905189,-1433.5514179576348,0.26695163560860263,0.29687632867623287,0.900898271129536,2.1299531437260346,3.434118001406409,3.622492023412996,95.5,False,False,False,0,0,4.255382229701189,False,False,SARS2-RBD_ACE2_deltaKd_6M0J,14516,0.9926870779482917
2,1,22,4.0,0.005,27,13906,0.0025168991802099814,0.876199219468163,0.7481576447019989,1.2850815970009852,10.0,0.3383509982216877,2.4577925006221064,-1559.5815194559545,0.32297009644397434,0.353731899999401,0.8634410007271571,2.1221588163168534,3.3369349662632444,3.622492023412996,87.5,False,False,False,1,0,5.17037760616134,False,True,SARS2-RBD_ACE2_deltaKd_6M0J,14516,1.0330369988138097
2,2,22,4.0,0.02,119,13811,0.011440156397074795,1.710551984037973,0.7310290149315131,1.2993202381752225,10.0,0.3175282592828305,2.2055488835526265,-1052.3020054769077,0.30093662763690976,0.3341198909287513,0.8884734253887857,1.959571571432414,3.152481550255891,3.622492023412996,43.0,False,False,False,0,0,0.9803524170669664,False,True,SARS2-RBD_ACE2_deltaKd_6M0J,14516,1.044482998180813
3,0,22,6.0,0.001,4,13921,0.00021550175993103942,1.48238903324105,0.7567322627694395,1.251644403526059,10.0,0.3529236370328872,2.1417550117443063,-910.0107291750537,0.33536141536992425,0.37048585869585016,0.8903735239947492,1.9069619573401932,3.0356770136357185,3.622492023412996,10.5,False,False,False,0,0,1.0329612957586323,False,True,SARS2-RBD_ACE2_deltaKd_6M0J,14516,1.006157882284007
3,1,22,6.0,0.005,29,13885,0.0024486856319769533,1.4773216692538929,0.8023508137853358,1.2484560574942,10.0,0.3609808894564715,2.1602227214638847,-927.4899486588693,0.3434408827742543,0.3785208961386887,0.9258992561926247,2.0001486110138185,3.115984366083226,3.622492023412996,30.5,False,False,False,0,0,3.106918443987595,False,True,SARS2-RBD_ACE2_deltaKd_6M0J,14516,1.0035948703915187
3,2,22,6.0,0.02,98,13826,0.007015767394763489,1.1931558579498314,0.7506279763016683,1.291108665477577,10.0,0.3454624530840633,2.124125111221636,-889.4292085062189,0.32780280962142094,0.3631220965467057,0.8948609114696089,1.900796533103278,3.045206384694219,3.622492023412996,13.5,False,False,False,0,1,4.292008186979826,False,True,SARS2-RBD_ACE2_deltaKd_6M0J,14516,1.0378819711060236
0,0,23,2.0,0.001,3,13992,0.000357347055460263,0.5397925233411819,0.7670485549064768,1.2197687511740696,10.0,0.33543983933446475,2.1290404046709006,-917.1407756311382,0.31807294594688507,0.35280673272204444,0.925683468726356,1.970817506854324,3.0916483757275146,3.622492023412996,21.5,False,False,False,0,0,1.044345800845633,False,True,SARS2-RBD_ACE2_deltaKd_6M0J,14516,0.9805340399398494
0,1,23,2.0,0.005,21,14013,0.002640405337900521,2.01523710750622,0.7617375243057469,1.28452053250598,10.0,0.40719278377741475,2.3328186156635042,-1178.6335248928954,0.3903020911624411,0.4240834763923884,0.852392503893031,1.9884771009336888,3.1332808928973197,3.622492023412996,36.0,False,False,False,0,0,1.2591062319176212,False,True,SARS2-RBD_ACE2_deltaKd_6M0J,14516,1.0325859765725656
0,2,23,2.0,0.02,106,13901,0.018991439464786704,1.2486944837832115,0.7967560486923695,1.273650154286423,10.0,0.37082561265571545,2.0636124417549575,-762.450407371558,0.35230816592733416,0.38934305938409675,0.9350657080469289,1.929613228984051,2.9760846896171524,3.622492023412996,3.0,False,False,False,0,0,3.10334239225723,False,True,SARS2-RBD_ACE2_deltaKd_6M0J,14516,1.0238476186985528
1,0,23,3.0,0.001,6,13941,0.00043038519474930065,2.9894782716809343,0.7438415793572044,1.2115502390969806,10.0,0.3105076418396437,2.328606430770032,-1297.163800961469,0.29493019410831967,0.3260850895709677,0.8657469245903203,2.015983856020398,3.280332464470571,3.622492023412996,77.5,False,False,False,0,0,2.0629587831943073,False,True,SARS2-RBD_ACE2_deltaKd_6M0J,14516,0.9739274345144473
1,1,23,3.0,0.005,26,13893,0.0027351903836464408,1.3203148665808144,0.7398289250062512,1.1952444939598117,10.0,0.28816282145696037,2.165912316385145,-998.782126403923,0.27182742279211936,0.3044982201218014,0.9047062331106795,1.9595143730048308,3.1422564644035065,3.622492023412996,39.0,False,False,False,0,1,4.271309666247972,False,True,SARS2-RBD_ACE2_deltaKd_6M0J,14516,0.9608197547692592
1,2,23,3.0,0.02,112,13935,0.019232149264442052,1.9514991668176331,0.7189404963546127,1.2139278988688933,10.0,0.3162206396381495,2.294686798231798,-1242.2990963821503,0.3003059784942027,0.3321353007820963,0.8688672989260464,1.99377832026092,3.217433987033053,3.622492023412996,57.49999999999999,False,False,False,0,0,1.3271566672048796,False,True,SARS2-RBD_ACE2_deltaKd_6M0J,14516,0.9758387610175341
2,0,23,4.0,0.001,5,13962,0.0008594757198109154,2.3574591261602773,0.7863935181842117,1.255694865213447,10.0,0.4010732646977289,2.191838179051823,-936.0717478652587,0.3832755650854172,0.4188709643100406,0.8850968593707849,1.9399890885277484,3.049622026873159,3.622492023412996,14.000000000000002,False,False,False,0,0,4.250200916285853,False,True,SARS2-RBD_ACE2_deltaKd_6M0J,14516,1.0094139220523102
2,1,23,4.0,0.005,24,13927,0.00445178430387018,2.0779442184431876,0.7466349025980169,1.246689905289506,10.0,0.3393587994230575,2.18017838507717,-992.6997228018809,0.3223098765752104,0.35640772227090467,0.8817252249418116,1.9223182769954432,3.13220583811232,3.622492023412996,35.5,False,False,False,0,0,1.2381184410464499,False,True,SARS2-RBD_ACE2_deltaKd_6M0J,14516,1.0021751157415077
2,2,23,4.0,0.02,92,13891,0.008998632207904398,1.7990010738094795,0.7829174816942881,1.2954249339003392,10.0,0.4309036723994082,2.220534197298256,-929.9471302693637,0.41291169492065044,0.44889564987816594,0.8702771523520341,1.932480177925036,3.0101488280303164,3.622492023412996,5.5,False,False,False,0,0,1.135055491151269,False,True,SARS2-RBD_ACE2_deltaKd_6M0J,14516,1.041351684615213
3,0,23,6.0,0.001,5,13969,0.0002863483427589663,1.4016650781651643,0.7592845956616452,1.2765076412230885,10.0,0.3817478773499418,2.2646834897573713,-1097.7898988407323,0.36471698280645487,0.39877877189342875,0.8601370287711829,1.947938127987059,3.1443588232430346,3.622492023412996,40.5,False,False,False,0,0,1.080603505747101,False,True,SARS2-RBD_ACE2_deltaKd_6M0J,14516,1.0261446632878548
3,1,23,6.0,0.005,29,13854,0.00317597805687888,1.8686804825200176,0.7568593991179948,1.2236779128890183,10.0,0.31199484659150434,2.091476812085193,-849.8377806482968,0.2946173681082959,0.32937232507471276,0.9264551478079612,1.9376594590773113,3.0214207717444146,3.622492023412996,6.5,False,False,False,0,0,1.1576717749399152,False,True,SARS2-RBD_ACE2_deltaKd_6M0J,14516,0.9836764930691392
3,2,23,6.0,0.02,120,13852,0.011622870343632689,1.7408149398920882,0.7365296388730099,1.2653231375761487,10.0,0.29368123379687655,2.2193337103280335,-1105.1602746338103,0.27758980151496443,0.30977266607878867,0.906260369027081,2.0112941873161243,3.199005095476762,3.622492023412996,54.50000000000001,False,False,False,0,1,4.283952150821764,False,True,SARS2-RBD_ACE2_deltaKd_6M0J,14516,1.0171537897840863
0,0,24,2.0,0.001,6,13940,0.0016499282639885222,1.2935022732368253,0.7193283128204229,1.2183034748559594,10.0,0.3263473988002245,2.066254766504073,-801.3646163715239,0.3085615288853406,0.3441332687151084,0.8766676488453392,1.811418708066601,3.061913286211612,3.622492023412996,15.0,False,False,False,0,0,1.3291033047164178,False,True,SARS2-RBD_ACE2_deltaKd_6M0J,14516,0.9793561500271575
0,1,24,2.0,0.005,29,13903,0.005466446090771776,1.8100228952105355,0.7167450101240932,1.293721045192521,10.0,0.2831561404898955,2.2297887615635457,-1131.7388959924283,0.2673536157899948,0.29895866518979625,0.88094986038211,1.9643320981810035,3.189964538173361,3.622492023412996,53.0,False,False,False,0,0,2.068597309682215,False,True,SARS2-RBD_ACE2_deltaKd_6M0J,14516,1.0399819816476
0,2,24,2.0,0.02,107,13951,0.014550928248871048,1.485772077036744,0.7305288765857356,1.2059835038124416,10.0,0.28732416363648905,2.3410484430785474,-1366.4532032629359,0.27215557681415475,0.30249275045882335,0.8926556221836148,2.0897500545182632,3.290844477746978,3.622492023412996,80.5,False,False,False,0,1,4.25355208896732,False,True,SARS2-RBD_ACE2_deltaKd_6M0J,14516,0.9694525097120446
1,0,24,3.0,0.001,6,13954,0.0018632650136161675,1.0497934991397626,0.78448731620098,1.2342798235473604,10.0,0.34006567738067106,2.33096466613446,-1296.299770638012,0.3240147053174495,0.3561166494438926,0.9152946878074106,2.133519576379646,3.2549252497442565,3.622492023412996,68.5,False,False,False,1,0,3.091555295597517,False,True,SARS2-RBD_ACE2_deltaKd_6M0J,14516,0.992199038247395
1,1,24,3.0,0.005,31,13944,0.00387263339070568,1.4687334534728076,0.7432377500497854,1.2497729061871765,10.0,0.335111113533602,2.2870783720649297,-1215.7759313930583,0.3188416621808753,0.35138056488632874,0.8864940579493821,2.0274813869001065,3.20870201857344,3.622492023412996,56.49999999999999,False,False,False,0,0,1.1067961678735878,False,True,SARS2-RBD_ACE2_deltaKd_6M0J,14516,1.0046534439675927
1,2,24,3.0,0.02,130,13886,0.022180613567622066,1.9764717171024921,0.7241012289646556,1.2626767240780987,10.0,0.3477871394909643,2.303314495150209,-1221.5825815783537,0.331410330229568,0.3641639487523606,0.863369342324265,1.9886111208437827,3.1481231755223877,3.622492023412996,41.0,False,False,False,0,1,4.273462854182852,False,True,SARS2-RBD_ACE2_deltaKd_6M0J,14516,1.0150264205461905
2,0,24,4.0,0.001,8,13976,0.001001717229536348,1.308951669844564,0.756162012872829,1.266657881199879,10.0,0.2874219363754329,2.328728789301815,-1338.87852717442,0.2722135112667877,0.30263036148407807,0.9143776317453577,2.129337515339028,3.309510631840204,3.622492023412996,82.5,False,False,False,0,0,1.5525895219973924,False,True,SARS2-RBD_ACE2_deltaKd_6M0J,14516,1.0182267485366372
2,1,24,4.0,0.005,29,13959,0.003295364997492657,2.1786392632648086,0.7280650032454624,1.2187787797043328,10.0,0.2559644438217209,2.4187969835004206,-1552.7054095844069,0.2417741795292025,0.2701547081142393,0.8958463593404286,2.1668704716524623,3.4303319357464965,3.622492023412996,95.0,False,False,False,0,0,4.25111434867706,False,False,SARS2-RBD_ACE2_deltaKd_6M0J,14516,0.9797382327643402
2,2,24,4.0,0.02,109,13869,0.012113346311918667,1.6344734365578213,0.7463729068219036,1.3093896970126118,10.0,0.2561107638418761,2.2468485126967144,-1189.3301968487067,0.24085190752904445,0.2713696201547077,0.9598183429302114,2.15656641627177,3.2033151772439563,3.622492023412996,56.00000000000001,False,False,False,1,0,2.1767900168406165,False,True,SARS2-RBD_ACE2_deltaKd_6M0J,14516,1.0525775219537248
3,0,24,6.0,0.001,10,13907,0.0007909685769756238,2.7160617865948273,0.7171961318234088,1.258108542107837,10.0,0.31631065070902376,2.3804339631088007,-1417.6830864348813,0.3008627170126075,0.33175858440544004,0.8543495822007138,2.0337227618383933,3.298885926573928,3.622492023412996,82.0,False,False,False,0,0,1.9032244879502478,False,True,SARS2-RBD_ACE2_deltaKd_6M0J,14516,1.011354201596353
3,1,24,6.0,0.005,26,13879,0.003386411124720801,1.442166248853084,0.7478183345157624,1.2591716967240247,10.0,0.3527251789720443,2.3050024428954763,-1210.7117118879178,0.33629423747236775,0.36915612047172086,0.8710971260606676,2.0078810035690675,3.161279142893463,3.622492023412996,45.5,False,False,False,0,0,1.1226735923511375,False,True,SARS2-RBD_ACE2_deltaKd_6M0J,14516,1.012208838419839
3,2,24,6.0,0.02,105,13869,0.012762275578628596,1.9705501929292528,0.7884608466879015,1.2357037550883476,10.0,0.34258607495923127,2.122687264097871,-882.3548762561477,0.324982847302083,0.36018930261637955,0.9494357746308517,2.0153552268878054,3.0055219048475776,3.622492023412996,5.0,False,False,False,0,0,1.1450635065509018,False,True,SARS2-RBD_ACE2_deltaKd_6M0J,14516,0.9933436923837942
0,0,25,2.0,0.001,7,13957,0.001074729526402522,1.1742901385303943,0.75444470886302,1.2642022984714425,10.0,0.2993347762243556,2.2414357127887143,-1142.383893326456,0.28338665268712093,0.3152828997615903,0.9097764964950522,2.0392055298998066,3.20090331815547,3.622492023412996,56.00000000000001,False,False,False,0,0,1.2326641054704208,False,True,SARS2-RBD_ACE2_deltaKd_6M0J,14516,1.0162527822001468
0,1,25,2.0,0.005,27,13911,0.0053914168643519516,1.7916770706230303,0.7639142476550137,1.2512419774498897,10.0,0.34795607957425234,2.1771148643523466,-984.9246055450931,0.3307249291481026,0.3651872300004021,0.9104004430926509,1.982046337169973,3.1043648171879314,3.622492023412996,28.499999999999996,False,False,False,0,0,1.1529282416805107,False,True,SARS2-RBD_ACE2_deltaKd_6M0J,14516,1.0058343845178415
0,2,25,2.0,0.02,101,13896,0.016191709844559584,1.406889843201548,0.7494779774292616,1.2152029552219443,10.0,0.3522203656881001,2.2185385807054305,-1042.990167773336,0.3352464794635894,0.36919425191261085,0.870686997662354,1.9316526960325116,3.1477108056824994,3.622492023412996,41.0,False,False,False,0,0,1.0235008661115383,False,True,SARS2-RBD_ACE2_deltaKd_6M0J,14516,0.9768637390355435
1,0,25,3.0,0.001,4,14032,0.0005701254275940707,2.8243909649582113,0.7600394565642448,1.1928988588241007,10.0,0.32466205427657824,2.210530726085948,-1070.9924611214956,0.308111097241173,0.34121301131198345,0.9026114990992532,1.995250452477398,3.16152001630786,3.622492023412996,45.5,False,False,False,0,0,1.1196222866251901,False,True,SARS2-RBD_ACE2_deltaKd_6M0J,14516,0.9589341718719849
1,1,25,3.0,0.005,25,13935,0.004449228561176893,1.2216149073271079,0.748818332659595,1.2574426087228823,10.0,0.29190042406037997,2.327862558199823,-1324.2349595584892,0.2765824631387566,0.3072183849820033,0.9056461035755691,2.108219655493126,3.267188913571237,3.622492023412996,72.0,False,False,False,0,0,1.2534257412490528,False,True,SARS2-RBD_ACE2_deltaKd_6M0J,14516,1.010818878526589
1,2,25,3.0,0.02,102,13927,0.014935018309758024,1.8004782735973222,0.7458904039911303,1.2437794017609054,10.0,0.3456930985220354,2.232705091132377,-1086.5803996913019,0.32892540392853803,0.36246079311553275,0.8866461272308489,1.9796193223011218,3.170196200888036,3.622492023412996,48.5,False,False,False,0,0,1.016120914306378,False,True,SARS2-RBD_ACE2_deltaKd_6M0J,14516,0.9998354527681688
2,0,25,4.0,0.001,5,13951,0.00014335889900365565,5.930650891465023,0.7520109575875411,1.2330060374702811,10.0,0.2949808082322224,2.2426854854741607,-1146.6251142518304,0.2790992272123901,0.31086238925205467,0.9108706279189587,2.0427963363785837,3.1658730123378107,3.622492023412996,47.0,False,False,False,0,0,1.707499724645666,False,True,SARS2-RBD_ACE2_deltaKd_6M0J,14516,0.9911750813646043
2,1,25,4.0,0.005,20,13968,0.003293241695303551,1.7343275867051435,0.8371450585486688,1.2567008603116514,10.0,0.4514851051247642,2.188905824799371,-841.6303871252167,0.4330752650739692,0.4698949451755592,0.9096568797865232,1.9911532427335419,2.920775342228073,3.622492023412996,1.5,False,False,False,1,0,2.0262766285144513,False,True,SARS2-RBD_ACE2_deltaKd_6M0J,14516,1.0102226101227765
2,2,25,4.0,0.02,108,13841,0.013727331840184957,2.0987129582999673,0.7651695047647866,1.235362895112285,10.0,0.3407413018239071,2.229301699530822,-1075.9809135720207,0.3239650483785345,0.3575175552692797,0.9078361787878241,2.023840736267263,3.1219609211598986,3.622492023412996,31.0,False,False,False,0,0,1.4342249270604055,False,True,SARS2-RBD_ACE2_deltaKd_6M0J,14516,0.9930696856845237
3,0,25,6.0,0.001,6,13908,0.0010066148979004888,1.3106535438282145,0.7549889689372351,1.2545044012422661,10.0,0.3012260338290296,2.1976224795307173,-1061.864428385299,0.2848924701081141,0.31755959754994517,0.9238062100832847,2.030177294009103,3.1799888256568543,3.622492023412996,50.0,False,False,False,0,1,8.533405981188247,False,True,SARS2-RBD_ACE2_deltaKd_6M0J,14516,1.0084569452106413
3,1,25,6.0,0.005,25,13913,0.004168763027384461,1.0071176479989088,0.7781533872641503,1.210193939411849,10.0,0.30215829655997806,2.0629854655999633,-813.0104746175057,0.2847218388924495,0.3195947542275066,0.960145079378309,1.9807653436247743,3.0432945204138777,3.622492023412996,13.0,False,False,False,0,0,1.0335552503598016,False,True,SARS2-RBD_ACE2_deltaKd_6M0J,14516,0.9728371475167266
3,2,25,6.0,0.02,90,13796,0.0068860539286749785,1.3498859028424457,0.7607348494075129,1.2606602352359817,10.0,0.3155215655696382,2.2755089113110745,-1194.1113939286734,0.2994055326705086,0.3316375984687677,0.9184574380849413,2.0899580850222232,3.1910774762551184,3.622492023412996,53.5,False,False,False,0,0,3.1269616261791646,False,True,SARS2-RBD_ACE2_deltaKd_6M0J,14516,1.0134054280843394
0,0,26,2.0,0.001,7,13885,0.00036010082823190496,1.428868442907526,0.765245358177167,1.2346775651980795,10.0,0.32146061262519543,2.1498625171378913,-960.4383474414353,0.3044114826911204,0.33850974255927047,0.9323028201177304,2.0043228875930583,3.068562457743307,3.622492023412996,16.5,False,False,False,0,0,1.2909797311120088,False,True,SARS2-RBD_ACE2_deltaKd_6M0J,14516,0.9925187703501042
0,1,26,2.0,0.005,23,13953,0.0033684512291263526,0.9142008082297862,0.7859322634576127,1.2665586198974306,10.0,0.41717939772860413,2.1865209707867823,-905.0180306663678,0.39913117113946733,0.4352276243177409,0.8796545318793503,1.9233830810018293,3.0109567912274215,3.622492023412996,6.0,False,False,False,0,0,1.116719471672145,False,True,SARS2-RBD_ACE2_deltaKd_6M0J,14516,1.0181469554727423
0,2,26,2.0,0.02,112,13950,0.01878136200716846,1.4198177289781206,0.7356621161777763,1.2804474439669957,10.0,0.2978261851970902,2.3308598774968683,-1334.88793212967,0.282431140189883,0.3132212302042974,0.8890452501941474,2.072239902956703,3.2926962027404953,3.622492023412996,81.0,False,False,False,0,0,1.1497050014349521,False,True,SARS2-RBD_ACE2_deltaKd_6M0J,14516,1.0293117477842655
1,0,26,3.0,0.001,7,13886,0.0007201497911565605,0.9568852628044344,0.7381589963480106,1.262873291271159,10.0,0.3354511898199278,2.299762302534144,-1238.259611550311,0.3192275116195753,0.35167486802028025,0.8722733603692724,2.0060213916820326,3.20409535835971,3.622492023412996,56.00000000000001,False,False,False,0,0,1.6201873477484863,False,True,SARS2-RBD_ACE2_deltaKd_6M0J,14516,1.0151844347794174
1,1,26,3.0,0.005,23,13961,0.0017190745648592509,2.0955910142487375,0.7829150921445512,1.2766237256147488,10.0,0.3633889242782114,2.111664936396626,-856.7270863895683,0.3454286685659313,0.3813491799904915,0.9207721849302307,1.944362337326478,3.0430225495878154,3.622492023412996,13.0,False,False,False,0,0,4.2505053501312995,False,True,SARS2-RBD_ACE2_deltaKd_6M0J,14516,1.0262379799082544
1,2,26,3.0,0.02,94,13946,0.014771260576509394,1.9107249757001776,0.7609898013735836,1.222828607442057,10.0,0.27748687085117474,2.352059457430167,-1395.6790510134524,0.26256140043214715,0.2924123412702023,0.9296051605592962,2.1864866095693816,3.3964569510714395,3.622492023412996,93.0,False,False,False,0,0,1.9618240032162286,False,True,SARS2-RBD_ACE2_deltaKd_6M0J,14516,0.982993762920289
2,0,26,4.0,0.001,3,13949,7.168972686214065e-05,0.5720763209094419,0.7556996542708305,1.2330703231672813,10.0,0.3278613945929355,2.161314602815984,-962.1035303283134,0.31087510526280987,0.34484768392306114,0.8978852694930699,1.9406125446087374,3.1181185865443855,3.622492023412996,30.5,False,False,False,0,0,1.7077445450234199,False,True,SARS2-RBD_ACE2_deltaKd_6M0J,14516,0.9912267586305854
2,1,26,4.0,0.005,18,13888,0.001152073732718894,1.1889347238120238,0.7623359221968644,1.2252169987323762,10.0,0.3258069425234635,2.13381955530289,-909.8432966370019,0.3085931483180921,0.3430207367288349,0.906890355823841,1.935140375772508,3.1505847874301467,3.622492023412996,41.5,False,False,False,0,0,1.142586909514431,False,True,SARS2-RBD_ACE2_deltaKd_6M0J,14516,0.9849137161561787
2,2,26,4.0,0.02,104,13816,0.009481760277938622,1.8341636815918263,0.7830878519685432,1.2454340178084913,10.0,0.34429903063848183,2.202089728836768,-1015.9176470358288,0.3272784242303768,0.3613196370465869,0.9189041593532203,2.023509411097111,3.178516235954373,3.622492023412996,49.5,False,False,False,0,0,1.1379140384231403,False,True,SARS2-RBD_ACE2_deltaKd_6M0J,14516,1.0011655469816227
3,0,26,6.0,0.001,7,13978,0.0014308198597796538,0.6512550620828095,0.7228207454325737,1.2667647695045834,10.0,0.2794065418766607,2.3378595353490716,-1376.6471522470165,0.26436400299282153,0.29444908076049986,0.8904538957498246,2.0817561309674555,3.305229592330559,3.622492023412996,82.5,False,False,False,1,0,5.1437452419001,False,True,SARS2-RBD_ACE2_deltaKd_6M0J,14516,1.0183126727096685
3,1,26,6.0,0.005,29,13920,0.0015804597701149425,1.8665834961714936,0.7691211002241733,1.254360952172067,10.0,0.2721380893702448,2.261413424980899,-1206.7664654407708,0.25673318484170266,0.28754299389878696,0.9540986596034327,2.157611517583484,3.3286464599664067,3.622492023412996,86.5,False,False,False,0,0,1.2877337332248735,False,True,SARS2-RBD_ACE2_deltaKd_6M0J,14516,1.0083416309789948
3,2,26,6.0,0.02,104,13757,0.011412371883404812,1.803547967151018,0.7547656279278072,1.296171368869391,10.0,0.3653222526540455,2.088557927653833,-801.0618538757262,0.347020124206522,0.383624381101569,0.8908657864985445,1.860624800867102,2.985003310483099,3.622492023412996,3.5000000000000004,False,False,False,0,0,1.165834467545074,False,True,SARS2-RBD_ACE2_deltaKd_6M0J,14516,1.0419517203966284
0,0,27,2.0,0.001,6,13954,0.0008599684678228465,1.4364911873954491,0.7728172680877111,1.284223869829691,10.0,0.3334127710328535,2.1726350773851477,-998.1558575289091,0.3163853521813506,0.3504401898843564,0.9252730823910145,2.010280754962996,3.068671137240865,3.622492023412996,16.5,False,False,False,0,0,4.252637608799131,False,True,SARS2-RBD_ACE2_deltaKd_6M0J,14516,1.0323474987035424
0,1,27,2.0,0.005,23,13908,0.003091745757837216,1.7555056902435437,0.7869957970712839,1.2826261902395324,10.0,0.38033929129928795,2.1140439289166557,-837.7603168499772,0.3621338479783215,0.3985447346202544,0.9207978716452192,1.9466071503109534,3.0162863769311534,3.622492023412996,6.0,False,False,False,0,0,1.042986129111358,False,True,SARS2-RBD_ACE2_deltaKd_6M0J,14516,1.0310631739316871
0,2,27,2.0,0.02,103,13883,0.01851184902398617,1.8037035698322539,0.8066498270803226,1.2559450345386902,10.0,0.46813153609488267,2.123473862065011,-716.4844714669889,0.44892669740252145,0.4873363747872439,0.8932039335427592,1.8966952063717024,2.902930314249214,3.622492023412996,0.5,False,False,False,0,0,1.193234646713623,False,True,SARS2-RBD_ACE2_deltaKd_6M0J,14516,1.0096150253671095
1,0,27,3.0,0.001,5,13912,0.0006469235192639448,2.0579602913787793,0.7416261517425522,1.2287983025254092,10.0,0.32361579825844156,2.1428106111537435,-933.5962807405012,0.30652242014686093,0.3407091763700222,0.884243819026503,1.8947670382571011,3.0716353443656184,3.622492023412996,18.5,False,False,False,0,0,2.067259085430696,False,True,SARS2-RBD_ACE2_deltaKd_6M0J,14516,0.9877926145318378
1,1,27,3.0,0.005,31,13933,0.006244168520778009,1.6599370802165787,0.7353275071523616,1.2235035058487316,10.0,0.3008499175220299,2.2225672065640953,-1095.4660985019436,0.2847430981562717,0.3169567368877881,0.8908033484572864,1.9798703097786534,3.1976243557999076,3.622492023412996,54.0,False,False,False,0,0,1.7097056383070182,False,True,SARS2-RBD_ACE2_deltaKd_6M0J,14516,0.9835362926912875
1,2,27,3.0,0.02,93,13884,0.013252664938058196,1.981584540071652,0.7521513251099918,1.285482314053153,10.0,0.35463189647821103,2.095030121267668,-825.6142553711179,0.33662617956933166,0.3726376133870904,0.8976731406306533,1.8806522686741658,3.021154595374935,3.622492023412996,6.5,False,False,False,0,0,0.9107655373715209,False,True,SARS2-RBD_ACE2_deltaKd_6M0J,14516,1.0333591227489054
2,0,27,4.0,0.001,8,13916,0.0010778959471112388,1.312517809272981,0.7731631084672843,1.2502641795312277,10.0,0.30479577345102,2.1457120652442496,-956.6137624137045,0.2880297189446472,0.3215618279573928,0.9345047120653539,2.0051780357062334,3.0633975214753146,3.622492023412996,15.5,False,False,False,0,0,2.0666648747134118,False,True,SARS2-RBD_ACE2_deltaKd_6M0J,14516,1.005048363280203
2,1,27,4.0,0.005,15,13912,0.0016532489936745256,1.8669981916591722,0.747961919283249,1.2931225462444795,10.0,0.2723742279835427,2.3748640321044943,-1452.4478949431941,0.2576290182094981,0.28711943775758736,0.9109370693563184,2.163351681524998,3.406658908561828,3.622492023412996,93.5,False,False,False,0,0,2.067259085430696,False,True,SARS2-RBD_ACE2_deltaKd_6M0J,14516,1.0395008670175867
2,2,27,4.0,0.02,97,13797,0.008045227223309415,1.665461898259656,0.7363596060127433,1.2894439796039296,10.0,0.2803605867865892,2.3199613796095915,-1311.3338940200556,0.26512048773542063,0.2956006858377578,0.8935978636958289,2.073112532675959,3.337815121385976,3.622492023412996,87.5,False,False,False,0,0,2.0844899903248413,False,True,SARS2-RBD_ACE2_deltaKd_6M0J,14516,1.0365437820735968
3,0,27,6.0,0.001,1,13895,0.0001439366678661389,2.068025457567376,0.7451314240228957,1.2226782106919403,10.0,0.2870058876604891,2.287211273074857,-1252.1626712435464,0.271499106209825,0.30251266911115327,0.9104431033650912,2.082375729509894,3.285058103242475,3.622492023412996,78.0,False,False,False,0,1,4.270694868167189,False,True,SARS2-RBD_ACE2_deltaKd_6M0J,14516,0.9828728636655378
3,1,27,6.0,0.005,34,13901,0.0031652399107977842,1.4011753561334856,0.8124370315163976,1.2258806249099008,10.0,0.4498699294934303,2.169354732907757,-811.392687243977,0.43127471277203644,0.46846514621482416,0.8836587485455648,1.9169692884326666,2.9559207108469554,3.622492023412996,2.5,False,False,False,0,0,1.1687093224392524,False,True,SARS2-RBD_ACE2_deltaKd_6M0J,14516,0.9854471845338788
3,2,27,6.0,0.02,98,13839,0.008382108533853603,1.5649387091111442,0.7211529675679401,1.2236936396322806,10.0,0.29620341181673965,2.226355894503585,-1117.8944921628572,0.2801157127845684,0.31229111084891087,0.8815047479147973,1.9625432915530054,3.1997137456480664,3.622492023412996,55.50000000000001,False,False,False,0,0,1.1475457599793668,False,True,SARS2-RBD_ACE2_deltaKd_6M0J,14516,0.9836891353073431
0,0,28,2.0,0.001,6,13956,0.0012181140728002293,1.2788682373050426,0.730754631727825,1.2066309851820223,10.0,0.28963078791447033,2.252009341906004,-1164.3457489755237,0.27392242382948023,0.30533915199946043,0.8844177139043649,1.9917169538597812,3.301302772078425,3.622492023412996,82.5,False,False,False,0,0,4.252028173773509,False,True,SARS2-RBD_ACE2_deltaKd_6M0J,14516,0.9699729997823875
0,1,28,2.0,0.005,18,13970,0.0020042949176807445,1.5742076023429625,0.7286307339866512,1.2475592443221648,10.0,0.3463795906667661,2.3339274140968014,-1299.3420197702726,0.3302458784215985,0.3625133029119337,0.8568734901899773,1.9998805291671946,3.243503821082552,3.622492023412996,65.0,False,False,False,0,0,1.136784951492803,False,True,SARS2-RBD_ACE2_deltaKd_6M0J,14516,1.0028739502648139
0,2,28,2.0,0.02,108,13912,0.01674813110983324,1.5658044283062749,0.7289439806929099,1.2770695728147714,10.0,0.29043689296037833,2.3132345927658373,-1304.2198944368283,0.2750334017118407,0.30584038420891596,0.8999121539589376,2.0817079249882307,3.289756764507159,3.622492023412996,80.0,False,False,False,0,0,1.6250611082020006,False,True,SARS2-RBD_ACE2_deltaKd_6M0J,14516,1.0265963825610633
1,0,28,3.0,0.001,6,13916,0.0007185972980741593,2.0944525087043617,0.7674341334193938,1.2439795988213203,10.0,0.31723018389916496,2.195413594933634,-1034.96124458158,0.3006487653496297,0.33381160244870023,0.9110660262261422,2.0001667398590355,3.2535833283988533,3.622492023412996,68.0,False,False,False,0,0,3.0999973120701174,False,True,SARS2-RBD_ACE2_deltaKd_6M0J,14516,0.9999963849385033
1,1,28,3.0,0.005,35,13909,0.006542526421741319,1.8359262491748367,0.7427493107138791,1.2392491860910901,10.0,0.3346483331418077,2.2422414323232673,-1121.9634248610746,0.318084272235492,0.3512123940481234,0.8863449195840899,1.987399302020681,3.17427178282482,3.622492023412996,49.5,False,False,False,0,0,1.3952986239369836,False,True,SARS2-RBD_ACE2_deltaKd_6M0J,14516,0.9961937537426386
1,2,28,3.0,0.02,96,13933,0.012918969353333812,1.843110450416499,0.743041860472839,1.2386158349832346,10.0,0.3808180030132465,2.36372179876478,-1268.1842790900482,0.3644008309556398,0.39723517507085315,0.842479670783488,1.9913875628471056,3.1495506874372956,3.622492023412996,41.0,False,False,False,0,0,1.5401061103430205,False,True,SARS2-RBD_ACE2_deltaKd_6M0J,14516,0.9956846225488052
2,0,28,4.0,0.001,6,13936,0.0003587830080367394,2.1448695745981303,0.7513640105325726,1.1986456690675475,10.0,0.34179584687758136,2.194706856517797,-1019.3939635718343,0.3248157291439582,0.35877596461120453,0.8910830312349507,1.9556660383780087,3.1438218584932733,3.622492023412996,40.5,False,False,False,0,0,1.1823269035009534,False,True,SARS2-RBD_ACE2_deltaKd_6M0J,14516,0.963553853315169
2,1,28,4.0,0.005,30,13914,0.002299841885870346,1.4235183827740134,0.7355882326845617,1.2018729423957735,10.0,0.3104399824554093,2.2348805098446958,-1125.7849183057697,0.2942128305363609,0.32666713437445777,0.8886567517999356,1.9860416545395716,3.167191033537345,3.622492023412996,47.5,False,False,False,0,1,2.0924936933532057,False,True,SARS2-RBD_ACE2_deltaKd_6M0J,14516,0.9661481576466002
2,2,28,4.0,0.02,109,13802,0.013693667584408056,1.3758235309878208,0.72188758925977,1.2358321976493363,10.0,0.26724304692517514,2.264490139504041,-1207.1217478415201,0.25187891123440465,0.28260718261594564,0.9054582107325017,2.0504011899367223,3.2177381925108284,3.622492023412996,57.49999999999999,False,False,False,0,0,2.0837348497690074,False,True,SARS2-RBD_ACE2_deltaKd_6M0J,14516,0.9934469433509182
3,0,28,6.0,0.001,0,13916,0.0,,0.717792261733377,1.1935277984404196,10.0,0.277966168154913,2.281389842091021,-1234.6673091952107,0.2626083694926489,0.2933239668171771,0.877997083758758,2.00305362827277,3.3127338225381138,3.622492023412996,83.0,False,False,False,0,0,2.0666648747134118,False,True,SARS2-RBD_ACE2_deltaKd_6M0J,14516,0.9594397568054189
3,1,28,6.0,0.005,22,13990,0.0019299499642601858,1.9453820421250048,0.7702750295685175,1.2508546286399242,10.0,0.33237995838294876,2.201174724826281,-1039.4777531012223,0.3156294465272245,0.349130470238673,0.915323882678527,2.01478779558183,3.14042449713049,3.622492023412996,39.0,False,False,False,0,0,1.0911412171245476,False,True,SARS2-RBD_ACE2_deltaKd_6M0J,14516,1.0055230068955374
3,2,28,6.0,0.02,101,13806,0.009561060408518035,1.785480129432668,0.7275479719700617,1.2345085229615747,10.0,0.3261594565663024,2.373210015737856,-1386.2041047591993,0.3104697741637293,0.34184913896887553,0.8655351878383294,2.05409677675147,3.3236075366504787,3.622492023412996,85.0,False,False,False,0,0,1.4350371116154497,False,True,SARS2-RBD_ACE2_deltaKd_6M0J,14516,0.9923828825706206
0,0,29,2.0,0.001,7,13961,0.0007879091755604899,1.170437739929476,0.765977136167457,1.2624808417433264,10.0,0.3215887518421773,2.189082792138075,-1032.957603931216,0.30489452510680565,0.3382829785775489,0.9208446263171706,2.0158051257037344,3.135720211754858,3.622492023412996,37.5,False,False,False,0,0,1.030001733275261,False,True,SARS2-RBD_ACE2_deltaKd_6M0J,14516,1.0148689568491722
0,1,29,2.0,0.005,27,13948,0.006524232864926871,1.0569925917511553,0.7760145014150569,1.2460533465110946,10.0,0.3248464013359947,2.175777985408728,-1017.5213713559715,0.3079685596441907,0.3417242430277987,0.9432189223736565,2.052234966721546,3.1801760922672235,3.622492023412996,50.0,False,False,False,0,0,2.0619234583102837,False,True,SARS2-RBD_ACE2_deltaKd_6M0J,14516,1.0016634060014
0,2,29,2.0,0.02,100,13892,0.01619637201266916,1.404535067929794,0.7405523671780319,1.284129361176046,10.0,0.32236075833218275,2.352081327890294,-1350.4468071437223,0.30666201076010724,0.33805950590425826,0.8739307126071375,2.055556110993107,3.3221292293374987,3.622492023412996,85.0,False,False,False,0,0,1.3066115754704277,False,True,SARS2-RBD_ACE2_deltaKd_6M0J,14516,1.0322715261457287
1,0,29,3.0,0.001,6,13935,0.0007176175098672408,2.3862443884293842,0.7454066250279667,1.2545973126338734,10.0,0.29490114219653313,2.227804088138506,-1119.8501482027932,0.2789044764742097,0.3108978079188566,0.9111654861715073,2.0298981950635935,3.1824129723776875,3.622492023412996,50.0,False,False,False,0,0,1.2346101844313357,False,True,SARS2-RBD_ACE2_deltaKd_6M0J,14516,1.0085316337793404
1,1,29,3.0,0.005,27,13985,0.0030032177332856634,2.0988675492748796,0.743923960104852,1.2391830705834506,10.0,0.35729549347595896,2.1781565229730235,-977.7021871599427,0.33998987625788246,0.37460111069403546,0.8715217305428896,1.898310742294733,3.0353091501501153,3.622492023412996,10.5,False,False,False,0,0,1.150784685488522,False,True,SARS2-RBD_ACE2_deltaKd_6M0J,14516,0.996140605548978
1,2,29,3.0,0.02,94,13894,0.01468259680437599,1.5421726361043808,0.7314200920332601,1.230108312706814,10.0,0.31005057466877606,2.3268992078842063,-1313.614403452637,0.29439800335828953,0.3257031459792626,0.8801875997360188,2.048107828615243,3.24824839650087,3.622492023412996,66.0,False,False,False,0,1,4.271002245082991,False,True,SARS2-RBD_ACE2_deltaKd_6M0J,14516,0.9888456908418339
2,0,29,4.0,0.001,4,13896,0.0002878526194588371,1.8331622813209167,0.7452230334878118,1.2297316298531291,10.0,0.33456920447986316,2.180590277410755,-998.1424498385895,0.31756860188732344,0.3515698070724029,0.8878437097943778,1.936023361437916,3.118348032928919,3.622492023412996,30.5,False,False,False,0,0,1.1305800176975151,False,True,SARS2-RBD_ACE2_deltaKd_6M0J,14516,0.9885428872489856
2,1,29,4.0,0.005,20,13898,0.002086631169952511,2.1193274885202427,0.7452416963558677,1.2250366661993648,10.0,0.34130672944714946,2.176809817401052,-983.4332329665776,0.32417325828732635,0.35844020060697257,0.8794719303918307,1.914443132205592,3.0950538652107085,3.622492023412996,24.0,False,False,False,0,0,1.1855596292408468,False,True,SARS2-RBD_ACE2_deltaKd_6M0J,14516,0.9847687524596125
2,2,29,4.0,0.02,102,13926,0.012781846905069654,1.8836995404769457,0.7444890386267292,1.2728127712663675,10.0,0.26466858078715316,2.2279132706524933,-1136.9945792033177,0.24919948390820065,0.28013767766610564,0.9376461416270597,2.0889942821070338,3.2339109596180924,3.622492023412996,62.0,False,False,False,0,0,1.3362119925215379,False,True,SARS2-RBD_ACE2_deltaKd_6M0J,14516,1.0231744726166896
3,0,29,6.0,0.001,3,13893,0.00014395738861297056,1.6205242233746346,0.7555207370284551,1.2710798610240328,10.0,0.2963883808600963,2.2422866177306124,-1148.9398494156412,0.28043974287213425,0.3123370188480583,0.9167680379924544,2.0556567031536304,3.2305070215871963,3.622492023412996,61.5,False,False,False,0,0,1.5241138964326837,False,True,SARS2-RBD_ACE2_deltaKd_6M0J,14516,1.0217814401430063
3,1,29,6.0,0.005,25,13963,0.001432356943350283,1.1118268193049803,0.7233342818542344,1.1502262710571254,10.0,0.27312912021846975,2.3795660819398923,-1450.7100612422946,0.2584365709626604,0.2878216694742791,0.8815487621782476,2.0977035340554546,3.3856097959117855,3.622492023412996,92.5,False,False,False,0,0,1.8008118460379496,False,True,SARS2-RBD_ACE2_deltaKd_6M0J,14516,0.9246310100328528
3,2,29,6.0,0.02,122,13864,0.012983266012694748,1.5129327874177039,0.7655058819937716,1.3132369484783017,10.0,0.4393689873437131,2.2346244992701587,-932.2322138783711,0.4213756813830657,0.4573622933043605,0.8424845744248683,1.882636670267004,2.987552331348426,3.622492023412996,4.0,False,False,False,0,0,1.2248859757828847,False,True,SARS2-RBD_ACE2_deltaKd_6M0J,14516,1.055670207365354
0,0,30,2.0,0.001,6,13992,0.0009291023441966839,1.395226050386013,0.6990586447106047,1.15628684610825,10.0,0.2805108060070503,2.539493750819415,-1830.34265612733,0.26643835484857925,0.29458325716552136,0.842013904828914,2.1382890494160804,3.544302549281781,3.622492023412996,99.0,False,False,False,0,3,4.241088135590557,False,False,SARS2-RBD_ACE2_deltaKd_6M0J,14516,0.9295029172148641
0,1,30,2.0,0.005,27,13930,0.0043790380473797555,1.7120410598054994,0.7533322552073132,1.2671197567630537,10.0,0.3348891037670056,2.1216503097714634,-892.4930958983459,0.31744082551434327,0.3523373820196679,0.908988124048592,1.9285549349662765,3.074952012755623,3.622492023412996,18.5,False,False,False,0,0,0.9172959342345461,False,True,SARS2-RBD_ACE2_deltaKd_6M0J,14516,1.018598035890468
0,2,30,2.0,0.02,113,13943,0.02058380549379617,1.242805240588505,0.7037445755107591,1.2389192520599455,10.0,0.3118606001078642,2.160472774133301,-986.498774037238,0.2950872620379991,0.3286339381777293,0.8677955266380093,1.874848608816089,3.129601705083742,3.622492023412996,34.5,False,False,False,0,0,1.1135169510343255,False,True,SARS2-RBD_ACE2_deltaKd_6M0J,14516,0.9959285300695772
1,0,30,3.0,0.001,8,13946,0.0006453463358669152,1.982297742357415,0.7700538073932252,1.304321550997465,10.0,0.31124104583585743,2.100236165945953,-871.416801305495,0.29401415431091504,0.3284679373607998,0.9324252073858428,1.9583131425914024,3.0947465826434755,3.622492023412996,22.5,False,False,False,0,0,0.8708211713424007,False,True,SARS2-RBD_ACE2_deltaKd_6M0J,14516,1.0485033975080431
1,1,30,3.0,0.005,34,13867,0.00598543304247494,2.5783390322280066,0.7975692127842832,1.2596470797053418,10.0,0.4086144109574723,2.149190559776599,-852.1354546549337,0.3903136518359838,0.4269151700789608,0.9030015205216786,1.9407223433691063,3.0061294333734114,3.622492023412996,5.0,False,False,False,0,0,1.1565864837396396,False,True,SARS2-RBD_ACE2_deltaKd_6M0J,14516,1.0125909839656575
1,2,30,3.0,0.02,107,13923,0.01888960712490124,1.9149042351423293,0.7547684052451428,1.228647572483203,10.0,0.28718045745319404,2.183250673618559,-1035.9171315379717,0.27099997203480464,0.30336094287158344,0.9416182855757351,2.0557887562747763,3.1495320808243723,3.622492023412996,41.0,False,False,False,0,0,2.065625827516472,False,True,SARS2-RBD_ACE2_deltaKd_6M0J,14516,0.9876714473539752
2,0,30,4.0,0.001,5,13972,0.00035785857429144005,1.6064325877171233,0.7486481925489684,1.2268139353470695,10.0,0.261617196646831,2.304852617473853,-1281.5541937779344,0.24675901191621322,0.27647538137744876,0.9055243510275146,2.087100170652079,3.315557571636765,3.622492023412996,83.5,False,False,False,0,0,1.3260592662286619,False,True,SARS2-RBD_ACE2_deltaKd_6M0J,14516,0.9861974436732396
2,1,30,4.0,0.005,27,13944,0.0023666092943201377,1.892331786163212,0.7712202142024253,1.2828849157047575,10.0,0.3454083288149214,2.1205062342003944,-886.6948896083486,0.3277983925987551,0.3630182650310877,0.9167864070309539,1.944051291539318,3.074981553254041,3.622492023412996,18.5,False,False,False,1,0,4.125029890492231,False,True,SARS2-RBD_ACE2_deltaKd_6M0J,14516,1.0312711552604499
2,2,30,4.0,0.02,110,13909,0.012294198001294126,2.1867627066216326,0.7589673082142034,1.2491250452245304,10.0,0.4013886221746666,2.081668449154037,-758.3742371597982,0.38261210607206414,0.42016513827726903,0.8761637175660671,1.8238823671507909,2.9665582054269217,3.622492023412996,2.5,False,False,False,0,0,1.033852483877771,False,True,SARS2-RBD_ACE2_deltaKd_6M0J,14516,1.0041326487542284
3,0,30,6.0,0.001,0,13971,0.0,,0.7632715685431537,1.217966122907025,10.0,0.32849843979841603,2.221670086710659,-1082.7878719697037,0.3119406344969149,0.34505624509991717,0.8968971688113254,1.992609610803602,3.1812791973759174,3.622492023412996,50.0,False,False,False,0,0,1.705055376031185,False,True,SARS2-RBD_ACE2_deltaKd_6M0J,14516,0.9790849633214384
3,1,30,6.0,0.005,13,13891,0.0012958030379382334,2.2533147286341926,0.7494794123070709,1.235676210315719,10.0,0.33938843816233627,2.2854152699211023,-1181.0656567773767,0.32305256871852783,0.3557243076061447,0.8733356120250494,1.9959345434879394,3.193816639796374,3.622492023412996,54.0,False,False,False,0,0,1.3337916685441558,False,True,SARS2-RBD_ACE2_deltaKd_6M0J,14516,0.9933215500005279
3,2,30,6.0,0.02,112,13786,0.011968663861888872,1.710069414442354,0.7357763905374012,1.1971776577169766,10.0,0.28738303250738906,2.2214159001294007,-1107.5250692395057,0.27136353393672813,0.30340253107805,0.9237890264203709,2.052119631655271,3.192574277235642,3.622492023412996,53.5,False,False,False,0,1,4.304461424139205,False,True,SARS2-RBD_ACE2_deltaKd_6M0J,14516,0.9623737647952201
0,0,31,2.0,0.001,3,13926,0.0002872325147206664,1.6664402633552995,0.7610607277431645,1.2520531437764049,10.0,0.34336048696893573,2.231487291193137,-1082.453938610328,0.32661370155270325,0.3601072723851682,0.8903992167005262,1.9869145361555482,3.141271158973544,3.622492023412996,39.0,False,False,False,0,0,4.261188079361129,False,True,SARS2-RBD_ACE2_deltaKd_6M0J,14516,1.0064864558177788
0,1,31,2.0,0.005,33,13938,0.0049504950495049506,1.914852565887052,0.7577903164804419,1.2497069742749796,10.0,0.3165582525185311,2.3046667549319233,-1259.2079785381939,0.3007062343489494,0.3324102706881128,0.8969474533025374,2.0671649765472115,3.2424165882010096,3.622492023412996,63.5,False,False,False,0,0,1.2001213731626879,False,True,SARS2-RBD_ACE2_deltaKd_6M0J,14516,1.00460044336058
0,2,31,2.0,0.02,89,13943,0.0144875564799541,1.7539200573962326,0.7401773162545952,1.2534302427634967,10.0,0.3706208944244134,2.2822197602956584,-1144.29165082892,0.3538399391964243,0.38740184965240254,0.8533446965641369,1.9475201288421762,3.1806412894579927,3.622492023412996,50.0,False,False,False,0,0,1.1243983553583243,False,True,SARS2-RBD_ACE2_deltaKd_6M0J,14516,1.0075934627253673
1,0,31,3.0,0.001,6,13996,0.0007859388396684767,1.5778368125634705,0.7449167264307799,1.2227175784809003,10.0,0.29735031562351827,2.239146141828973,-1155.73999481574,0.28140641459314875,0.3132942166538878,0.9058487907663146,2.0283278249248338,3.2700296565699825,3.622492023412996,73.0,False,False,False,0,0,1.32378537208823,False,True,SARS2-RBD_ACE2_deltaKd_6M0J,14516,0.9829045102027322
1,1,31,3.0,0.005,29,13912,0.005103507763082231,2.042227238170203,0.7572744928522834,1.252651560732568,10.0,0.2658540572651203,2.3124213895972816,-1299.7333645777107,0.2509115973714819,0.2807965171587587,0.9243810314220875,2.137558469198432,3.3224219885825863,3.622492023412996,85.0,False,False,False,0,0,1.0998197411551858,False,True,SARS2-RBD_ACE2_deltaKd_6M0J,14516,1.0069675045370794
1,2,31,3.0,0.02,114,13883,0.016855146582150832,1.948140209071859,0.7163350299870732,1.20580356242524,10.0,0.32543643455273247,2.355512359678934,-1344.061374465222,0.30971206762720993,0.341160801478255,0.8499751405428062,2.0021269489684186,3.2390221790929257,3.622492023412996,62.5,False,False,False,0,0,1.4298859911721582,False,True,SARS2-RBD_ACE2_deltaKd_6M0J,14516,0.9693078604453902
2,0,31,4.0,0.001,5,13932,0.0006459948320413437,1.2704618476384009,0.7359352456261881,1.2218804581639648,10.0,0.33897748864116,2.1457519074916447,-931.1165884697548,0.3216605148161219,0.3562944624661981,0.8751498437840018,1.8778544466405367,3.1044846833339066,3.622492023412996,28.499999999999996,False,False,False,0,0,1.0038063712853238,False,True,SARS2-RBD_ACE2_deltaKd_6M0J,14516,0.9822315752997102
2,1,31,4.0,0.005,21,13891,0.0022316607875602907,1.7683007955309529,0.7075757935821096,1.2836362463900386,10.0,0.29210213968530807,2.2965445821143704,-1268.7690517390292,0.27655145499811085,0.3076528243725053,0.8715511364783985,2.0015560405150885,3.2286733387079285,3.622492023412996,61.5,False,False,False,0,0,1.032419326963886,False,True,SARS2-RBD_ACE2_deltaKd_6M0J,14516,1.0318751265553863
2,2,31,4.0,0.02,100,13773,0.010164815218180499,1.7034680109041032,0.7448516697889965,1.298067426197594,10.0,0.28997667564227814,2.3290381868304006,-1330.8488101829134,0.27458382031804673,0.30536953096650954,0.914521329534682,2.129955099157183,3.3169118891616867,3.622492023412996,84.0,False,False,False,0,1,4.308524300674005,False,True,SARS2-RBD_ACE2_deltaKd_6M0J,14516,1.0434759017221387
3,0,31,6.0,0.001,6,13993,0.0005717144286428928,2.9087849919903066,0.7820124153285377,1.2637624267971685,10.0,0.44064917428121964,2.1959552232111643,-882.1639638312627,0.42242923371133384,0.45886911485110543,0.8596735551031969,1.887804633585376,3.0287124911342858,3.622492023412996,9.0,False,False,False,0,0,1.1349164419605844,False,True,SARS2-RBD_ACE2_deltaKd_6M0J,14516,1.0158991830860395
3,1,31,6.0,0.005,32,13871,0.004830221325066686,1.8335262920390325,0.7134841089930537,1.2367594685553818,10.0,0.28735791002382405,2.23783925082098,-1148.7904958772488,0.2715068199340937,0.3032090001135544,0.8853155815023052,1.9811939576492588,3.2769312953584215,3.622492023412996,75.5,False,False,False,0,0,1.0189237552417911,False,True,SARS2-RBD_ACE2_deltaKd_6M0J,14516,0.994192347499654
3,2,31,6.0,0.02,104,13914,0.010852378898950698,1.5120714772243913,0.7267784322649828,1.2743231946101798,10.0,0.3195033832654152,2.283091000673958,-1212.7547710715298,0.3034564723138533,0.33555029421697713,0.8744015077717402,1.9963382133693997,3.245821248953952,3.622492023412996,66.0,False,False,False,0,0,2.066961937366094,False,True,SARS2-RBD_ACE2_deltaKd_6M0J,14516,1.0243886548146697
0,0,32,2.0,0.001,5,13928,0.0007179781734635267,1.5246384459451847,0.7244583852912032,1.2127699247311665,10.0,0.3359291842526947,2.349602809029629,-1339.392041779436,0.32000762532229643,0.35185074318309295,0.8550291638203058,2.008978925114445,3.1968510733775073,3.622492023412996,54.0,False,False,False,0,0,1.6153016593075447,False,True,SARS2-RBD_ACE2_deltaKd_6M0J,14516,0.9749079017392338
0,1,32,2.0,0.005,22,13978,0.004077836600372013,1.6365275273131157,0.7878861420399723,1.2500176997603818,10.0,0.3392218468352395,2.2650610270174063,-1170.7650365047375,0.3227892315295062,0.35565446214097274,0.9233842822728873,2.091521750736757,3.2359748434968147,3.622492023412996,62.5,False,False,False,1,0,4.11499619352008,False,True,SARS2-RBD_ACE2_deltaKd_6M0J,14516,1.0048502258830625
0,2,32,2.0,0.02,94,13930,0.012275664034458005,1.5402262920229268,0.7433805220748322,1.2937403898870579,10.0,0.2485010667532342,2.3042679306236273,-1290.3162518018653,0.2338287192303887,0.26317341427607965,0.9329978494977228,2.149877023938412,3.3647485042605982,3.622492023412996,91.0,False,False,False,0,0,1.2190824959263398,False,True,SARS2-RBD_ACE2_deltaKd_6M0J,14516,1.0399975322439465
1,0,32,3.0,0.001,4,13927,0.0015796653981474834,1.6642475210121555,0.737250127642111,1.2436050992820382,10.0,0.2848617120324711,2.2306871460147804,-1124.287323368335,0.2690714560636632,0.3006519680012791,0.8977861069442248,2.0026799286311334,3.247493621044288,3.622492023412996,66.0,False,False,False,0,0,1.1402948066600458,False,True,SARS2-RBD_ACE2_deltaKd_6M0J,14516,0.9996953364439797
1,1,32,3.0,0.005,35,13954,0.003511537910276623,2.850090639541529,0.771728908682252,1.2777337381082274,10.0,0.4900403089035946,2.2818902342945364,-900.053232190643,0.4719152954980909,0.5081653223090983,0.8131923707075416,1.8556157293203615,2.9738319506316726,3.622492023412996,3.0,False,False,False,0,0,1.1054027362850087,False,True,SARS2-RBD_ACE2_deltaKd_6M0J,14516,1.0271302843172392
1,2,32,3.0,0.02,104,13909,0.011862822632827666,1.73772536570072,0.7588428699282895,1.3269051399256733,10.0,0.32429975738999484,2.3473718894852866,-1343.6811995293028,0.30854845565392885,0.3400510591260608,0.9028873934915758,2.1194124868527657,3.326426484568662,3.622492023412996,86.5,False,False,False,0,0,3.1015574516333135,False,True,SARS2-RBD_ACE2_deltaKd_6M0J,14516,1.0666576399960577
2,0,32,4.0,0.001,5,13857,0.0002886627697192755,1.1938010722424848,0.7296026556274728,1.2560552403342304,10.0,0.29469598407459285,2.11282520503846,-894.6185692592335,0.2778002986083365,0.3115916695408492,0.8979085833984359,1.8971238868245934,3.0945985430226712,3.622492023412996,22.5,False,False,False,0,0,1.0377321352569762,False,True,SARS2-RBD_ACE2_deltaKd_6M0J,14516,1.0097036163675117
2,1,32,4.0,0.005,26,13905,0.005321826681049982,1.220917231064166,0.7520095953521861,1.2482965004220483,10.0,0.29316882565831676,2.0648739019470836,-799.4762700523424,0.2759486592658865,0.310388992050747,0.9174509729077422,1.8944205702731578,3.0516672548746415,3.622492023412996,14.000000000000002,False,False,False,0,0,0.9929433377700848,False,True,SARS2-RBD_ACE2_deltaKd_6M0J,14516,1.0034666074397032
2,2,32,4.0,0.02,101,13872,0.014345444059976932,2.1980279588222973,0.7311648401332994,1.2802172318037643,10.0,0.3030498821344558,2.337047107016962,-1337.6821583407655,0.28756411710987784,0.3185356471590337,0.8838311710529728,2.0655550814007637,3.3612395095115746,3.622492023412996,91.0,False,False,False,0,0,1.2982730197317276,False,True,SARS2-RBD_ACE2_deltaKd_6M0J,14516,1.0291266874093057
3,0,32,6.0,0.001,4,13924,0.00043091065785693766,1.6009462472831553,0.7271247390952307,1.287160978827369,10.0,0.2560486323088722,2.322652711031283,-1340.0726353124119,0.2413111678567304,0.270786096761014,0.9080979406220331,2.10919614366769,3.4145544418878444,3.622492023412996,93.5,False,False,False,0,0,1.0532191079805626,False,True,SARS2-RBD_ACE2_deltaKd_6M0J,14516,1.034708548983331
3,1,32,6.0,0.005,35,13933,0.0022967056628148998,1.0842807573926,0.7339634058090629,1.2773453266595691,10.0,0.33069895959917656,2.2874170180385383,-1204.7397640499476,0.3145251019127013,0.34687281728565184,0.859142654798521,1.9652175295089462,3.277995161723673,3.622492023412996,76.0,False,False,False,0,0,1.1017635808149904,False,True,SARS2-RBD_ACE2_deltaKd_6M0J,14516,1.0268180524728463
3,2,32,6.0,0.02,85,13887,0.00871318499315907,1.431823568282622,0.7272608312567265,1.2586376657710359,10.0,0.3108486237287241,2.223449307729226,-1109.397739209111,0.2945109183948425,0.32718632906260575,0.8920253487603059,1.9833731441780236,3.2087120294867075,3.622492023412996,56.49999999999999,False,False,False,0,0,1.0686834122662903,False,True,SARS2-RBD_ACE2_deltaKd_6M0J,14516,1.0117795475995235
0,0,33,2.0,0.001,7,13932,0.001937984496124031,1.9581932422026262,0.7556085565653907,1.2480323406358165,10.0,0.29973897776311575,2.3070548130955593,-1290.6253696117274,0.2841448709533032,0.3153330845729283,0.915818898196403,2.1128443970078834,3.2958531865299117,3.622492023412996,81.5,False,False,False,0,0,1.2993208148307256,False,True,SARS2-RBD_ACE2_deltaKd_6M0J,14516,1.0032542576298442
0,1,33,2.0,0.005,28,13908,0.004457865976416451,1.8364380874312105,0.7943192572070614,1.2650387925593762,10.0,0.43114389731300135,2.0702477758771023,-699.7864370965253,0.4118835696005134,0.45040422502548927,0.8975058155996063,1.8580594185818498,2.9008431201648017,3.622492023412996,0.5,False,False,False,0,0,1.0270278231173997,False,True,SARS2-RBD_ACE2_deltaKd_6M0J,14516,1.0169252136972138
0,2,33,2.0,0.02,107,13965,0.01911922663802363,1.7920009666782966,0.7593706495551875,1.2385251135903954,10.0,0.3694204923243747,2.2676340690594188,-1116.3262943484879,0.3525754165674369,0.38626556808131246,0.878838733824106,1.992884654028585,3.1527556729816766,3.622492023412996,43.0,False,False,False,0,0,1.207310535468786,False,True,SARS2-RBD_ACE2_deltaKd_6M0J,14516,0.9956116944517835
1,0,33,3.0,0.001,4,13888,0.0015120967741935483,1.554082831916602,0.700709337024943,1.2504688450715626,10.0,0.2399728566149398,2.486802713780852,-1698.8929550180765,0.22636356712056477,0.25358214610931484,0.8692772251150092,2.161720962443894,3.542659378989267,3.622492023412996,99.0,False,False,False,0,0,1.3586324859394132,False,True,SARS2-RBD_ACE2_deltaKd_6M0J,14516,1.0052128875221202
1,1,33,3.0,0.005,23,13922,0.0028731504094239332,2.244768153658511,0.7636268413334846,1.2682712039310597,10.0,0.29854108396421775,2.2166414323917567,-1080.9230705079026,0.28243418240121854,0.31464798552721696,0.9153293392896864,2.028956937753291,3.2102701633944593,3.622492023412996,56.99999999999999,False,False,False,0,0,1.266086728134335,False,True,SARS2-RBD_ACE2_deltaKd_6M0J,14516,1.0195236483414638
1,2,33,3.0,0.02,102,13918,0.015160224170139389,1.8967585260528728,0.7500008079962713,1.227392300534953,10.0,0.2552250890251396,2.328196365203597,-1345.1231830150646,0.24055541139198522,0.2698947666582939,0.9425820829892487,2.194516179521604,3.3481139035846463,3.622492023412996,88.5,False,False,False,0,0,4.263637389939868,False,True,SARS2-RBD_ACE2_deltaKd_6M0J,14516,0.9866623734016738
2,0,33,4.0,0.001,6,13945,0.0005736823234134098,1.97003349228715,0.7530509917569689,1.2067520362084956,10.0,0.33334513285672673,2.152913315189129,-950.5739613894839,0.3161856464917593,0.3505046192216942,0.8944067234306651,1.9255801440685594,3.127526788743868,3.622492023412996,34.0,False,False,False,0,0,0.9837074568064521,False,True,SARS2-RBD_ACE2_deltaKd_6M0J,14516,0.9700703089255448
2,1,33,4.0,0.005,24,13938,0.001506672406371072,1.217691494696975,0.7803181842612916,1.2432004287875897,10.0,0.37311796678037523,2.106310922313173,-827.5966347656868,0.3549792084455245,0.39125672511522597,0.899460597254208,1.8945436801868687,3.080854614391907,3.622492023412996,19.5,False,False,False,0,0,0.9675191699794693,False,True,SARS2-RBD_ACE2_deltaKd_6M0J,14516,0.9993700344599896
2,2,33,4.0,0.02,93,13845,0.01242325749368003,1.9473336099206096,0.7145105400238245,1.2220380025571238,10.0,0.31074333036409935,2.3727107815001327,-1408.3044025118434,0.2953048918383759,0.3261817688898228,0.8587289705640125,2.0375154868437426,3.327494575747923,3.622492023412996,86.5,False,False,False,1,0,5.193157890305496,False,True,SARS2-RBD_ACE2_deltaKd_6M0J,14516,0.9823582203216829
3,0,33,6.0,0.001,4,13998,0.00028575510787255323,2.409583319375839,0.7692641564568148,1.2798803508559196,10.0,0.2953499087831388,2.288026296589504,-1251.2297700442505,0.27976733062212095,0.3109324869441567,0.9278970506977435,2.1230528525242813,3.2511393809803906,3.622492023412996,67.0,False,False,False,0,0,4.239270266694033,False,True,SARS2-RBD_ACE2_deltaKd_6M0J,14516,1.028855879326666
3,1,33,6.0,0.005,21,13918,0.001939933898548642,1.5846928618557192,0.7578055750691082,1.2582931968367776,10.0,0.3775964266323162,2.2108275033019678,-1004.0926177641231,0.3601975839709945,0.3949952692936379,0.880559805268244,1.9467658357892585,3.0362980742673966,3.622492023412996,10.5,False,False,False,0,0,1.1262957955256458,False,True,SARS2-RBD_ACE2_deltaKd_6M0J,14516,1.011502639771366
3,2,33,6.0,0.02,105,13885,0.010658984515664386,2.184253845860196,0.8064968183335502,1.2192197660558521,10.0,0.4175864653676674,2.1541908466145414,-847.679355290602,0.3992164174775152,0.43595651325781964,0.9192838961441301,1.9803129545138376,2.96321957457457,3.622492023412996,2.5,False,False,False,0,0,1.2456495616835381,False,True,SARS2-RBD_ACE2_deltaKd_6M0J,14516,0.9800927279327051
0,0,34,2.0,0.001,4,14026,0.00035648082133181235,2.2736261465032155,0.7503058093982533,1.2130568709839038,10.0,0.2813286528414598,2.2962148680642605,-1281.3278280329032,0.26605347955345954,0.29660382612946007,0.9084407728443455,2.085975209360974,3.2736052107471654,3.622492023412996,73.5,False,False,False,0,0,2.050456894090392,False,True,SARS2-RBD_ACE2_deltaKd_6M0J,14516,0.9751385688785349
0,1,34,2.0,0.005,31,13978,0.004578623551294892,1.3966620780421848,0.7208509503401416,1.2677820701789626,10.0,0.3182649659898246,2.210775682862172,-1085.3647868074622,0.3017801518123796,0.33474978016726964,0.873462914411279,1.931030571062378,3.233379383955929,3.622492023412996,62.0,False,False,False,0,0,1.0691209131964552,False,True,SARS2-RBD_ACE2_deltaKd_6M0J,14516,1.0191304489800659
0,2,34,2.0,0.02,95,13912,0.013010350776308223,1.217254499550266,0.7168182908111518,1.2672856858819577,10.0,0.30124146822817216,2.310557666095165,-1288.150837473986,0.2856527765920275,0.31683015986431684,0.8740705592661483,2.019590431420487,3.2425272645698695,3.622492023412996,63.5,False,False,False,0,0,2.067259085430696,False,True,SARS2-RBD_ACE2_deltaKd_6M0J,14516,1.0187314211318477
1,0,34,3.0,0.001,5,13927,0.0007180297264306742,1.520325504254406,0.7360144586870394,1.235761784483567,10.0,0.2787196475664634,2.4368508872756176,-1597.862204860634,0.2641643971672027,0.2932748979657241,0.9070652857865438,2.210382846485851,3.469084868191623,3.622492023412996,96.5,False,False,False,0,1,8.521764226780078,False,False,SARS2-RBD_ACE2_deltaKd_6M0J,14516,0.9933903404039824
1,1,34,3.0,0.005,31,13996,0.004286939125464418,1.9564105518263575,0.7287293444463439,1.2454351467309395,10.0,0.31016027819420755,2.221446611420145,-1105.6325436668703,0.2938996190997187,0.3264209372886964,0.8815189145079847,1.958247205536527,3.135730008913391,3.622492023412996,37.5,False,False,False,0,0,1.6074536661071366,False,True,SARS2-RBD_ACE2_deltaKd_6M0J,14516,1.0011664544871544
1,2,34,3.0,0.02,109,13858,0.014359936498773271,2.1234569768270024,0.7616869767891391,1.3008177026972314,10.0,0.31932419320579686,2.3027908569379187,-1247.6181751657787,0.3033699590580126,0.3352784273535811,0.9086589821904314,2.09245159626264,3.311637660795712,3.622492023412996,82.5,False,False,False,0,0,1.2731891779377706,False,True,SARS2-RBD_ACE2_deltaKd_6M0J,14516,1.0456867631862854
2,0,34,4.0,0.001,4,13955,0.0002149767108563239,1.813340733470375,0.7342114289972074,1.190804808995235,10.0,0.28163793929929004,2.388613431246409,-1463.206321919737,0.26686098954994325,0.29641488904863683,0.8774754573958423,2.095949663124795,3.3737084911578115,3.622492023412996,91.5,False,False,False,0,0,3.091333758134558,False,True,SARS2-RBD_ACE2_deltaKd_6M0J,14516,0.9572508305529384
2,1,34,4.0,0.005,27,13883,0.0028091910970251387,1.8067982539854772,0.7786046308156318,1.2814760423605032,10.0,0.2946763657803086,2.2788750364354664,-1219.1456393014669,0.2789893116250499,0.31036341993556726,0.9410190894040912,2.1444649116522174,3.2319133764555814,3.622492023412996,61.5,False,False,False,0,1,4.274386313706193,False,True,SARS2-RBD_ACE2_deltaKd_6M0J,14516,1.0301386059385595
2,2,34,4.0,0.02,113,13844,0.013868824039295001,1.9552536924638626,0.7116682280717715,1.2587468811472964,10.0,0.2812437466713408,2.310274998345768,-1299.4229801154652,0.26593692644316863,0.2965505668995129,0.88402168932493,2.042333206842776,3.3135633939192832,3.622492023412996,83.0,False,False,False,0,0,1.319388042241413,False,True,SARS2-RBD_ACE2_deltaKd_6M0J,14516,1.0118673424327695
3,0,34,6.0,0.001,3,13904,0.00014384349827387802,2.414408334574982,0.7335569930710892,1.2494064452620597,10.0,0.26996456561838955,2.276035696205335,-1245.9381788044993,0.25467781629665226,0.28525131494012684,0.9166679305050298,2.086368931396119,3.220033512309215,3.622492023412996,59.0,False,False,False,1,0,4.136897065090886,False,True,SARS2-RBD_ACE2_deltaKd_6M0J,14516,1.0043588574641764
3,1,34,6.0,0.005,25,13914,0.0017967514733362082,1.8088351214438154,0.7450442606704334,1.2533443487322808,10.0,0.23896253832356548,2.487581999472381,-1697.0095146678286,0.2253982177647044,0.2525268588824266,0.9198859297604989,2.288291680440132,3.571341161278241,3.622492023412996,99.0,False,False,False,0,0,3.1004429060491416,False,False,SARS2-RBD_ACE2_deltaKd_6M0J,14516,1.0075244151937317
3,2,34,6.0,0.02,95,13810,0.008254887762490948,1.8172628968997988,0.7451597130868681,1.2115194254578705,10.0,0.4091165180674895,2.190994496597142,-918.6152414207536,0.39110594377023056,0.42712709236474844,0.8487812326927124,1.8596750096446713,3.04914533811271,3.622492023412996,13.5,False,False,False,0,0,1.3416147768100555,False,True,SARS2-RBD_ACE2_deltaKd_6M0J,14516,0.9739026643914115
0,0,35,2.0,0.001,4,13911,0.0005750844655308748,1.5842724940948607,0.8018454136443726,1.2508132414339694,10.0,0.37345059707626743,2.1628360069034382,-928.6372594834611,0.35575878808536016,0.3911424060671747,0.9223465099520196,1.9948842425659483,3.022911172403401,3.622492023412996,7.5,False,False,False,0,0,3.1011115372559668,False,True,SARS2-RBD_ACE2_deltaKd_6M0J,14516,1.0054897370120306
0,1,35,2.0,0.005,24,13899,0.002662062018850277,1.5271860514715478,0.7750404590564858,1.260737339431285,10.0,0.3378144288971092,2.278412501952626,-1180.4782404245925,0.3214421754785733,0.35418668231564515,0.912124736878055,2.07819640384321,3.18640674797627,3.622492023412996,52.0,False,False,False,0,0,1.3575572317955658,False,True,SARS2-RBD_ACE2_deltaKd_6M0J,14516,1.0134674097411447
0,2,35,2.0,0.02,81,13934,0.015071049232094158,1.4697480682495825,0.7293166059525267,1.2369524712116307,10.0,0.3111347808224999,2.22775041672353,-1109.9724545763747,0.2948637386291853,0.3274058230158145,0.8911580463295076,1.985277709077087,3.194327750251866,3.622492023412996,54.0,False,False,False,0,1,2.0894902575941225,False,True,SARS2-RBD_ACE2_deltaKd_6M0J,14516,0.9943474963129588
1,0,35,3.0,0.001,5,13986,0.0012155012155012155,1.7358253994860091,0.752436953281617,1.2037472296633,10.0,0.30195277125757575,2.1271532680627296,-932.2804261920028,0.2851195703190313,0.3187859721961202,0.9229915893940382,1.9633445757739416,3.1001429697937346,3.622492023412996,26.0,False,False,False,0,0,1.0408607625238275,False,True,SARS2-RBD_ACE2_deltaKd_6M0J,14516,0.9676548386996005
1,1,35,3.0,0.005,26,13933,0.004162779013852006,1.6513757057627028,0.7849991279022325,1.2086529807002617,10.0,0.35802569602298656,2.1105926344913737,-853.558719706074,0.3401334857831827,0.3759179062627904,0.9286862975093628,1.9600784592763258,2.967650806396381,3.622492023412996,3.0,False,False,False,0,0,2.064143285474186,False,True,SARS2-RBD_ACE2_deltaKd_6M0J,14516,0.9715984188893545
1,2,35,3.0,0.02,109,13854,0.01804532986863,1.869893371594921,0.7460202152385038,1.246574538386298,10.0,0.33252338176476304,2.162204205399537,-955.0470370190378,0.3154156400828786,0.3496311234466475,0.8979187341227138,1.9414836630271606,3.13615099946563,3.622492023412996,37.5,False,False,False,0,0,1.037956849881328,False,True,SARS2-RBD_ACE2_deltaKd_6M0J,14516,1.002082375887688
2,0,35,4.0,0.001,7,13970,0.0008589835361488905,2.2393429674628957,0.761604950220177,1.2944902578648023,10.0,0.3549751361468304,2.2191747669671673,-1062.628658147827,0.3379807537914031,0.37196951850225773,0.8972998145015012,1.9912651067460516,3.1176560839025385,3.622492023412996,30.5,False,False,False,0,0,4.247767014544244,False,True,SARS2-RBD_ACE2_deltaKd_6M0J,14516,1.0406003277139333
2,1,35,4.0,0.005,29,13905,0.0029485796476087737,2.8818101273806973,0.7879449806178382,1.2469889327659012,10.0,0.3742177135419926,2.0558218721497035,-738.4672782987182,0.35558875339607,0.39284667368791526,0.9122311962788784,1.8753848457674076,3.0081871528777113,3.622492023412996,5.0,False,False,False,0,0,4.26762353061367,False,True,SARS2-RBD_ACE2_deltaKd_6M0J,14516,1.00241549459955
2,2,35,4.0,0.02,115,13823,0.012732402517543226,1.482923213780658,0.7243238578570528,1.2546459820857352,10.0,0.33562412832159977,2.3450987133638788,-1306.6358492966174,0.3196492685093572,0.3515989881338423,0.8437446498844592,1.9786644928517019,3.2631260886304703,3.622492023412996,71.0,False,False,False,0,1,2.0105295595471535,False,True,SARS2-RBD_ACE2_deltaKd_6M0J,14516,1.0085707576331118
3,0,35,6.0,0.001,8,13936,0.0007893226176808266,1.4275553222404407,0.7430102793521473,1.2423358794549528,10.0,0.27012905135239923,2.119080368703795,-909.7169614458107,0.25379530981887466,0.2864627928859238,0.9274081733670276,1.9652524539575138,3.1452967104959932,3.622492023412996,40.5,False,False,False,0,0,0.8546687951539784,False,True,SARS2-RBD_ACE2_deltaKd_6M0J,14516,0.9986750502270834
3,1,35,6.0,0.005,27,13903,0.0021578076674099115,1.4103091896638627,0.7481497564221467,1.2024448779403554,10.0,0.33244523202758264,2.1223117492157524,-884.1447695210227,0.315045630120742,0.3498448339344233,0.8833308063669125,1.874703348796723,3.097913321342661,3.622492023412996,25.0,False,False,False,0,0,1.523017648215441,False,True,SARS2-RBD_ACE2_deltaKd_6M0J,14516,0.9666079187854016
3,2,35,6.0,0.02,108,13829,0.01041290042663967,1.7191612440936268,0.7019484180749286,1.2726245045332933,10.0,0.2448427467432236,2.373691008749842,-1450.7076396851771,0.2305276456527502,0.259157847833697,0.8949259864193445,2.1242777674601814,3.449613402915098,3.622492023412996,96.5,False,False,False,0,0,1.3538396310803293,False,True,SARS2-RBD_ACE2_deltaKd_6M0J,14516,1.0230231308642552
0,0,36,2.0,0.001,6,13967,0.0010739600486861889,1.465937863784767,0.7031689440790241,1.2085412018792259,10.0,0.2729103520340419,2.3267908681259724,-1333.483849317563,0.25793881174706845,0.28788189232101535,0.8623218129455401,2.0064425197475155,3.308010916773847,3.622492023412996,82.5,False,False,False,0,0,1.4467193321990457,False,True,SARS2-RBD_ACE2_deltaKd_6M0J,14516,0.9715085633828378
0,1,36,2.0,0.005,30,13913,0.005606267519585999,1.699524589592989,0.7581016829223098,1.2925525998347167,10.0,0.3032749542879219,2.217038577579858,-1097.586314363325,0.28706048938642587,0.3194894191894179,0.911826405725452,2.0215543175493105,3.191396838303719,3.622492023412996,53.5,False,False,False,0,0,2.067110500719603,False,True,SARS2-RBD_ACE2_deltaKd_6M0J,14516,1.0390427048822015
0,2,36,2.0,0.02,78,13888,0.018721198156682026,1.2594166723917226,0.7424602973580933,1.2301342138818299,10.0,0.3192964712883521,2.278244124755092,-1194.92670888899,0.30321854781825475,0.33537439475844943,0.8817836097258991,2.0089183281633662,3.223684190507473,3.622492023412996,60.5,False,False,False,0,0,1.1014866609707463,False,True,SARS2-RBD_ACE2_deltaKd_6M0J,14516,0.9888665119882628
1,0,36,3.0,0.001,6,13918,0.0011495904583991954,2.243892458636808,0.7777337773595628,1.2400624024341216,10.0,0.28634649768665127,2.3014904011661055,-1279.0122705457616,0.2709523590285516,0.30174063634475096,0.9438514042255365,2.1722649469522217,3.312790909871549,3.622492023412996,83.0,False,False,False,0,0,1.4158732912402512,False,True,SARS2-RBD_ACE2_deltaKd_6M0J,14516,0.9968474729868889
1,1,36,3.0,0.005,25,13957,0.004227269470516586,1.491524639025857,0.729796427145103,1.2544669992006725,10.0,0.26396031006038134,2.3681584742720343,-1435.6870802894337,0.24935465988688477,0.2785659602338779,0.899716253095955,2.1306706692094686,3.4199299206101874,3.622492023412996,95.0,False,False,False,0,0,1.3274844212758377,False,True,SARS2-RBD_ACE2_deltaKd_6M0J,14516,1.0084268788764197
1,2,36,3.0,0.02,106,13942,0.017214173002438674,1.888556681142294,0.7312165760688538,1.2512353346791831,10.0,0.26633872128891717,2.3658516418092734,-1427.9413207562393,0.25167412416513735,0.281003318412697,0.9174556971424153,2.170564067371655,3.3920064613131737,3.622492023412996,92.5,False,False,False,0,0,2.0628108159885126,False,True,SARS2-RBD_ACE2_deltaKd_6M0J,14516,1.0058290446017377
2,0,36,4.0,0.001,5,13873,0.0002883298493476537,1.3727062361342321,0.7222964334481277,1.223273658436266,10.0,0.3283748925747125,2.437413474835449,-1526.2934796771951,0.3130177559705041,0.3437320291789209,0.8458702235536023,2.061735480851624,3.3660081296007993,3.622492023412996,91.0,False,False,False,0,0,1.9078889176042741,False,True,SARS2-RBD_ACE2_deltaKd_6M0J,14516,0.9833515255280874
2,1,36,4.0,0.005,29,13966,0.004081340398109695,1.8901409121138497,0.7634775324311265,1.2696645377253992,10.0,0.30392701607948697,2.2516953863712574,-1168.632642388824,0.2879664263244185,0.31988760583455544,0.9153440647601484,2.0610760075627397,3.265572692019253,3.622492023412996,72.0,False,False,False,0,0,1.1813082283374998,False,True,SARS2-RBD_ACE2_deltaKd_6M0J,14516,1.0206437059040414
2,2,36,4.0,0.02,122,13898,0.012663692617642826,1.4511312413892736,0.7990366135573334,1.2429299345929845,10.0,0.3197076213608473,2.1390193050644095,-913.0595168652217,0.30267234512862623,0.33674289759306836,0.9475585890078292,2.026846114567339,3.0929712684872848,3.622492023412996,21.5,False,False,False,0,0,1.1065731982582272,False,True,SARS2-RBD_ACE2_deltaKd_6M0J,14516,0.9991525926168852
3,0,36,6.0,0.001,3,13928,0.00014359563469270534,1.527845602147648,0.7809858466276985,1.2725960702596328,10.0,0.322802523146085,2.0036793352340805,-692.4097266890894,0.3044670065158882,0.34113803977628177,0.9499335769947059,1.9033622780692847,2.9879007298187745,3.622492023412996,4.0,False,False,False,0,0,0.9078883343528287,False,True,SARS2-RBD_ACE2_deltaKd_6M0J,14516,1.0230002734388635
3,1,36,6.0,0.005,19,13915,0.0010061085159899388,2.1650457583166762,0.7520693420434563,1.2260181887353867,10.0,0.33993538639728166,2.1750426827958327,-982.2159381158563,0.3228268687849988,0.35704390400956454,0.8880367243611853,1.931517779375776,3.1000785484901376,3.622492023412996,26.0,False,False,False,0,0,1.5217042301932646,False,True,SARS2-RBD_ACE2_deltaKd_6M0J,14516,0.9855577678009312
3,2,36,6.0,0.02,90,13949,0.009176285038354003,1.763806724827998,0.7517502226556749,1.2273943782422163,10.0,0.3468855709246988,2.1672119330141766,-961.7657064542436,0.32963881110377286,0.36413233074562473,0.8901811363483766,1.9292111812383215,3.1014519628380364,3.622492023412996,27.500000000000004,False,False,False,0,0,1.318576760366394,False,True,SARS2-RBD_ACE2_deltaKd_6M0J,14516,0.9866640436057144
0,0,37,2.0,0.001,3,13922,0.0005028013216491883,1.4772863414956645,0.7334029505250949,1.2254162766614594,10.0,0.3166053577586687,2.3102374355174855,-1261.3038026089635,0.3007829647381585,0.3324277507791789,0.8660498979623479,2.000780895298715,3.280219887309121,3.622492023412996,77.5,False,False,False,0,0,1.901173894118955,False,True,SARS2-RBD_ACE2_deltaKd_6M0J,14516,0.9850739094655144
0,1,37,2.0,0.005,30,13963,0.003938981594213278,1.1953517875327695,0.7720910271849504,1.2337030272446197,10.0,0.43432279325126416,2.189432199647655,-880.1473074111782,0.41609768186000046,0.45254790464252787,0.860356383342494,1.8836919688624576,2.990913579829029,3.622492023412996,4.0,False,False,False,0,0,1.0409581081373431,False,True,SARS2-RBD_ACE2_deltaKd_6M0J,14516,0.9917353696967747
0,2,37,2.0,0.02,115,13892,0.021595162683558884,1.3626296731895473,0.7101969120358912,1.2765249939114283,10.0,0.2799086617438617,2.276995062015932,-1221.155207110518,0.26448438828836657,0.2953329351993568,0.875204107929583,1.992835432011719,3.296822858157171,3.622492023412996,81.5,False,False,False,0,0,1.047306531295119,False,True,SARS2-RBD_ACE2_deltaKd_6M0J,14516,1.026158612572574
1,0,37,3.0,0.001,5,13996,0.0012860817376393256,2.314269002270187,0.7655676994919685,1.2052807940699197,10.0,0.37688343979112987,2.204377080995642,-1007.8363739946653,0.3595036108338783,0.39426326874838147,0.8817209127936931,1.9436453719969742,3.110240284283261,3.622492023412996,29.5,False,False,False,0,0,2.054851986032569,False,True,SARS2-RBD_ACE2_deltaKd_6M0J,14516,0.9688876232759256
1,1,37,3.0,0.005,22,14012,0.003711104767342278,2.0830426654258773,0.7464610042746078,1.254326630391265,10.0,0.28613990952746493,2.4172255827287916,-1543.2482179456347,0.271444016417937,0.3008358026369929,0.8890535712501257,2.1490430368421984,3.5447189003933923,3.622492023412996,99.0,False,False,False,0,0,4.235034626975669,False,False,SARS2-RBD_ACE2_deltaKd_6M0J,14516,1.0083140407703137
1,2,37,3.0,0.02,86,13948,0.01132778893031259,2.1274239323561215,0.7629237935695496,1.2707171381861997,10.0,0.3864337115885777,1.9972706006155463,-647.4348592115202,0.36703987123176995,0.40582755194538545,0.9078072787449781,1.8131367888621472,2.9062933070119334,3.622492023412996,0.5,False,False,False,0,0,0.8424960013982961,False,True,SARS2-RBD_ACE2_deltaKd_6M0J,14516,1.021489858571322
2,0,37,4.0,0.001,3,13979,0.0002861435009657343,4.146504988891048,0.7512936624769191,1.24208767747794,10.0,0.2593748100213374,2.2126111031055973,-1108.161596833961,0.24394704562854685,0.2748025744141279,0.934886420213998,2.0685400735081374,3.1771628177483904,3.622492023412996,49.5,False,False,False,0,0,4.24503220496338,False,True,SARS2-RBD_ACE2_deltaKd_6M0J,14516,0.9984755284021413
2,1,37,4.0,0.005,26,13953,0.0027234286533362,1.546841744917169,0.7355479829108843,1.2676576301136704,10.0,0.3210660773189743,2.3212574472219525,-1294.3511700369054,0.3052354163233552,0.3368967383145934,0.8850485152246537,2.0544254571179588,3.2401782899392257,3.622492023412996,62.5,False,False,False,0,0,1.3278649801294966,False,True,SARS2-RBD_ACE2_deltaKd_6M0J,14516,1.0190304154943468
2,2,37,4.0,0.02,116,13815,0.013825551936301122,1.4949172634028132,0.7359062696736663,1.2565099719362303,10.0,0.25201995133040905,2.327519578579862,-1344.7533837748779,0.23731679325709695,0.2667231094037212,0.9359607116677516,2.178466881188233,3.3775528701870003,3.622492023412996,92.0,False,False,False,0,0,1.2975210688737053,False,True,SARS2-RBD_ACE2_deltaKd_6M0J,14516,1.0100691609138595
3,0,37,6.0,0.001,5,13930,0.0003589375448671931,1.2470918233021608,0.7600523508601378,1.2139431341673828,10.0,0.2960928780535713,2.3101242918679485,-1284.0802980855588,0.2806071499766661,0.31157860613047655,0.9158158037627295,2.1156483351488515,3.2833295222780583,3.622492023412996,78.0,False,False,False,0,0,1.4250615373613116,False,True,SARS2-RBD_ACE2_deltaKd_6M0J,14516,0.9758510081986193
3,1,37,6.0,0.005,26,13909,0.0028039398950319935,1.6682120629805874,0.7434333898523008,1.2947292463611837,10.0,0.31561301194145985,2.2289920620099366,-1117.503250893853,0.2992538110293157,0.331972212853604,0.9000440901092411,2.0061911323124546,3.199476685790684,3.622492023412996,54.50000000000001,False,False,False,0,0,3.1015574516333135,False,True,SARS2-RBD_ACE2_deltaKd_6M0J,14516,1.040792443109274
3,2,37,6.0,0.02,121,13868,0.009229881742140178,1.4976717645813276,0.7366454763486604,1.2621778053091777,10.0,0.2984991327941868,2.181766637292822,-1029.8229097249714,0.2820691264706434,0.31492913911773013,0.9072620838950605,1.9794341459230043,3.1732314437055753,3.622492023412996,49.5,False,False,False,0,1,4.27900960435413,False,True,SARS2-RBD_ACE2_deltaKd_6M0J,14516,1.0146253553150792
0,0,38,2.0,0.001,10,13957,0.00243605359317905,1.5802645589347128,0.7585468973404617,1.2725111182869293,10.0,0.3815369158725825,2.1891491207105336,-966.8395992731312,0.36395682130893753,0.39911701043622744,0.874930307195128,1.9153529126792117,3.0691418948195692,3.622492023412996,16.5,False,False,False,0,0,1.0302969261485935,False,True,SARS2-RBD_ACE2_deltaKd_6M0J,14516,1.0229319831986718
0,1,38,2.0,0.005,34,13928,0.0043796668581275126,1.5137153002871486,0.7928765917362915,1.2708473730195569,10.0,0.35134589969458907,2.0825452309678165,-804.8721448941651,0.3333200957923933,0.36937170359678484,0.9358539472579633,1.9489581747444777,3.035952323868472,3.622492023412996,10.5,False,False,False,0,0,1.0058938919836145,False,True,SARS2-RBD_ACE2_deltaKd_6M0J,14516,1.0215945502902808
0,2,38,2.0,0.02,103,13971,0.02132989764512204,1.3203099041973467,0.7576450868682304,1.2560396906976385,10.0,0.36052787788921137,2.213809401414742,-1038.49686754711,0.3434333592630994,0.3776223965153233,0.8868008634499062,1.963208088688113,3.1206382268195747,3.622492023412996,30.5,False,False,False,0,0,1.0419782853523907,False,True,SARS2-RBD_ACE2_deltaKd_6M0J,14516,1.009691116499834
1,0,38,3.0,0.001,6,14006,0.000571183778380694,2.2255812832528052,0.7474597861063049,1.2421669234039463,10.0,0.33623019199546356,2.3427496076082686,-1329.6876990351811,0.32032031624763035,0.35214006774329676,0.8774874564423129,2.055733394261406,3.2420097064043967,3.622492023412996,63.5,False,False,False,0,0,2.053384863380825,False,True,SARS2-RBD_ACE2_deltaKd_6M0J,14516,0.9985392317294327
1,1,38,3.0,0.005,33,13877,0.004395762772933631,2.5287981979467715,0.7633429641191942,1.234972441455041,10.0,0.33630839792231954,2.101689158237944,-850.7460511480022,0.31863813843805017,0.3539786574065889,0.9194821032930539,1.932465567684833,3.060977845950634,3.622492023412996,15.0,False,False,False,0,0,1.2397703336492514,False,True,SARS2-RBD_ACE2_deltaKd_6M0J,14516,0.9927558121723696
1,2,38,3.0,0.02,96,13865,0.012549585286693112,1.9836401613581662,0.7508617320125405,1.2380813360409204,10.0,0.374447716259016,2.084352683958127,-794.8730963449707,0.3560266068315161,0.39286882568651593,0.9050490209824948,1.8864413559985387,2.9916442271649597,3.622492023412996,4.0,False,False,False,0,0,1.037133371673705,False,True,SARS2-RBD_ACE2_deltaKd_6M0J,14516,0.9952549555264729
2,0,38,4.0,0.001,3,13956,0.0,,0.7700711226119037,1.25048144408191,10.0,0.28108812282787465,2.2888281683272873,-1254.7451128283647,0.26574244422389515,0.29643380143185416,0.9337314575102065,2.137150861602654,3.327095934110298,3.622492023412996,86.5,False,False,False,0,1,2.086196420845264,False,True,SARS2-RBD_ACE2_deltaKd_6M0J,14516,1.0052230154734252
2,1,38,4.0,0.005,26,13905,0.0018698309960445882,2.0396533226576685,0.7625550815249199,1.2795953216750775,10.0,0.33305546733450164,2.233108043100084,-1094.1313650092852,0.31647185602106953,0.34963907864793375,0.8963200055751445,2.001579413641367,3.2230861920890495,3.622492023412996,60.0,False,False,False,0,0,1.1040953474333992,False,True,SARS2-RBD_ACE2_deltaKd_6M0J,14516,1.0286267532616453
2,2,38,4.0,0.02,126,13816,0.017081644470179503,1.9022024027629174,0.7631731288910776,1.2784521062568097,10.0,0.3281870865104519,2.2336034439960497,-1096.6561772419955,0.31162245557364,0.34475171744726385,0.9216471475314809,2.058594242875451,3.1265133755448726,3.622492023412996,33.0,False,False,False,0,1,4.29511473604394,False,True,SARS2-RBD_ACE2_deltaKd_6M0J,14516,1.0277077580574177
3,0,38,6.0,0.001,4,13937,0.00014350290593384516,1.3098183402044552,0.7854379917986364,1.2229085207277155,10.0,0.4057768534248926,2.1403075075294473,-841.3725350529203,0.38748440221781993,0.4240693046319653,0.8879372031554411,1.9004586621282904,2.962761137090277,3.622492023412996,2.5,False,False,False,0,0,1.0722660633321413,False,True,SARS2-RBD_ACE2_deltaKd_6M0J,14516,0.9830580027171818
3,1,38,6.0,0.005,22,13934,0.001578871824314626,1.7856764956894093,0.7654934928050259,1.1971837341365912,10.0,0.3541566141172028,2.2110218297104396,-1029.662757421247,0.33712828946650614,0.37118493876789943,0.8838851757448217,1.954289418529249,3.141050178863387,3.622492023412996,39.0,False,False,False,0,0,1.1549966862750811,False,True,SARS2-RBD_ACE2_deltaKd_6M0J,14516,0.9623786494393523
3,2,38,6.0,0.02,83,13849,0.008809300310491732,1.206672972085948,0.7401446387865914,1.2906097830603762,10.0,0.33115492560303206,2.1341556329000264,-916.2975973711509,0.31380758221685584,0.3485022689892083,0.8921103912834152,1.9039024167261471,3.0703192681156657,3.622492023412996,16.5,False,False,False,0,0,0.9176305426042355,False,True,SARS2-RBD_ACE2_deltaKd_6M0J,14516,1.037480935096926
0,0,39,2.0,0.001,4,13972,0.000572573718866304,1.947759915353796,0.7533503614248263,1.2164866937471188,10.0,0.3759046254097787,2.266664008783776,-1107.3162393723396,0.35895940359720435,0.39284984722235305,0.8567910120919904,1.9420573501583396,3.116121252916588,3.622492023412996,30.5,False,False,False,0,0,4.247158974605144,False,True,SARS2-RBD_ACE2_deltaKd_6M0J,14516,0.9778956963808223
0,1,39,2.0,0.005,23,13911,0.0038818201423334053,1.6073332939243907,0.7893238293272584,1.2726257455132435,10.0,0.3373442687534038,2.1023495907631755,-860.1134615465344,0.31967656694949564,0.35501197055731193,0.9453791762976801,1.9875175244054557,3.07258109948828,3.622492023412996,18.5,False,False,False,0,0,1.0808529356045014,False,True,SARS2-RBD_ACE2_deltaKd_6M0J,14516,1.0230241284493162
0,2,39,2.0,0.02,101,13900,0.01870503597122302,1.750502318616348,0.7988113663350802,1.3154624061093565,10.0,0.4096781653371184,2.2366903681598465,-998.2451941843101,0.3920475810648226,0.42730874960941423,0.9118270204305133,2.039474714024821,3.0747917753116134,3.622492023412996,18.5,False,False,False,0,0,1.5331015354490622,False,True,SARS2-RBD_ACE2_deltaKd_6M0J,14516,1.0574591833164044
1,0,39,3.0,0.001,5,13937,0.0005740116237353806,2.5513149114368217,0.7275154261742521,1.2526415324196165,10.0,0.310822954511451,2.1476156957052908,-964.3242515137244,0.2939761986418185,0.32766971038108345,0.8830754809562925,1.8965067633942323,3.120003399092828,3.622492023412996,30.5,False,False,False,0,0,1.1394766285681608,False,True,SARS2-RBD_ACE2_deltaKd_6M0J,14516,1.0069594430892004
1,1,39,3.0,0.005,21,13963,0.0025782424980305093,2.322902921890212,0.756032635944868,1.2568456966110106,10.0,0.3439737460689315,2.2562925520322747,-1138.650625596616,0.3273999541891742,0.36054753794868877,0.892708485828261,2.0142115077103147,3.1728148424408085,3.622492023412996,49.5,False,False,False,0,0,1.2307937881187128,False,True,SARS2-RBD_ACE2_deltaKd_6M0J,14516,1.0103390395046603
1,2,39,3.0,0.02,104,13948,0.01562948092916547,1.9220110526319618,0.7065486453512366,1.2256569104166737,10.0,0.28601323655418276,2.3813306140942383,-1453.6287978496111,0.2710846720449442,0.30094180106342133,0.8679009089789304,2.066759004551744,3.3570538671986485,3.622492023412996,91.0,False,False,False,0,0,1.3283409856428785,False,True,SARS2-RBD_ACE2_deltaKd_6M0J,14516,0.9852673474330956
2,0,39,4.0,0.001,4,13897,0.0007195797654169965,0.8443284945381068,0.7326114032980697,1.212963728770696,10.0,0.29762552024502287,2.2972876952805263,-1258.7304705865026,0.2820051483959133,0.31324589209413245,0.8839293792218231,2.0306400863832486,3.304088428321622,3.622492023412996,82.5,False,False,False,0,0,1.190081335913455,False,True,SARS2-RBD_ACE2_deltaKd_6M0J,14516,0.9750636947595531
2,1,39,4.0,0.005,28,13897,0.004821184428293876,1.8927211282375873,0.7727996364078553,1.2537738687493656,10.0,0.33254111307294976,1.955677238393162,-617.0087774502172,0.3134809213413595,0.35160130480454,0.9472991056892694,1.8526112989467025,2.9545444331540076,3.622492023412996,2.5,False,False,False,0,0,0.7914045425263475,False,True,SARS2-RBD_ACE2_deltaKd_6M0J,14516,1.0078696929336162
2,2,39,4.0,0.02,96,13980,0.013948497854077254,1.9258747223963653,0.7364196132965991,1.2300519128998486,10.0,0.3111066858393399,2.1618954548335094,-985.0719468628595,0.2943957183549462,0.32781765332373364,0.9019289161435659,1.9498760243936881,3.1144246260224615,3.622492023412996,29.5,False,False,False,0,0,1.3253004340305339,False,True,SARS2-RBD_ACE2_deltaKd_6M0J,14516,0.9888003527967969
3,0,39,6.0,0.001,7,13935,0.0003588087549336204,1.6886163572295192,0.7352046222123099,1.2553230118269105,10.0,0.3061263459281131,2.390342162368579,-1459.8658295837013,0.2909043057595954,0.3213483860966308,0.8727149681206603,2.0860873840289647,3.3697828354798,3.622492023412996,91.0,False,False,False,0,1,4.258435966500401,False,True,SARS2-RBD_ACE2_deltaKd_6M0J,14516,1.0091150007174137
3,1,39,6.0,0.005,24,13890,0.0016558675305975521,1.9642826486520222,0.7499991884663099,1.2121031699928102,10.0,0.36465100740927947,2.3310848448550305,-1245.2817017671987,0.3482145481591649,0.381087466659394,0.8565385829210324,1.9966641096808224,3.18067458521427,3.622492023412996,50.0,False,False,False,0,0,1.3150185786026003,False,True,SARS2-RBD_ACE2_deltaKd_6M0J,14516,0.9743719184090983
3,2,39,6.0,0.02,112,13822,0.013022717407032267,1.992483350386884,0.7413337718061732,1.2483171550644887,10.0,0.3217234395927482,2.2200241700043226,-1076.1196225064268,0.3051672288834589,0.3382796503020375,0.8993744538166207,1.9966330253573346,3.1342880765744354,3.622492023412996,36.5,False,False,False,0,1,4.293250267195997,False,True,SARS2-RBD_ACE2_deltaKd_6M0J,14516,1.0034832110622964
