DMS_id,scale,unit,n_Pa,frac_c_exact_zero,Q75,Q99,Q999,TR_used,TR,TR_N1_p95,TR_N1_p995,TR_N2c_mean,kurtosis,pi_hat,pi_lo95,pi_hi95,sigma1,sigma2,rho_hat,dBIC,Lambda,Lambda_N1_p995,tau,tau_absolute,grid_guard_pass,n_cliff,rate_obs,rate_N1_mean,rate_N2_mean,rate_N2_p95,rate_N2b_mean,T_N2,T_N2_lo95,T_N2_hi95,T_N2b,p_perm_N2,q_BH,n_consecutive_tau_passing,verdict_C2,failing_criterion,notes
5A12_VEGF_fitness_4ZFF,latent,sigma,22008,0.0,1.102436048156845,3.4220735596595078,4.407963470176042,TR1,3.9983847385484945,10.513658453821337,12.37240365566909,7.574715773848629,4.923857142153179,0.8266439355946136,0.7651056543373832,0.9406878206027971,0.17418451136140026,1.1459340252638868,6.578851450725652,-1714.1053911486815,1734.1037137538879,17209.77742109493,2.0,0.4052747873155856,True,1339,0.06084151217739004,0.18099577426390404,0.06204857324609234,0.06502181025081788,0.1512186477644493,0.9805465137141036,0.6957906372141931,1.355739715394022,0.40234133208334083,0.7512437810945274,1.0,0,REFUTED,refuted_by:C2.TR<N1_p95+C2.maxT<1.5&CIhi<2,BH family=PRIMARY+ARM(14)
5A12_VEGF_fitness_4ZFF,latent,sigma,22008,0.0,1.102436048156845,3.4220735596595078,4.407963470176042,TR1,3.9983847385484945,10.513658453821337,12.37240365566909,7.574715773848629,4.923857142153179,0.8266439355946136,0.7651056543373832,0.9406878206027971,0.17418451136140026,1.1459340252638868,6.578851450725652,-1714.1053911486815,1734.1037137538879,17209.77742109493,3.0,0.6079121809733784,True,387,0.0175845147219193,0.09978666848418756,0.021213876772082876,0.023221101417666302,0.09609460196292258,0.8289156626506025,0.43958446769505183,1.301138365204656,0.18299170153911623,1.0,1.0,0,REFUTED,refuted_by:C2.TR<N1_p95+C2.maxT<1.5&CIhi<2,BH family=PRIMARY+ARM(14)
5A12_VEGF_fitness_4ZFF,latent,sigma,22008,0.0,1.102436048156845,3.4220735596595078,4.407963470176042,TR1,3.9983847385484945,10.513658453821337,12.37240365566909,7.574715773848629,4.923857142153179,0.8266439355946136,0.7651056543373832,0.9406878206027971,0.17418451136140026,1.1459340252638868,6.578851450725652,-1714.1053911486815,1734.1037137538879,17209.77742109493,4.0,0.8105495746311712,True,79,0.0035896037804434753,0.05949086695747001,0.007066748455107234,0.008092511813885858,0.07531193202471828,0.5079569201093072,0.18665717198455734,1.0306372395067622,0.047663148241441,1.0,1.0,0,REFUTED,refuted_by:C2.TR<N1_p95+C2.maxT<1.5&CIhi<2,BH family=PRIMARY+ARM(14)
5A12_VEGF_fitness_4ZFF,latent,sigma,22008,0.0,1.102436048156845,3.4220735596595078,4.407963470176042,TR1,3.9983847385484945,10.513658453821337,12.37240365566909,7.574715773848629,4.923857142153179,0.8266439355946136,0.7651056543373832,0.9406878206027971,0.17418451136140026,1.1459340252638868,6.578851450725652,-1714.1053911486815,1734.1037137538879,17209.77742109493,5.0,1.013186968288964,True,3,0.00013631406761177754,0.03599259360232642,0.0021612595419847327,0.0027262813522355507,0.06503771355870593,0.0630715862503942,0.0,0.15391424676999269,0.00209592342893073,1.0,1.0,0,REFUTED,refuted_by:C2.TR<N1_p95+C2.maxT<1.5&CIhi<2,BH family=PRIMARY+ARM(14)
5A12_VEGF_fitness_4ZFF,latent,sigma,22008,0.0,1.102436048156845,3.4220735596595078,4.407963470176042,TR1,3.9983847385484945,10.513658453821337,12.37240365566909,7.574715773848629,4.923857142153179,0.8266439355946136,0.7651056543373832,0.9406878206027971,0.17418451136140026,1.1459340252638868,6.578851450725652,-1714.1053911486815,1734.1037137538879,17209.77742109493,6.0,1.2158243619467568,True,0,0.0,0.021857960741548527,0.0007869865503453289,0.0011359505634314794,0.05776444929116684,0.0,0.0,0.0,0.0,1.0,1.0,0,REFUTED,refuted_by:C2.TR<N1_p95+C2.maxT<1.5&CIhi<2,BH family=PRIMARY+ARM(14)
5A12_VEGF_fitness_4ZFF,latent,sigma,22008,0.0,1.102436048156845,3.4220735596595078,4.407963470176042,TR1,3.9983847385484945,10.513658453821337,12.37240365566909,7.574715773848629,4.923857142153179,0.8266439355946136,0.7651056543373832,0.9406878206027971,0.17418451136140026,1.1459340252638868,6.578851450725652,-1714.1053911486815,1734.1037137538879,17209.77742109493,8.0,1.6210991492623423,True,0,0.0,0.008913349691021446,0.00010677935296255904,0.0002271901126862959,0.04777285532533623,0.0,0.0,0.0,0.0,1.0,1.0,0,REFUTED,refuted_by:C2.TR<N1_p95+C2.maxT<1.5&CIhi<2,BH family=PRIMARY+ARM(14)
5A12_VEGF_fitness_4ZFF,latent,MAD,22008,0.0,1.3209341282377904,2.271563073490342,2.8608724121107314,TR1,2.1657949105511536,3.7596056125730857,3.851964048754016,3.602107805034789,2.5659237205998786,0.8910565055484724,0.8593784271791709,0.9647860610759865,0.1724583542477808,1.0866179610272062,6.300755714425987,-667.3504714895826,687.3487940947889,5681.801900455594,2.0,0.32478504911171885,True,637,0.028944020356234095,0.18222260087241005,0.03420051799345692,0.03876772082878953,0.18865094511086877,0.8463035665650306,0.5172269397700894,1.6747694231833625,0.15342632044182927,0.9651741293532339,0.9651741293532339,0,REFUTED,refuted_by:C2.TR<N1_p95+C2.maxT<1.5&CIhi<2,BH family=PRIMARY+ARM(14)
5A12_VEGF_fitness_4ZFF,latent,MAD,22008,0.0,1.3209341282377904,2.271563073490342,2.8608724121107314,TR1,2.1657949105511536,3.7596056125730857,3.851964048754016,3.602107805034789,2.5659237205998786,0.8910565055484724,0.8593784271791709,0.9647860610759865,0.1724583542477808,1.0866179610272062,6.300755714425987,-667.3504714895826,687.3487940947889,5681.801900455594,3.0,0.4871775736675783,True,12,0.0005452562704471102,0.06866503089785532,0.0016319065794256635,0.002090149036713922,0.06326267720828789,0.33412223305025757,0.0,1.3720521212270402,0.008618925004578806,1.0,1.0,0,REFUTED,refuted_by:C2.TR<N1_p95+C2.maxT<1.5&CIhi<2,BH family=PRIMARY+ARM(14)
5A12_VEGF_fitness_4ZFF,latent,MAD,22008,0.0,1.3209341282377904,2.271563073490342,2.8608724121107314,TR1,2.1657949105511536,3.7596056125730857,3.851964048754016,3.602107805034789,2.5659237205998786,0.8910565055484724,0.8593784271791709,0.9647860610759865,0.1724583542477808,1.0866179610272062,6.300755714425987,-667.3504714895826,687.3487940947889,5681.801900455594,4.0,0.6495700982234377,True,1,4.5438022537259176e-05,0.029490412577244638,6.384042166484915e-05,0.0001817520901490367,0.019927980734278445,0.7117437722419927,0.0,2.57458454710088,0.002280111725474548,0.7512437810945274,0.8090317642556448,0,REFUTED,refuted_by:C2.TR<N1_p95+C2.maxT<1.5&CIhi<2,BH family=PRIMARY+ARM(14)
5A12_VEGF_fitness_4ZFF,latent,MAD,22008,0.0,1.3209341282377904,2.271563073490342,2.8608724121107314,TR1,2.1657949105511536,3.7596056125730857,3.851964048754016,3.602107805034789,2.5659237205998786,0.8910565055484724,0.8593784271791709,0.9647860610759865,0.1724583542477808,1.0866179610272062,6.300755714425987,-667.3504714895826,687.3487940947889,5681.801900455594,5.0,0.8119626227792971,True,0,0.0,0.009833924027626319,0.0,0.0,0.007854416575790621,,,,0.0,1.0,1.0,0,REFUTED,refuted_by:C2.TR<N1_p95+C2.maxT<1.5&CIhi<2,BH family=PRIMARY+ARM(14)
5A12_VEGF_fitness_4ZFF,latent,MAD,22008,0.0,1.3209341282377904,2.271563073490342,2.8608724121107314,TR1,2.1657949105511536,3.7596056125730857,3.851964048754016,3.602107805034789,2.5659237205998786,0.8910565055484724,0.8593784271791709,0.9647860610759865,0.1724583542477808,1.0866179610272062,6.300755714425987,-667.3504714895826,687.3487940947889,5681.801900455594,6.0,0.9743551473351566,True,0,0.0,0.0004741457651762995,0.0,0.0,0.003197246455834242,,,,0.0,1.0,1.0,0,REFUTED,refuted_by:C2.TR<N1_p95+C2.maxT<1.5&CIhi<2,BH family=PRIMARY+ARM(14)
5A12_VEGF_fitness_4ZFF,latent,MAD,22008,0.0,1.3209341282377904,2.271563073490342,2.8608724121107314,TR1,2.1657949105511536,3.7596056125730857,3.851964048754016,3.602107805034789,2.5659237205998786,0.8910565055484724,0.8593784271791709,0.9647860610759865,0.1724583542477808,1.0866179610272062,6.300755714425987,-667.3504714895826,687.3487940947889,5681.801900455594,8.0,1.2991401964468754,True,0,0.0,4.543802253725918e-07,0.0,0.0,2.1810250817884406e-05,,,,0.0,1.0,1.0,0,REFUTED,refuted_by:C2.TR<N1_p95+C2.maxT<1.5&CIhi<2,BH family=PRIMARY+ARM(14)
5A12_VEGF_fitness_4ZFF,raw,sigma,22008,0.0,1.481129638720953,4.102540252519554,8.436851106945465,TR1,5.696227316220076,12.411849311292457,12.734016944919237,11.632814788413231,6.591081770519525,0.07079944367342345,0.03698612806477254,0.15319859741035646,1.2219618100560747,2.9706146878090123,2.4310208906387127,-1458.121851351505,1478.1201739567186,23933.355216027645,2.0,0.5370173218342167,True,3043,0.13826790258087968,0.24457947110141767,0.1382679025808797,0.13826790258087968,0.17896878407851688,0.9999999999999998,0.7523333131207536,1.4727440283971267,0.7725811140350544,1.0,1.0,0,REFUTED,,BH family=PRIMARY+ARM(14)
5A12_VEGF_fitness_4ZFF,raw,sigma,22008,0.0,1.481129638720953,4.102540252519554,8.436851106945465,TR1,5.696227316220076,12.411849311292457,12.734016944919237,11.632814788413231,6.591081770519525,0.07079944367342345,0.03698612806477254,0.15319859741035646,1.2219618100560747,2.9706146878090123,2.4310208906387127,-1458.121851351505,1478.1201739567186,23933.355216027645,3.0,0.805525982751325,True,818,0.03716830243547801,0.1727403671392221,0.037168302435478015,0.03716830243547801,0.11627567248273354,0.9999999999999998,0.706512621372611,1.6911840159358322,0.31965674024372853,1.0,1.0,0,REFUTED,,BH family=PRIMARY+ARM(14)
5A12_VEGF_fitness_4ZFF,raw,sigma,22008,0.0,1.481129638720953,4.102540252519554,8.436851106945465,TR1,5.696227316220076,12.411849311292457,12.734016944919237,11.632814788413231,6.591081770519525,0.07079944367342345,0.03698612806477254,0.15319859741035646,1.2219618100560747,2.9706146878090123,2.4310208906387127,-1458.121851351505,1478.1201739567186,23933.355216027645,4.0,1.0740346436684334,True,248,0.011268629589240277,0.13165371683024354,0.011268629589240273,0.011268629589240277,0.08088172482733551,1.0000000000000002,0.5979640890899247,1.9480127367694562,0.13932232050313337,1.0,1.0,0,REFUTED,,BH family=PRIMARY+ARM(14)
5A12_VEGF_fitness_4ZFF,raw,sigma,22008,0.0,1.481129638720953,4.102540252519554,8.436851106945465,TR1,5.696227316220076,12.411849311292457,12.734016944919237,11.632814788413231,6.591081770519525,0.07079944367342345,0.03698612806477254,0.15319859741035646,1.2219618100560747,2.9706146878090123,2.4310208906387127,-1458.121851351505,1478.1201739567186,23933.355216027645,5.0,1.3425433045855417,True,119,0.005407124681933842,0.10622410032715378,0.005407124681933841,0.005407124681933842,0.06398127953471465,1.0000000000000002,0.42640954627888505,2.2055052400166595,0.08451104324976919,1.0,1.0,0,REFUTED,,BH family=PRIMARY+ARM(14)
5A12_VEGF_fitness_4ZFF,raw,sigma,22008,0.0,1.481129638720953,4.102540252519554,8.436851106945465,TR1,5.696227316220076,12.411849311292457,12.734016944919237,11.632814788413231,6.591081770519525,0.07079944367342345,0.03698612806477254,0.15319859741035646,1.2219618100560747,2.9706146878090123,2.4310208906387127,-1458.121851351505,1478.1201739567186,23933.355216027645,6.0,1.61105196550265,True,66,0.0029989094874591058,0.0871967011995638,0.002998909487459106,0.0029989094874591058,0.052231461286804795,0.9999999999999999,0.33478334703206414,2.3994483949741903,0.05741576845786466,1.0,1.0,0,REFUTED,,BH family=PRIMARY+ARM(14)
5A12_VEGF_fitness_4ZFF,raw,sigma,22008,0.0,1.481129638720953,4.102540252519554,8.436851106945465,TR1,5.696227316220076,12.411849311292457,12.734016944919237,11.632814788413231,6.591081770519525,0.07079944367342345,0.03698612806477254,0.15319859741035646,1.2219618100560747,2.9706146878090123,2.4310208906387127,-1458.121851351505,1478.1201739567186,23933.355216027645,8.0,2.1480692873368668,True,25,0.0011359505634314794,0.04726258633224281,0.0011359505634314791,0.0011359505634314794,0.033182933478735,1.0000000000000002,0.2746179421336196,2.5117736705548293,0.03423297594106451,1.0,1.0,0,REFUTED,,BH family=PRIMARY+ARM(14)
5A12_VEGF_fitness_4ZFF,raw,MAD,22008,0.0,1.2699112770600305,3.8843499220813222,6.571326341278929,TR1,5.1746342126295595,6.617570325385861,6.76683347941905,6.2669737557638605,5.9441869419840225,0.3929034768829459,0.252711561859036,0.6040588771961273,0.7494942538917676,1.8138532800180334,2.4201029835779995,-2191.358922902946,2211.3572455081594,18150.466852106852,2.0,0.643357500594544,True,2372,0.10777898945837877,0.20337241003271536,0.10777898945837873,0.10777898945837877,0.16535373500545256,1.0000000000000004,0.7001435061300535,1.797231640081993,0.6518086177782725,1.0,1.0,0,REFUTED,,BH family=PRIMARY+ARM(14)
5A12_VEGF_fitness_4ZFF,raw,MAD,22008,0.0,1.2699112770600305,3.8843499220813222,6.571326341278929,TR1,5.1746342126295595,6.617570325385861,6.76683347941905,6.2669737557638605,5.9441869419840225,0.3929034768829459,0.252711561859036,0.6040588771961273,0.7494942538917676,1.8138532800180334,2.4201029835779995,-2191.358922902946,2211.3572455081594,18150.466852106852,3.0,0.965036250891816,True,763,0.03466921119592875,0.1538265630679753,0.03466921119592875,0.03466921119592875,0.11332220101781171,1.0,0.5328758210286557,2.2862229372464915,0.3059348555229661,1.0,1.0,0,REFUTED,,BH family=PRIMARY+ARM(14)
5A12_VEGF_fitness_4ZFF,raw,MAD,22008,0.0,1.2699112770600305,3.8843499220813222,6.571326341278929,TR1,5.1746342126295595,6.617570325385861,6.76683347941905,6.2669737557638605,5.9441869419840225,0.3929034768829459,0.252711561859036,0.6040588771961273,0.7494942538917676,1.8138532800180334,2.4201029835779995,-2191.358922902946,2211.3572455081594,18150.466852106852,4.0,1.286715001189088,True,186,0.008451472191930208,0.11800140857869866,0.008451472191930208,0.008451472191930208,0.0859680570701563,1.0,0.4458122365300325,2.3199443708472476,0.09830944748504879,1.0,1.0,0,REFUTED,,BH family=PRIMARY+ARM(14)
5A12_VEGF_fitness_4ZFF,raw,MAD,22008,0.0,1.2699112770600305,3.8843499220813222,6.571326341278929,TR1,5.1746342126295595,6.617570325385861,6.76683347941905,6.2669737557638605,5.9441869419840225,0.3929034768829459,0.252711561859036,0.6040588771961273,0.7494942538917676,1.8138532800180334,2.4201029835779995,-2191.358922902946,2211.3572455081594,18150.466852106852,5.0,1.60839375148636,True,77,0.003498727735368957,0.08963513267902581,0.0034987277353689555,0.003498727735368957,0.06707129225736096,1.0000000000000004,0.4217275190276026,2.490068330312365,0.052164310804448194,1.0,1.0,0,REFUTED,,BH family=PRIMARY+ARM(14)
5A12_VEGF_fitness_4ZFF,raw,MAD,22008,0.0,1.2699112770600305,3.8843499220813222,6.571326341278929,TR1,5.1746342126295595,6.617570325385861,6.76683347941905,6.2669737557638605,5.9441869419840225,0.3929034768829459,0.252711561859036,0.6040588771961273,0.7494942538917676,1.8138532800180334,2.4201029835779995,-2191.358922902946,2211.3572455081594,18150.466852106852,6.0,1.930072501783632,True,50,0.0022719011268629587,0.06879112141039621,0.0022719011268629583,0.0022719011268629587,0.052519538349691024,1.0000000000000002,0.34712630237271047,2.616360147135846,0.04325820824501449,1.0,1.0,0,REFUTED,,BH family=PRIMARY+ARM(14)
5A12_VEGF_fitness_4ZFF,raw,MAD,22008,0.0,1.2699112770600305,3.8843499220813222,6.571326341278929,TR1,5.1746342126295595,6.617570325385861,6.76683347941905,6.2669737557638605,5.9441869419840225,0.3929034768829459,0.252711561859036,0.6040588771961273,0.7494942538917676,1.8138532800180334,2.4201029835779995,-2191.358922902946,2211.3572455081594,18150.466852106852,8.0,2.573430002378176,True,9,0.0004089422028353326,0.02626953834969102,0.0004089422028353326,0.0004089422028353326,0.0336389040348964,1.0,0.09107386716325265,3.4222263223933624,0.012156823016918245,1.0,1.0,0,REFUTED,,BH family=PRIMARY+ARM(14)
CD19_FMC63_Fitness_7URV,latent,sigma,2883,0.0,1.9339919779935077,19.653060369024324,78.63778431724104,TR2,10.161914109599424,7.849896400961238,11.251755211881918,5.716577984433145,302.35049788063225,0.04995039365635574,0.03137323608287258,0.11882556064038782,1.6355661395223158,26.073304766463618,15.94145546084648,-5863.72029907246,5879.653472467737,7945.393982770001,2.0,2.78778700636023,True,685,0.23759972251127298,0.1913666319805758,0.28711585154353103,0.3045612209503989,0.19131980575789106,0.8275395497459997,0.7402345117533513,1.1153440115461037,1.2418982006073518,1.0,1.0,0,INCONCLUSIVE,support_failed:C2.1_TR>N1_p99.5+C2.2_tau_run_sigma+C2.2_tau_run_MAD,"STRUCTURALLY_UNIDENTIFIED (ORCHESTRATOR D3): 62.04%% oof-finite, resid_mad_oof/in 3.26x, sigma(phi) dyn range 2648x -- numbers reported, evidence value nil; BH family=PRIMARY+ARM(14)"
CD19_FMC63_Fitness_7URV,latent,sigma,2883,0.0,1.9339919779935077,19.653060369024324,78.63778431724104,TR2,10.161914109599424,7.849896400961238,11.251755211881918,5.716577984433145,302.35049788063225,0.04995039365635574,0.03137323608287258,0.11882556064038782,1.6355661395223158,26.073304766463618,15.94145546084648,-5863.72029907246,5879.653472467737,7945.393982770001,3.0,4.181680509540345,True,332,0.11515782171349288,0.0771037114117239,0.1555723204994797,0.16928546652792228,0.0769372181755116,0.7402205054457488,0.5625768176777999,1.2731354686373761,1.4967765204454264,1.0,1.0,0,INCONCLUSIVE,support_failed:C2.1_TR>N1_p99.5+C2.2_tau_run_sigma+C2.2_tau_run_MAD,"STRUCTURALLY_UNIDENTIFIED (ORCHESTRATOR D3): 62.04%% oof-finite, resid_mad_oof/in 3.26x, sigma(phi) dyn range 2648x -- numbers reported, evidence value nil; BH family=PRIMARY+ARM(14)"
CD19_FMC63_Fitness_7URV,latent,sigma,2883,0.0,1.9339919779935077,19.653060369024324,78.63778431724104,TR2,10.161914109599424,7.849896400961238,11.251755211881918,5.716577984433145,302.35049788063225,0.04995039365635574,0.03137323608287258,0.11882556064038782,1.6355661395223158,26.073304766463618,15.94145546084648,-5863.72029907246,5879.653472467737,7945.393982770001,4.0,5.57557401272046,True,195,0.06763787721123829,0.03658168574401665,0.0968453000346861,0.10683315990287895,0.036267776621574745,0.6984115613975393,0.49733916040041604,1.4871353999857249,1.8649579188982404,1.0,1.0,0,INCONCLUSIVE,support_failed:C2.1_TR>N1_p99.5+C2.2_tau_run_sigma+C2.2_tau_run_MAD,"STRUCTURALLY_UNIDENTIFIED (ORCHESTRATOR D3): 62.04%% oof-finite, resid_mad_oof/in 3.26x, sigma(phi) dyn range 2648x -- numbers reported, evidence value nil; BH family=PRIMARY+ARM(14)"
CD19_FMC63_Fitness_7URV,latent,sigma,2883,0.0,1.9339919779935077,19.653060369024324,78.63778431724104,TR2,10.161914109599424,7.849896400961238,11.251755211881918,5.716577984433145,302.35049788063225,0.04995039365635574,0.03137323608287258,0.11882556064038782,1.6355661395223158,26.073304766463618,15.94145546084648,-5863.72029907246,5879.653472467737,7945.393982770001,5.0,6.969467515900575,True,142,0.0492542490461325,0.022743669788414845,0.06684876864377384,0.07493929934096426,0.02225112729795352,0.7368011415228953,0.4885557410594366,1.7022670501429653,2.213561964146532,1.0,1.0,0,INCONCLUSIVE,support_failed:C2.1_TR>N1_p99.5+C2.2_tau_run_sigma+C2.2_tau_run_MAD,"STRUCTURALLY_UNIDENTIFIED (ORCHESTRATOR D3): 62.04%% oof-finite, resid_mad_oof/in 3.26x, sigma(phi) dyn range 2648x -- numbers reported, evidence value nil; BH family=PRIMARY+ARM(14)"
CD19_FMC63_Fitness_7URV,latent,sigma,2883,0.0,1.9339919779935077,19.653060369024324,78.63778431724104,TR2,10.161914109599424,7.849896400961238,11.251755211881918,5.716577984433145,302.35049788063225,0.04995039365635574,0.03137323608287258,0.11882556064038782,1.6355661395223158,26.073304766463618,15.94145546084648,-5863.72029907246,5879.653472467737,7945.393982770001,6.0,8.36336101908069,True,110,0.03815469996531391,0.01723031564342699,0.05065036420395422,0.05757891085674644,0.01674644467568505,0.7532956685499058,0.4413683247328492,1.9361337700307373,2.27837613918807,1.0,1.0,0,INCONCLUSIVE,support_failed:C2.1_TR>N1_p99.5+C2.2_tau_run_sigma+C2.2_tau_run_MAD,"STRUCTURALLY_UNIDENTIFIED (ORCHESTRATOR D3): 62.04%% oof-finite, resid_mad_oof/in 3.26x, sigma(phi) dyn range 2648x -- numbers reported, evidence value nil; BH family=PRIMARY+ARM(14)"
CD19_FMC63_Fitness_7URV,latent,sigma,2883,0.0,1.9339919779935077,19.653060369024324,78.63778431724104,TR2,10.161914109599424,7.849896400961238,11.251755211881918,5.716577984433145,302.35049788063225,0.04995039365635574,0.03137323608287258,0.11882556064038782,1.6355661395223158,26.073304766463618,15.94145546084648,-5863.72029907246,5879.653472467737,7945.393982770001,8.0,11.15114802544092,True,81,0.02809573361082206,0.012140131807145335,0.035228928199791884,0.03954214360041623,0.01178806798473812,0.7975188303057156,0.397676993663135,2.2091099381263413,2.383404443136678,1.0,1.0,0,INCONCLUSIVE,support_failed:C2.1_TR>N1_p99.5+C2.2_tau_run_sigma+C2.2_tau_run_MAD,"STRUCTURALLY_UNIDENTIFIED (ORCHESTRATOR D3): 62.04%% oof-finite, resid_mad_oof/in 3.26x, sigma(phi) dyn range 2648x -- numbers reported, evidence value nil; BH family=PRIMARY+ARM(14)"
CD19_FMC63_Fitness_7URV,latent,MAD,2883,0.0,1.2627793328316401,3.8631870810862563,5.349479131832074,TR2,3.0592732876166853,2.7873739933408936,2.880636284659641,3.2004909397062664,5.16440649443798,0.1445717965930394,0.08066894961833813,0.31252684105668715,0.986530815655988,2.008907724953865,2.036335503233169,-109.9091782397445,125.84235163502126,128.6435831337008,2.0,3.782694588574599,True,235,0.08151231356226153,0.07231876517516475,0.07547173083593478,0.08813735691987512,0.07342351716961498,1.0800376864213987,0.8047532803715279,2.067597650510659,1.1101662887377173,0.21393034825870647,0.2722749886928991,0,INCONCLUSIVE,support_failed:C2.1_TR>N1_p99.5+C2.2_tau_run_sigma+C2.2_tau_run_MAD,"STRUCTURALLY_UNIDENTIFIED (ORCHESTRATOR D3): 62.04%% oof-finite, resid_mad_oof/in 3.26x, sigma(phi) dyn range 2648x -- numbers reported, evidence value nil; BH family=PRIMARY+ARM(14)"
CD19_FMC63_Fitness_7URV,latent,MAD,2883,0.0,1.2627793328316401,3.8631870810862563,5.349479131832074,TR2,3.0592732876166853,2.7873739933408936,2.880636284659641,3.2004909397062664,5.16440649443798,0.1445717965930394,0.08066894961833813,0.31252684105668715,0.986530815655988,2.008907724953865,2.036335503233169,-109.9091782397445,125.84235163502126,128.6435831337008,3.0,5.674041882861898,True,67,0.023239680887963927,0.011925078043704476,0.01391605966007631,0.01944155393687131,0.012443635102323967,1.6699900299102692,0.9789024226072511,4.317171462942097,1.8675958188153312,0.014925373134328358,0.03482587064676617,0,INCONCLUSIVE,support_failed:C2.1_TR>N1_p99.5+C2.2_tau_run_sigma+C2.2_tau_run_MAD,"STRUCTURALLY_UNIDENTIFIED (ORCHESTRATOR D3): 62.04%% oof-finite, resid_mad_oof/in 3.26x, sigma(phi) dyn range 2648x -- numbers reported, evidence value nil; BH family=PRIMARY+ARM(14)"
CD19_FMC63_Fitness_7URV,latent,MAD,2883,0.0,1.2627793328316401,3.8631870810862563,5.349479131832074,TR2,3.0592732876166853,2.7873739933408936,2.880636284659641,3.2004909397062664,5.16440649443798,0.1445717965930394,0.08066894961833813,0.31252684105668715,0.986530815655988,2.008907724953865,2.036335503233169,-109.9091782397445,125.84235163502126,128.6435831337008,4.0,7.565389177149198,True,23,0.007977800901838363,0.0017030870620881027,0.0038067984738120015,0.00693721817551162,0.0017516475893166838,2.0956719817767655,0.9423627290133301,6.879428885889348,4.554455445544555,0.029850746268656716,0.05970149253731343,0,INCONCLUSIVE,support_failed:C2.1_TR>N1_p99.5+C2.2_tau_run_sigma+C2.2_tau_run_MAD,"STRUCTURALLY_UNIDENTIFIED (ORCHESTRATOR D3): 62.04%% oof-finite, resid_mad_oof/in 3.26x, sigma(phi) dyn range 2648x -- numbers reported, evidence value nil; BH family=PRIMARY+ARM(14)"
CD19_FMC63_Fitness_7URV,latent,MAD,2883,0.0,1.2627793328316401,3.8631870810862563,5.349479131832074,TR2,3.0592732876166853,2.7873739933408936,2.880636284659641,3.2004909397062664,5.16440649443798,0.1445717965930394,0.08066894961833813,0.31252684105668715,0.986530815655988,2.008907724953865,2.036335503233169,-109.9091782397445,125.84235163502126,128.6435831337008,5.0,9.456736471436498,True,6,0.002081165452653486,0.0003191120360735345,0.0012261533125216787,0.003139091224419002,0.00028442594519597643,1.6973125884016977,0.35012317288222367,6.402825775897882,7.317073170731708,0.20398009950248755,0.3173023770038695,0,INCONCLUSIVE,support_failed:C2.1_TR>N1_p99.5+C2.2_tau_run_sigma+C2.2_tau_run_MAD,"STRUCTURALLY_UNIDENTIFIED (ORCHESTRATOR D3): 62.04%% oof-finite, resid_mad_oof/in 3.26x, sigma(phi) dyn range 2648x -- numbers reported, evidence value nil; BH family=PRIMARY+ARM(14)"
CD19_FMC63_Fitness_7URV,latent,MAD,2883,0.0,1.2627793328316401,3.8631870810862563,5.349479131832074,TR2,3.0592732876166853,2.7873739933408936,2.880636284659641,3.2004909397062664,5.16440649443798,0.1445717965930394,0.08066894961833813,0.31252684105668715,0.986530815655988,2.008907724953865,2.036335503233169,-109.9091782397445,125.84235163502126,128.6435831337008,6.0,11.348083765723796,True,0,0.0,8.151231356226153e-05,0.0002497398543184183,0.001040582726326743,8.498092265001734e-05,0.0,0.0,0.0,0.0,1.0,1.0,0,INCONCLUSIVE,support_failed:C2.1_TR>N1_p99.5+C2.2_tau_run_sigma+C2.2_tau_run_MAD,"STRUCTURALLY_UNIDENTIFIED (ORCHESTRATOR D3): 62.04%% oof-finite, resid_mad_oof/in 3.26x, sigma(phi) dyn range 2648x -- numbers reported, evidence value nil; BH family=PRIMARY+ARM(14)"
CD19_FMC63_Fitness_7URV,latent,MAD,2883,0.0,1.2627793328316401,3.8631870810862563,5.349479131832074,TR2,3.0592732876166853,2.7873739933408936,2.880636284659641,3.2004909397062664,5.16440649443798,0.1445717965930394,0.08066894961833813,0.31252684105668715,0.986530815655988,2.008907724953865,2.036335503233169,-109.9091782397445,125.84235163502126,128.6435831337008,8.0,15.130778354298396,True,0,0.0,1.040582726326743e-05,3.4686090877558098e-06,0.0,1.2140131807145335e-05,0.0,0.0,0.0,0.0,1.0,1.0,0,INCONCLUSIVE,support_failed:C2.1_TR>N1_p99.5+C2.2_tau_run_sigma+C2.2_tau_run_MAD,"STRUCTURALLY_UNIDENTIFIED (ORCHESTRATOR D3): 62.04%% oof-finite, resid_mad_oof/in 3.26x, sigma(phi) dyn range 2648x -- numbers reported, evidence value nil; BH family=PRIMARY+ARM(14)"
CD19_FMC63_Fitness_7URV,raw,sigma,2883,0.0,1.7819511056201216,18331359617544.316,270630742131439.72,TR2,10287240519523.107,20416282010809.086,30208829461710.223,12986919652182.4,1413.2442361038543,0.015608760395709801,0.005658678282953043,0.053656672438525975,522132973.71031666,417923616681669.5,800416.0582157309,-67518.54818677813,67534.4813601734,66802.51233187289,2.0,3.976819439723795,True,591,0.20499479708636836,0.20295872355185574,0.20499479708636836,0.20499479708636836,0.2048890045091918,1.0,0.797016820057484,1.7398615313445522,1.0005163409204412,1.0,1.0,0,REFUTED,,"STRUCTURALLY_UNIDENTIFIED (ORCHESTRATOR D3): 62.04%% oof-finite, resid_mad_oof/in 3.26x, sigma(phi) dyn range 2648x -- numbers reported, evidence value nil; BH family=PRIMARY+ARM(14)"
CD19_FMC63_Fitness_7URV,raw,sigma,2883,0.0,1.7819511056201216,18331359617544.316,270630742131439.72,TR2,10287240519523.107,20416282010809.086,30208829461710.223,12986919652182.4,1413.2442361038543,0.015608760395709801,0.005658678282953043,0.053656672438525975,522132973.71031666,417923616681669.5,800416.0582157309,-67518.54818677813,67534.4813601734,66802.51233187289,3.0,5.965229159585693,True,280,0.09712105445716268,0.09255463059313214,0.09712105445716268,0.09712105445716268,0.09427679500520292,1.0,0.6435120664373938,2.3592501998001993,1.030169242089772,1.0,1.0,0,REFUTED,,"STRUCTURALLY_UNIDENTIFIED (ORCHESTRATOR D3): 62.04%% oof-finite, resid_mad_oof/in 3.26x, sigma(phi) dyn range 2648x -- numbers reported, evidence value nil; BH family=PRIMARY+ARM(14)"
CD19_FMC63_Fitness_7URV,raw,sigma,2883,0.0,1.7819511056201216,18331359617544.316,270630742131439.72,TR2,10287240519523.107,20416282010809.086,30208829461710.223,12986919652182.4,1413.2442361038543,0.015608760395709801,0.005658678282953043,0.053656672438525975,522132973.71031666,417923616681669.5,800416.0582157309,-67518.54818677813,67534.4813601734,66802.51233187289,4.0,7.95363887944759,True,158,0.054804023586541795,0.05032084634061741,0.0548040235865418,0.054804023586541795,0.05134755463059314,0.9999999999999999,0.5155811314778417,2.953604715019097,1.067315161954943,1.0,1.0,0,REFUTED,,"STRUCTURALLY_UNIDENTIFIED (ORCHESTRATOR D3): 62.04%% oof-finite, resid_mad_oof/in 3.26x, sigma(phi) dyn range 2648x -- numbers reported, evidence value nil; BH family=PRIMARY+ARM(14)"
CD19_FMC63_Fitness_7URV,raw,sigma,2883,0.0,1.7819511056201216,18331359617544.316,270630742131439.72,TR2,10287240519523.107,20416282010809.086,30208829461710.223,12986919652182.4,1413.2442361038543,0.015608760395709801,0.005658678282953043,0.053656672438525975,522132973.71031666,417923616681669.5,800416.0582157309,-67518.54818677813,67534.4813601734,66802.51233187289,5.0,9.942048599309487,True,122,0.04231703087062088,0.03627297953520638,0.04231703087062088,0.04231703087062088,0.03685050294831773,1.0,0.49108948148679166,3.1359654400196644,1.1483433734939756,1.0,1.0,0,REFUTED,,"STRUCTURALLY_UNIDENTIFIED (ORCHESTRATOR D3): 62.04%% oof-finite, resid_mad_oof/in 3.26x, sigma(phi) dyn range 2648x -- numbers reported, evidence value nil; BH family=PRIMARY+ARM(14)"
CD19_FMC63_Fitness_7URV,raw,sigma,2883,0.0,1.7819511056201216,18331359617544.316,270630742131439.72,TR2,10287240519523.107,20416282010809.086,30208829461710.223,12986919652182.4,1413.2442361038543,0.015608760395709801,0.005658678282953043,0.053656672438525975,522132973.71031666,417923616681669.5,800416.0582157309,-67518.54818677813,67534.4813601734,66802.51233187289,6.0,11.930458319171386,True,99,0.03433922996878252,0.03202393340270551,0.03433922996878252,0.03433922996878252,0.03216788067984738,1.0,0.460731703129627,3.2107989889930266,1.0675005391416863,1.0,1.0,0,REFUTED,,"STRUCTURALLY_UNIDENTIFIED (ORCHESTRATOR D3): 62.04%% oof-finite, resid_mad_oof/in 3.26x, sigma(phi) dyn range 2648x -- numbers reported, evidence value nil; BH family=PRIMARY+ARM(14)"
CD19_FMC63_Fitness_7URV,raw,sigma,2883,0.0,1.7819511056201216,18331359617544.316,270630742131439.72,TR2,10287240519523.107,20416282010809.086,30208829461710.223,12986919652182.4,1413.2442361038543,0.015608760395709801,0.005658678282953043,0.053656672438525975,522132973.71031666,417923616681669.5,800416.0582157309,-67518.54818677813,67534.4813601734,66802.51233187289,8.0,15.90727775889518,True,81,0.02809573361082206,0.029448491155046826,0.028095733610822068,0.02809573361082206,0.029582032604925427,0.9999999999999998,0.41456932869169605,3.2763992991202806,0.9497566981298,1.0,1.0,0,REFUTED,,"STRUCTURALLY_UNIDENTIFIED (ORCHESTRATOR D3): 62.04%% oof-finite, resid_mad_oof/in 3.26x, sigma(phi) dyn range 2648x -- numbers reported, evidence value nil; BH family=PRIMARY+ARM(14)"
CD19_FMC63_Fitness_7URV,raw,MAD,2883,0.0,1.3646059330972138,4.400753792043028,7.010064460517863,TR2,3.2249264680058527,3.024268730867274,3.1242089933422315,3.4250043052236934,7.227836668513663,0.13437975911070016,0.06919721262090717,0.3685397470813048,1.0754142942752132,2.5759419808802666,2.3953019730097136,-245.40721345467136,261.3403868499481,257.59260562573945,2.0,4.948050058368762,True,325,0.11272979535206382,0.087457509538675,0.11272979535206382,0.11272979535206382,0.08838709677419355,1.0,0.7526925632826894,1.8607071528331407,1.275410093399262,1.0,1.0,0,REFUTED,,"STRUCTURALLY_UNIDENTIFIED (ORCHESTRATOR D3): 62.04%% oof-finite, resid_mad_oof/in 3.26x, sigma(phi) dyn range 2648x -- numbers reported, evidence value nil; BH family=PRIMARY+ARM(14)"
CD19_FMC63_Fitness_7URV,raw,MAD,2883,0.0,1.3646059330972138,4.400753792043028,7.010064460517863,TR2,3.2249264680058527,3.024268730867274,3.1242089933422315,3.4250043052236934,7.227836668513663,0.13437975911070016,0.06919721262090717,0.3685397470813048,1.0754142942752132,2.5759419808802666,2.3953019730097136,-245.40721345467136,261.3403868499481,257.59260562573945,3.0,7.422075087553143,True,111,0.03850156087408949,0.02022199098161637,0.03850156087408949,0.03850156087408949,0.02064169268123482,1.0,0.5605055244684334,2.695737039889153,1.8652327339942871,1.0,1.0,0,REFUTED,,"STRUCTURALLY_UNIDENTIFIED (ORCHESTRATOR D3): 62.04%% oof-finite, resid_mad_oof/in 3.26x, sigma(phi) dyn range 2648x -- numbers reported, evidence value nil; BH family=PRIMARY+ARM(14)"
CD19_FMC63_Fitness_7URV,raw,MAD,2883,0.0,1.3646059330972138,4.400753792043028,7.010064460517863,TR2,3.2249264680058527,3.024268730867274,3.1242089933422315,3.4250043052236934,7.227836668513663,0.13437975911070016,0.06919721262090717,0.3685397470813048,1.0754142942752132,2.5759419808802666,2.3953019730097136,-245.40721345467136,261.3403868499481,257.59260562573945,4.0,9.896100116737523,True,44,0.015261879986125564,0.0029327089836975375,0.015261879986125569,0.015261879986125564,0.003140825528962886,0.9999999999999997,0.5131653246775493,3.050559177018262,4.8591938155715075,1.0,1.0,0,REFUTED,,"STRUCTURALLY_UNIDENTIFIED (ORCHESTRATOR D3): 62.04%% oof-finite, resid_mad_oof/in 3.26x, sigma(phi) dyn range 2648x -- numbers reported, evidence value nil; BH family=PRIMARY+ARM(14)"
CD19_FMC63_Fitness_7URV,raw,MAD,2883,0.0,1.3646059330972138,4.400753792043028,7.010064460517863,TR2,3.2249264680058527,3.024268730867274,3.1242089933422315,3.4250043052236934,7.227836668513663,0.13437975911070016,0.06919721262090717,0.3685397470813048,1.0754142942752132,2.5759419808802666,2.3953019730097136,-245.40721345467136,261.3403868499481,257.59260562573945,5.0,12.370125145921904,True,25,0.008671522719389525,0.0005445716267776621,0.008671522719389521,0.008671522719389525,0.0005393687131460284,1.0000000000000004,0.39835706757786077,3.5159878514243172,16.077170418006432,1.0,1.0,0,REFUTED,,"STRUCTURALLY_UNIDENTIFIED (ORCHESTRATOR D3): 62.04%% oof-finite, resid_mad_oof/in 3.26x, sigma(phi) dyn range 2648x -- numbers reported, evidence value nil; BH family=PRIMARY+ARM(14)"
CD19_FMC63_Fitness_7URV,raw,MAD,2883,0.0,1.3646059330972138,4.400753792043028,7.010064460517863,TR2,3.2249264680058527,3.024268730867274,3.1242089933422315,3.4250043052236934,7.227836668513663,0.13437975911070016,0.06919721262090717,0.3685397470813048,1.0754142942752132,2.5759419808802666,2.3953019730097136,-245.40721345467136,261.3403868499481,257.59260562573945,6.0,14.844150175106286,True,8,0.002774887270204648,0.0001439472771418661,0.002774887270204648,0.002774887270204648,0.00012140131807145336,1.0,0.15399062801271868,3.7548110039165197,22.857142857142854,1.0,1.0,0,REFUTED,,"STRUCTURALLY_UNIDENTIFIED (ORCHESTRATOR D3): 62.04%% oof-finite, resid_mad_oof/in 3.26x, sigma(phi) dyn range 2648x -- numbers reported, evidence value nil; BH family=PRIMARY+ARM(14)"
CD19_FMC63_Fitness_7URV,raw,MAD,2883,0.0,1.3646059330972138,4.400753792043028,7.010064460517863,TR2,3.2249264680058527,3.024268730867274,3.1242089933422315,3.4250043052236934,7.227836668513663,0.13437975911070016,0.06919721262090717,0.3685397470813048,1.0754142942752132,2.5759419808802666,2.3953019730097136,-245.40721345467136,261.3403868499481,257.59260562573945,8.0,19.792200233475047,True,1,0.000346860908775581,1.2140131807145335e-05,0.000346860908775581,0.000346860908775581,2.081165452653486e-05,1.0,0.0,4.990983818030813,16.666666666666664,1.0,1.0,0,REFUTED,,"STRUCTURALLY_UNIDENTIFIED (ORCHESTRATOR D3): 62.04%% oof-finite, resid_mad_oof/in 3.26x, sigma(phi) dyn range 2648x -- numbers reported, evidence value nil; BH family=PRIMARY+ARM(14)"
CR6261_FluAH1_logKd_3GBN,latent,sigma,8339,0.0,0.8111890565240539,2.6239782591656833,4.009157350848076,TR2,3.2347308411795312,2.9948924101358467,3.2504791545453697,2.7224369087495712,5.779670030571232,0.5701373108792119,0.40420780151085806,0.7475360613498194,0.28361798614027156,1.062705329169352,3.7469602814391325,-1430.2897879120064,1448.3471850801798,744.5034510853475,2.0,0.4798697104619751,True,263,0.03153855378342727,0.07829700883685323,0.06956049886077467,0.07339609065835231,0.06105297902829335,0.4533974640773017,0.22095967036176403,0.7526876291520314,0.5165768204170935,1.0,1.0,0,INCONCLUSIVE,support_failed:C2.1_TR>N1_p99.5+C2.3_mixture,BH family=PRIMARY+ARM(14)
CR6261_FluAH1_logKd_3GBN,latent,sigma,8339,0.0,0.8111890565240539,2.6239782591656833,4.009157350848076,TR2,3.2347308411795312,2.9948924101358467,3.2504791545453697,2.7224369087495712,5.779670030571232,0.5701373108792119,0.40420780151085806,0.7475360613498194,0.28361798614027156,1.062705329169352,3.7469602814391325,-1430.2897879120064,1448.3471850801798,744.5034510853475,3.0,0.7198045656929626,True,50,0.00599592277251469,0.017247788832271623,0.012190910181076868,0.014150377743134669,0.013569808621866604,0.4918355301987016,0.21601699328662355,0.8097605917862141,0.4418575780687699,1.0,1.0,0,INCONCLUSIVE,support_failed:C2.1_TR>N1_p99.5+C2.3_mixture,BH family=PRIMARY+ARM(14)
CR6261_FluAH1_logKd_3GBN,latent,sigma,8339,0.0,0.8111890565240539,2.6239782591656833,4.009157350848076,TR2,3.2347308411795312,2.9948924101358467,3.2504791545453697,2.7224369087495712,5.779670030571232,0.5701373108792119,0.40420780151085806,0.7475360613498194,0.28361798614027156,1.062705329169352,3.7469602814391325,-1430.2897879120064,1448.3471850801798,744.5034510853475,4.0,0.9597394209239501,True,10,0.001199184554502938,0.004276252226826721,0.0018071711236359279,0.0026382060199064638,0.003853988586690895,0.6635700066357,0.19456797597660494,1.1965882325912274,0.3111541530361873,0.9154228855721394,1.0,0,INCONCLUSIVE,support_failed:C2.1_TR>N1_p99.5+C2.3_mixture,BH family=PRIMARY+ARM(14)
CR6261_FluAH1_logKd_3GBN,latent,sigma,8339,0.0,0.8111890565240539,2.6239782591656833,4.009157350848076,TR2,3.2347308411795312,2.9948924101358467,3.2504791545453697,2.7224369087495712,5.779670030571232,0.5701373108792119,0.40420780151085806,0.7475360613498194,0.28361798614027156,1.062705329169352,3.7469602814391325,-1430.2897879120064,1448.3471850801798,744.5034510853475,5.0,1.1996742761549377,True,0,0.0,0.0011793780460698595,0.00019186952872047008,0.0004796738218011752,0.0012547399925095526,0.0,0.0,0.0,0.0,1.0,1.0,0,INCONCLUSIVE,support_failed:C2.1_TR>N1_p99.5+C2.3_mixture,BH family=PRIMARY+ARM(14)
CR6261_FluAH1_logKd_3GBN,latent,sigma,8339,0.0,0.8111890565240539,2.6239782591656833,4.009157350848076,TR2,3.2347308411795312,2.9948924101358467,3.2504791545453697,2.7224369087495712,5.779670030571232,0.5701373108792119,0.40420780151085806,0.7475360613498194,0.28361798614027156,1.062705329169352,3.7469602814391325,-1430.2897879120064,1448.3471850801798,744.5034510853475,6.0,1.4396091313859252,True,0,0.0,0.0003434623686158085,1.0193068713274974e-05,0.0001199184554502938,0.00042544859668452084,0.0,0.0,0.0,0.0,1.0,1.0,0,INCONCLUSIVE,support_failed:C2.1_TR>N1_p99.5+C2.3_mixture,BH family=PRIMARY+ARM(14)
CR6261_FluAH1_logKd_3GBN,latent,sigma,8339,0.0,0.8111890565240539,2.6239782591656833,4.009157350848076,TR2,3.2347308411795312,2.9948924101358467,3.2504791545453697,2.7224369087495712,5.779670030571232,0.5701373108792119,0.40420780151085806,0.7475360613498194,0.28361798614027156,1.062705329169352,3.7469602814391325,-1430.2897879120064,1448.3471850801798,744.5034510853475,8.0,1.9194788418479003,True,0,0.0,3.64355211229555e-05,0.0,0.0,5.709303443047555e-05,,,,0.0,1.0,1.0,0,INCONCLUSIVE,support_failed:C2.1_TR>N1_p99.5+C2.3_mixture,BH family=PRIMARY+ARM(14)
CR6261_FluAH1_logKd_3GBN,latent,MAD,8339,0.0,1.492353756598547,4.277230299646639,6.8723100530875145,TR2,2.866096782170156,2.6908818979886973,2.7585244452871063,2.53482217380827,5.076211284157714,0.6104508573962188,0.4516236693231803,0.7867684056093157,0.4815477548811901,1.8319379249595087,3.8042705139628232,-1234.6756606285926,1252.733057796766,364.53658686472926,2.0,0.266013367771699,True,1350,0.16188991485789664,0.07588191540826228,0.06126573929727785,0.06752608226406044,0.08056152373165106,2.6424216326250995,1.5488620832419935,4.017154648836745,2.0095190279313604,0.004975124378109453,0.011608623548922057,3,INCONCLUSIVE,support_failed:C2.1_TR>N1_p99.5+C2.3_mixture,BH family=PRIMARY+ARM(14)
CR6261_FluAH1_logKd_3GBN,latent,MAD,8339,0.0,1.492353756598547,4.277230299646639,6.8723100530875145,TR2,2.866096782170156,2.6908818979886973,2.7585244452871063,2.53482217380827,5.076211284157714,0.6104508573962188,0.4516236693231803,0.7867684056093157,0.4815477548811901,1.8319379249595087,3.8042705139628232,-1234.6756606285926,1252.733057796766,364.53658686472926,3.0,0.3990200516575485,True,527,0.06319702602230483,0.011656754442386645,0.006539752967981772,0.008154454970619979,0.013617168084751727,9.663518841111213,4.570041814097688,16.08216384346088,4.640981563051409,0.004975124378109453,0.013930348258706468,3,INCONCLUSIVE,support_failed:C2.1_TR>N1_p99.5+C2.3_mixture,BH family=PRIMARY+ARM(14)
CR6261_FluAH1_logKd_3GBN,latent,MAD,8339,0.0,1.492353756598547,4.277230299646639,6.8723100530875145,TR2,2.866096782170156,2.6908818979886973,2.7585244452871063,2.53482217380827,5.076211284157714,0.6104508573962188,0.4516236693231803,0.7867684056093157,0.4815477548811901,1.8319379249595087,3.8042705139628232,-1234.6756606285926,1252.733057796766,364.53658686472926,4.0,0.532026735543398,True,124,0.01486988847583643,0.0012040041764260808,0.0006403645521045689,0.001085262021825157,0.0015580780336309295,23.220973782771534,10.679073039403056,39.27584091143337,9.543737961046656,0.004975124378109453,0.017412935323383085,3,INCONCLUSIVE,support_failed:C2.1_TR>N1_p99.5+C2.3_mixture,BH family=PRIMARY+ARM(14)
CR6261_FluAH1_logKd_3GBN,latent,MAD,8339,0.0,1.492353756598547,4.277230299646639,6.8723100530875145,TR2,2.866096782170156,2.6908818979886973,2.7585244452871063,2.53482217380827,5.076211284157714,0.6104508573962188,0.4516236693231803,0.7867684056093157,0.4815477548811901,1.8319379249595087,3.8042705139628232,-1234.6756606285926,1252.733057796766,364.53658686472926,5.0,0.6650334194292474,True,34,0.004077227485309989,8.956985849852224e-05,5.396330495263221e-06,0.0,0.00014238983313005017,755.5555555555555,298.2637179249414,1330.0801096588502,28.634259874341584,0.004975124378109453,0.017412935323383085,3,INCONCLUSIVE,support_failed:C2.1_TR>N1_p99.5+C2.3_mixture,BH family=PRIMARY+ARM(14)
CR6261_FluAH1_logKd_3GBN,latent,MAD,8339,0.0,1.492353756598547,4.277230299646639,6.8723100530875145,TR2,2.866096782170156,2.6908818979886973,2.7585244452871063,2.53482217380827,5.076211284157714,0.6104508573962188,0.4516236693231803,0.7867684056093157,0.4815477548811901,1.8319379249595087,3.8042705139628232,-1234.6756606285926,1252.733057796766,364.53658686472926,6.0,0.798040103315097,True,16,0.0019186952872047008,3.7112718581291494e-06,0.0,0.0,7.97685259616964e-06,,,,240.53287484916396,0.004975124378109453,0.023217247097844115,3,INCONCLUSIVE,support_failed:C2.1_TR>N1_p99.5+C2.3_mixture,BH family=PRIMARY+ARM(14)
CR6261_FluAH1_logKd_3GBN,latent,MAD,8339,0.0,1.492353756598547,4.277230299646639,6.8723100530875145,TR2,2.866096782170156,2.6908818979886973,2.7585244452871063,2.53482217380827,5.076211284157714,0.6104508573962188,0.4516236693231803,0.7867684056093157,0.4815477548811901,1.8319379249595087,3.8042705139628232,-1234.6756606285926,1252.733057796766,364.53658686472926,8.0,1.064053471086796,True,3,0.0003597553663508814,0.0,0.0,0.0,0.0,,,,,0.004975124378109453,0.023217247097844115,3,INCONCLUSIVE,support_failed:C2.1_TR>N1_p99.5+C2.3_mixture,BH family=PRIMARY+ARM(14)
CR6261_FluAH1_logKd_3GBN,raw,sigma,8339,0.0,0.6951369078588616,2.6967663704942226,5.239922771636291,TR2,3.8794751652602013,3.972029318286581,4.175348485887689,3.4888852258299643,10.110998851601405,0.3275153749253839,0.21462735330826385,0.3988769941763376,0.389917431395631,1.276387663125885,3.27348192297357,-2116.772021587476,2134.8294187556494,1987.726620809193,2.0,0.3854960577206634,True,259,0.031058879961626096,0.08098205909439862,0.031058879961626092,0.031058879961626096,0.07032533568524743,1.0000000000000002,0.45389583012390733,1.7510548436884703,0.4416456695014611,1.0,1.0,0,REFUTED,,BH family=PRIMARY+ARM(14)
CR6261_FluAH1_logKd_3GBN,raw,sigma,8339,0.0,0.6951369078588616,2.6967663704942226,5.239922771636291,TR2,3.8794751652602013,3.972029318286581,4.175348485887689,3.4888852258299643,10.110998851601405,0.3275153749253839,0.21462735330826385,0.3988769941763376,0.389917431395631,1.276387663125885,3.27348192297357,-2116.772021587476,2134.8294187556494,1987.726620809193,3.0,0.5782440865809951,True,56,0.006715433505216453,0.026388343322705045,0.006715433505216455,0.006715433505216453,0.027232174064076835,0.9999999999999997,0.43672163877875064,1.7249117776214298,0.24659924284470103,1.0,1.0,0,REFUTED,,BH family=PRIMARY+ARM(14)
CR6261_FluAH1_logKd_3GBN,raw,sigma,8339,0.0,0.6951369078588616,2.6967663704942226,5.239922771636291,TR2,3.8794751652602013,3.972029318286581,4.175348485887689,3.4888852258299643,10.110998851601405,0.3275153749253839,0.21462735330826385,0.3988769941763376,0.389917431395631,1.276387663125885,3.27348192297357,-2116.772021587476,2134.8294187556494,1987.726620809193,4.0,0.7709921154413268,True,23,0.0027581244753567572,0.010365953918860865,0.0027581244753567572,0.0027581244753567572,0.012166134320857286,1.0,0.3503659029160891,1.7457239548372212,0.22670508171427178,1.0,1.0,0,REFUTED,,BH family=PRIMARY+ARM(14)
CR6261_FluAH1_logKd_3GBN,raw,sigma,8339,0.0,0.6951369078588616,2.6967663704942226,5.239922771636291,TR2,3.8794751652602013,3.972029318286581,4.175348485887689,3.4888852258299643,10.110998851601405,0.3275153749253839,0.21462735330826385,0.3988769941763376,0.389917431395631,1.276387663125885,3.27348192297357,-2116.772021587476,2134.8294187556494,1987.726620809193,5.0,0.9637401443016586,True,11,0.0013191030099532319,0.004381017282290786,0.0013191030099532315,0.0013191030099532319,0.005712404393688922,1.0000000000000002,0.2688265635074147,1.8446328159613647,0.23091905247649835,1.0,1.0,0,REFUTED,,BH family=PRIMARY+ARM(14)
CR6261_FluAH1_logKd_3GBN,raw,sigma,8339,0.0,0.6951369078588616,2.6967663704942226,5.239922771636291,TR2,3.8794751652602013,3.972029318286581,4.175348485887689,3.4888852258299643,10.110998851601405,0.3275153749253839,0.21462735330826385,0.3988769941763376,0.389917431395631,1.276387663125885,3.27348192297357,-2116.772021587476,2134.8294187556494,1987.726620809193,6.0,1.1564881731619903,True,3,0.0003597553663508814,0.0018392440574309344,0.0003597553663508814,0.0003597553663508814,0.0024728545363688604,1.0,0.3216006455990002,2.034708952422795,0.1454818150683243,1.0,1.0,0,REFUTED,,BH family=PRIMARY+ARM(14)
CR6261_FluAH1_logKd_3GBN,raw,sigma,8339,0.0,0.6951369078588616,2.6967663704942226,5.239922771636291,TR2,3.8794751652602013,3.972029318286581,4.175348485887689,3.4888852258299643,10.110998851601405,0.3275153749253839,0.21462735330826385,0.3988769941763376,0.389917431395631,1.276387663125885,3.27348192297357,-2116.772021587476,2134.8294187556494,1987.726620809193,8.0,1.5419842308826537,True,0,0.0,0.00025084933113903485,0.0,0.0,0.0002645712421517252,,,,0.0,1.0,1.0,0,REFUTED,,BH family=PRIMARY+ARM(14)
CR6261_FluAH1_logKd_3GBN,raw,MAD,8339,0.0,1.684708352924029,7.733665630979078,10.846783377524623,TR2,4.590507085428942,3.2934051737557137,3.3977905749251156,3.1415093941834003,8.155294485749984,0.4485396170497474,0.3434293931696332,0.5634696116326231,0.582809400132352,3.0210124159607123,5.18353412843832,-3633.6091155718314,3651.6665127400047,2008.5472427623363,2.0,0.22202147263486638,True,1733,0.20781868329535916,0.18373596730618894,0.20781868329535919,0.20781868329535916,0.18979452778424527,0.9999999999999999,0.6649458626951964,1.3800328548621426,1.0949666764449784,1.0,1.0,0,REFUTED,,BH family=PRIMARY+ARM(14)
CR6261_FluAH1_logKd_3GBN,raw,MAD,8339,0.0,1.684708352924029,7.733665630979078,10.846783377524623,TR2,4.590507085428942,3.2934051737557137,3.3977905749251156,3.1415093941834003,8.155294485749984,0.4485396170497474,0.3434293931696332,0.5634696116326231,0.582809400132352,3.0210124159607123,5.18353412843832,-3633.6091155718314,3651.6665127400047,2008.5472427623363,3.0,0.33303220895229957,True,996,0.11943878162849263,0.08417844223639538,0.11943878162849259,0.11943878162849263,0.08817544537909089,1.0000000000000004,0.6252259149381124,1.4313955699366552,1.354558302654349,1.0,1.0,0,REFUTED,,BH family=PRIMARY+ARM(14)
CR6261_FluAH1_logKd_3GBN,raw,MAD,8339,0.0,1.684708352924029,7.733665630979078,10.846783377524623,TR2,4.590507085428942,3.2934051737557137,3.3977905749251156,3.1415093941834003,8.155294485749984,0.4485396170497474,0.3434293931696332,0.5634696116326231,0.582809400132352,3.0210124159607123,5.18353412843832,-3633.6091155718314,3651.6665127400047,2008.5472427623363,4.0,0.44404294526973276,True,581,0.0696726226166207,0.032895320420438016,0.06967262261662069,0.0696726226166207,0.03637152990739254,1.0000000000000002,0.602926656131329,1.4774521961365412,1.915581302024353,1.0,1.0,0,REFUTED,,BH family=PRIMARY+ARM(14)
CR6261_FluAH1_logKd_3GBN,raw,MAD,8339,0.0,1.684708352924029,7.733665630979078,10.846783377524623,TR2,4.590507085428942,3.2934051737557137,3.3977905749251156,3.1415093941834003,8.155294485749984,0.4485396170497474,0.3434293931696332,0.5634696116326231,0.582809400132352,3.0210124159607123,5.18353412843832,-3633.6091155718314,3651.6665127400047,2008.5472427623363,5.0,0.555053681587166,True,361,0.043290562417556064,0.008855919189635443,0.04329056241755607,0.043290562417556064,0.011315251382443834,0.9999999999999999,0.5795009878853203,1.4859751591721475,3.8258595372192516,1.0,1.0,0,REFUTED,,BH family=PRIMARY+ARM(14)
CR6261_FluAH1_logKd_3GBN,raw,MAD,8339,0.0,1.684708352924029,7.733665630979078,10.846783377524623,TR2,4.590507085428942,3.2934051737557137,3.3977905749251156,3.1415093941834003,8.155294485749984,0.4485396170497474,0.3434293931696332,0.5634696116326231,0.582809400132352,3.0210124159607123,5.18353412843832,-3633.6091155718314,3651.6665127400047,2008.5472427623363,6.0,0.6660644179045991,True,222,0.026621897109965223,0.0017285305954361204,0.026621897109965213,0.026621897109965223,0.0025491786360070613,1.0000000000000004,0.554463877064389,1.5334361344621115,10.44332348229027,1.0,1.0,0,REFUTED,,BH family=PRIMARY+ARM(14)
CR6261_FluAH1_logKd_3GBN,raw,MAD,8339,0.0,1.684708352924029,7.733665630979078,10.846783377524623,TR2,4.590507085428942,3.2934051737557137,3.3977905749251156,3.1415093941834003,8.155294485749984,0.4485396170497474,0.3434293931696332,0.5634696116326231,0.582809400132352,3.0210124159607123,5.18353412843832,-3633.6091155718314,3651.6665127400047,2008.5472427623363,8.0,0.8880858905394655,True,63,0.007554862693368509,9.636707625418181e-05,0.007554862693368509,0.007554862693368509,0.00019272213676165378,1.0,0.42750089172470557,1.6753481166149402,39.20080391549349,1.0,1.0,0,REFUTED,,BH family=PRIMARY+ARM(14)
CR9114_FluAH1_logKd_4FQI,latent,sigma,498561,0.0,0.9304359205990329,3.7246340165884875,5.9902395812919105,TR1,6.438100086930518,7.6174239468497404,7.950176625479481,6.598536612902593,7.998946733138664,0.5777674074487956,0.4637894447293908,0.6765432078325357,0.18571319490584068,1.4260202902581751,7.678615894692827,-226317.67227411317,226343.91123656905,188472.34368701107,2.0,0.22806324526083754,True,42501,0.08524734184984385,0.136951638188905,0.16740376804443188,0.16832213109328648,0.10926061519980418,0.5092319178097456,0.41930207155924454,0.6199476682825141,0.7802202256865622,1.0,1.0,0,REFUTED,refuted_by:C2.TR<N1_p95,BH family=PRIMARY+ARM(14)
CR9114_FluAH1_logKd_4FQI,latent,sigma,498561,0.0,0.9304359205990329,3.7246340165884875,5.9902395812919105,TR1,6.438100086930518,7.6174239468497404,7.950176625479481,6.598536612902593,7.998946733138664,0.5777674074487956,0.4637894447293908,0.6765432078325357,0.18571319490584068,1.4260202902581751,7.678615894692827,-226317.67227411317,226343.91123656905,188472.34368701107,3.0,0.3420948678912563,True,13110,0.02629567896405856,0.06074177321435705,0.06075464185927098,0.061328603721510506,0.0644716501870277,0.4328176112858761,0.34392714421454723,0.5446884421686413,0.40786421454665195,1.0,1.0,0,REFUTED,refuted_by:C2.TR<N1_p95,BH family=PRIMARY+ARM(14)
CR9114_FluAH1_logKd_4FQI,latent,sigma,498561,0.0,0.9304359205990329,3.7246340165884875,5.9902395812919105,TR1,6.438100086930518,7.6174239468497404,7.950176625479481,6.598536612902593,7.998946733138664,0.5777674074487956,0.4637894447293908,0.6765432078325357,0.18571319490584068,1.4260202902581751,7.678615894692827,-226317.67227411317,226343.91123656905,188472.34368701107,4.0,0.4561264905216751,True,3533,0.007086394643784813,0.03362420029239488,0.021676815876091392,0.02209248216366703,0.044963035741185466,0.3269112347630726,0.23541668677398447,0.43722804247879127,0.15760489760022547,1.0,1.0,0,REFUTED,refuted_by:C2.TR<N1_p95,BH family=PRIMARY+ARM(14)
CR9114_FluAH1_logKd_4FQI,latent,sigma,498561,0.0,0.9304359205990329,3.7246340165884875,5.9902395812919105,TR1,6.438100086930518,7.6174239468497404,7.950176625479481,6.598536612902593,7.998946733138664,0.5777674074487956,0.4637894447293908,0.6765432078325357,0.18571319490584068,1.4260202902581751,7.678615894692827,-226317.67227411317,226343.91123656905,188472.34368701107,5.0,0.5701581131520939,True,1273,0.002553348537089744,0.018721759756741566,0.007916654130587831,0.008167907237028166,0.03165420974352544,0.3225287469897528,0.19001869284721545,0.5005314051606,0.08066379030713307,1.0,1.0,0,REFUTED,refuted_by:C2.TR<N1_p95,BH family=PRIMARY+ARM(14)
CR9114_FluAH1_logKd_4FQI,latent,sigma,498561,0.0,0.9304359205990329,3.7246340165884875,5.9902395812919105,TR1,6.438100086930518,7.6174239468497404,7.950176625479481,6.598536612902593,7.998946733138664,0.5777674074487956,0.4637894447293908,0.6765432078325357,0.18571319490584068,1.4260202902581751,7.678615894692827,-226317.67227411317,226343.91123656905,188472.34368701107,6.0,0.6841897357825126,True,495,0.0009928574437230349,0.010652004329457801,0.0030892508639865533,0.0032237780331794905,0.023567295260226256,0.3213910062460232,0.12555243717883718,0.6228169079722231,0.04212861224676247,1.0,1.0,0,REFUTED,refuted_by:C2.TR<N1_p95,BH family=PRIMARY+ARM(14)
CR9114_FluAH1_logKd_4FQI,latent,sigma,498561,0.0,0.9304359205990329,3.7246340165884875,5.9902395812919105,TR1,6.438100086930518,7.6174239468497404,7.950176625479481,6.598536612902593,7.998946733138664,0.5777674074487956,0.4637894447293908,0.6765432078325357,0.18571319490584068,1.4260202902581751,7.678615894692827,-226317.67227411317,226343.91123656905,188472.34368701107,8.0,0.9122529810433502,True,67,0.00013438676510998655,0.002882980419442287,0.0006889227195869714,0.0007703169722461244,0.01412576346823736,0.1950679826476839,0.11929774956484343,0.28044380102087213,0.009513593046645825,1.0,1.0,0,REFUTED,refuted_by:C2.TR<N1_p95,BH family=PRIMARY+ARM(14)
CR9114_FluAH1_logKd_4FQI,latent,MAD,498561,0.0,1.8744721300942226,5.324525778969457,7.138481682454828,TR1,3.8082623730959413,3.8194366197412513,3.8434414114808924,3.7391644449019825,4.599459219272597,0.677114461364593,0.5585221300504623,0.7784489491022161,0.2341631030391687,2.1522729446645683,9.191341064115278,-172747.25704581686,172773.49600827275,172013.39322150033,2.0,0.11555090035763411,True,116860,0.23439458762317952,0.13266843060700062,0.05746894562551022,0.058461251481764516,0.21738595305230685,4.078630381538317,3.238971261345318,5.01446668099262,1.0782416450191705,0.004975124378109453,0.011608623548922057,4,REFUTED,refuted_by:C2.TR<N1_p95,BH family=PRIMARY+ARM(14)
CR9114_FluAH1_logKd_4FQI,latent,MAD,498561,0.0,1.8744721300942226,5.324525778969457,7.138481682454828,TR1,3.8082623730959413,3.8194366197412513,3.8434414114808924,3.7391644449019825,4.599459219272597,0.677114461364593,0.5585221300504623,0.7784489491022161,0.2341631030391687,2.1522729446645683,9.191341064115278,-172747.25704581686,172773.49600827275,172013.39322150033,3.0,0.17332635053645118,True,60928,0.12220771380031731,0.04082309572889772,0.004359135592234451,0.004573462424858743,0.07088337154465002,28.034850307942545,22.400886193241544,34.362659834620835,1.7240674524537487,0.004975124378109453,0.013930348258706468,4,REFUTED,refuted_by:C2.TR<N1_p95,BH family=PRIMARY+ARM(14)
CR9114_FluAH1_logKd_4FQI,latent,MAD,498561,0.0,1.8744721300942226,5.324525778969457,7.138481682454828,TR1,3.8082623730959413,3.8194366197412513,3.8434414114808924,3.7391644449019825,4.599459219272597,0.677114461364593,0.5585221300504623,0.7784489491022161,0.2341631030391687,2.1522729446645683,9.191341064115278,-172747.25704581686,172773.49600827275,172013.39322150033,4.0,0.23110180071526823,True,21010,0.04214128261135548,0.006973298033072332,0.00017157378936579474,0.00020067754998886794,0.015102981036694198,245.616086041618,163.53549557828714,342.4199194222354,2.790262565315353,0.004975124378109453,0.017412935323383085,4,REFUTED,refuted_by:C2.TR<N1_p95,BH family=PRIMARY+ARM(14)
CR9114_FluAH1_logKd_4FQI,latent,MAD,498561,0.0,1.8744721300942226,5.324525778969457,7.138481682454828,TR1,3.8082623730959413,3.8194366197412513,3.8434414114808924,3.7391644449019825,4.599459219272597,0.677114461364593,0.5585221300504623,0.7784489491022161,0.2341631030391687,2.1522729446645683,9.191341064115278,-172747.25704581686,172773.49600827275,172013.39322150033,5.0,0.2888772508940853,True,6352,0.012740667641472157,0.0023378565802742272,4.1318915839786905e-06,1.0028863067909444e-05,0.005057891747400773,3083.495145631068,1286.7406698584007,5357.130411642,2.518968036043778,0.004975124378109453,0.017412935323383085,4,REFUTED,refuted_by:C2.TR<N1_p95,BH family=PRIMARY+ARM(14)
CR9114_FluAH1_logKd_4FQI,latent,MAD,498561,0.0,1.8744721300942226,5.324525778969457,7.138481682454828,TR1,3.8082623730959413,3.8194366197412513,3.8434414114808924,3.7391644449019825,4.599459219272597,0.677114461364593,0.5585221300504623,0.7784489491022161,0.2341631030391687,2.1522729446645683,9.191341064115278,-172747.25704581686,172773.49600827275,172013.39322150033,6.0,0.34665270107290236,True,2461,0.004936206402025028,0.0004045910717742264,2.0057726135818886e-08,0.0,0.0010449933311039035,246100.0,97447.23672964654,456945.34984247235,4.7236726351263405,0.004975124378109453,0.023217247097844115,4,REFUTED,refuted_by:C2.TR<N1_p95,BH family=PRIMARY+ARM(14)
CR9114_FluAH1_logKd_4FQI,latent,MAD,498561,0.0,1.8744721300942226,5.324525778969457,7.138481682454828,TR1,3.8082623730959413,3.8194366197412513,3.8434414114808924,3.7391644449019825,4.599459219272597,0.677114461364593,0.5585221300504623,0.7784489491022161,0.2341631030391687,2.1522729446645683,9.191341064115278,-172747.25704581686,172773.49600827275,172013.39322150033,8.0,0.46220360143053646,True,111,0.00022264076010758963,5.167534504373678e-07,0.0,0.0,8.082448757794605e-06,,,,27.54620125402934,0.004975124378109453,0.023217247097844115,4,REFUTED,refuted_by:C2.TR<N1_p95,BH family=PRIMARY+ARM(14)
CR9114_FluAH1_logKd_4FQI,raw,sigma,498561,0.0,0.644528732771505,1.9474862606734369,3.0376460196053747,TR1,4.712972230956018,15.594232143720685,15.949801352644688,15.192413990207477,8.788854173004768,0.49244216190311246,0.33524099246046063,0.6418667265821364,0.3269093680329614,0.85044946392874,2.601483919062826,-49281.88609642757,49308.12505888357,441669.6735370601,2.0,0.26163542826164543,True,4283,0.008590724103971228,0.1336454873605928,0.008590724103971228,0.008590724103971228,0.10125851569588228,1.0,0.5597277379995423,1.551001148598091,0.08483952233481706,1.0,1.0,0,REFUTED,,BH family=PRIMARY+ARM(14)
CR9114_FluAH1_logKd_4FQI,raw,sigma,498561,0.0,0.644528732771505,1.9474862606734369,3.0376460196053747,TR1,4.712972230956018,15.594232143720685,15.949801352644688,15.192413990207477,8.788854173004768,0.49244216190311246,0.33524099246046063,0.6418667265821364,0.3269093680329614,0.85044946392874,2.601483919062826,-49281.88609642757,49308.12505888357,441669.6735370601,3.0,0.39245314239246815,True,530,0.001063059485198401,0.06045519984775474,0.0010630594851984009,0.001063059485198401,0.05453361068642259,1.0000000000000002,0.5315768309169041,1.5593481386863317,0.019493656697539642,1.0,1.0,0,REFUTED,,BH family=PRIMARY+ARM(14)
CR9114_FluAH1_logKd_4FQI,raw,sigma,498561,0.0,0.644528732771505,1.9474862606734369,3.0376460196053747,TR1,4.712972230956018,15.594232143720685,15.949801352644688,15.192413990207477,8.788854173004768,0.49244216190311246,0.33524099246046063,0.6418667265821364,0.3269093680329614,0.85044946392874,2.601483919062826,-49281.88609642757,49308.12505888357,441669.6735370601,4.0,0.5232708565232909,True,136,0.00027278507544713687,0.033481208737552136,0.0002727850754471369,0.00027278507544713687,0.03533054536924252,0.9999999999999998,0.5345130083570605,1.591044395876448,0.007720941542119912,1.0,1.0,0,REFUTED,,BH family=PRIMARY+ARM(14)
CR9114_FluAH1_logKd_4FQI,raw,sigma,498561,0.0,0.644528732771505,1.9474862606734369,3.0376460196053747,TR1,4.712972230956018,15.594232143720685,15.949801352644688,15.192413990207477,8.788854173004768,0.49244216190311246,0.33524099246046063,0.6418667265821364,0.3269093680329614,0.85044946392874,2.601483919062826,-49281.88609642757,49308.12505888357,441669.6735370601,5.0,0.6540885706541135,True,34,6.819626886178422e-05,0.02425036143334588,6.819626886178423e-05,6.819626886178422e-05,0.027114976951296593,0.9999999999999998,0.5889569042753938,1.5053127870463794,0.0025150775154364714,1.0,1.0,0,REFUTED,,BH family=PRIMARY+ARM(14)
CR9114_FluAH1_logKd_4FQI,raw,sigma,498561,0.0,0.644528732771505,1.9474862606734369,3.0376460196053747,TR1,4.712972230956018,15.594232143720685,15.949801352644688,15.192413990207477,8.788854173004768,0.49244216190311246,0.33524099246046063,0.6418667265821364,0.3269093680329614,0.85044946392874,2.601483919062826,-49281.88609642757,49308.12505888357,441669.6735370601,6.0,0.7849062847849363,True,15,3.008658920372833e-05,0.01845466835887542,3.0086589203728325e-05,3.008658920372833e-05,0.022183231882673782,1.0000000000000002,0.8671179998795225,1.0693485585830653,0.0013562761892791405,1.0,1.0,0,REFUTED,,BH family=PRIMARY+ARM(14)
CR9114_FluAH1_logKd_4FQI,raw,sigma,498561,0.0,0.644528732771505,1.9474862606734369,3.0376460196053747,TR1,4.712972230956018,15.594232143720685,15.949801352644688,15.192413990207477,8.788854173004768,0.49244216190311246,0.33524099246046063,0.6418667265821364,0.3269093680329614,0.85044946392874,2.601483919062826,-49281.88609642757,49308.12505888357,441669.6735370601,8.0,1.0465417130465817,True,15,3.008658920372833e-05,0.013489349673442768,3.0086589203728325e-05,3.008658920372833e-05,0.01600436266292299,1.0000000000000002,0.8671179998795225,1.0693485585830653,0.0018798992398134902,1.0,1.0,0,REFUTED,,BH family=PRIMARY+ARM(14)
CR9114_FluAH1_logKd_4FQI,raw,MAD,498561,0.0,1.5944536145010628,9.824661252910897,14.12266792595934,TR1,8.857371451585696,4.976367060895118,5.0251595445962325,4.901522031266279,10.906855224262838,0.314144765218339,0.234887650058156,0.41281072092223775,0.733775073048619,4.203542196622172,5.728652213760403,-337685.19971041894,337711.43867287505,454693.3078054765,2.0,0.1859064922641,True,100520,0.20162026311725145,0.28597994328590864,0.20162026311725145,0.20162026311725145,0.28570623204079226,1.0,0.6823061552689013,1.3432038807755766,0.7056908128222584,1.0,1.0,0,REFUTED,,BH family=PRIMARY+ARM(14)
CR9114_FluAH1_logKd_4FQI,raw,MAD,498561,0.0,1.5944536145010628,9.824661252910897,14.12266792595934,TR1,8.857371451585696,4.976367060895118,5.0251595445962325,4.901522031266279,10.906855224262838,0.314144765218339,0.234887650058156,0.41281072092223775,0.733775073048619,4.203542196622172,5.728652213760403,-337685.19971041894,337711.43867287505,454693.3078054765,3.0,0.27885973839614997,True,65350,0.13107724029757642,0.23850137116312034,0.13107724029757642,0.13107724029757642,0.22508525223342304,1.0,0.5895699473955761,1.4376197349418192,0.5823448626551673,1.0,1.0,0,REFUTED,,BH family=PRIMARY+ARM(14)
CR9114_FluAH1_logKd_4FQI,raw,MAD,498561,0.0,1.5944536145010628,9.824661252910897,14.12266792595934,TR1,8.857371451585696,4.976367060895118,5.0251595445962325,4.901522031266279,10.906855224262838,0.314144765218339,0.234887650058156,0.41281072092223775,0.733775073048619,4.203542196622172,5.728652213760403,-337685.19971041894,337711.43867287505,454693.3078054765,4.0,0.3718129845282,True,45030,0.09031994078959245,0.19847551207716252,0.09031994078959248,0.09031994078959245,0.19213573184724886,0.9999999999999997,0.530683601811121,1.4955724525252694,0.4700840386180657,1.0,1.0,0,REFUTED,,BH family=PRIMARY+ARM(14)
CR9114_FluAH1_logKd_4FQI,raw,MAD,498561,0.0,1.5944536145010628,9.824661252910897,14.12266792595934,TR1,8.857371451585696,4.976367060895118,5.0251595445962325,4.901522031266279,10.906855224262838,0.314144765218339,0.234887650058156,0.41281072092223775,0.733775073048619,4.203542196622172,5.728652213760403,-337685.19971041894,337711.43867287505,454693.3078054765,5.0,0.46476623066025,True,31416,0.06301335242828862,0.1525112250784018,0.06301335242828865,0.06301335242828862,0.16471996730139365,0.9999999999999996,0.49077437540406293,1.5569632708527328,0.38254835440193463,1.0,1.0,0,REFUTED,,BH family=PRIMARY+ARM(14)
CR9114_FluAH1_logKd_4FQI,raw,MAD,498561,0.0,1.5944536145010628,9.824661252910897,14.12266792595934,TR1,8.857371451585696,4.976367060895118,5.0251595445962325,4.901522031266279,10.906855224262838,0.314144765218339,0.234887650058156,0.41281072092223775,0.733775073048619,4.203542196622172,5.728652213760403,-337685.19971041894,337711.43867287505,454693.3078054765,6.0,0.5577194767922999,True,21961,0.04404877236687186,0.0945247180080026,0.04404877236687187,0.04404877236687186,0.10828923008488978,0.9999999999999997,0.4619424940976644,1.5960466862276719,0.4067696513525978,1.0,1.0,0,REFUTED,,BH family=PRIMARY+ARM(14)
CR9114_FluAH1_logKd_4FQI,raw,MAD,498561,0.0,1.5944536145010628,9.824661252910897,14.12266792595934,TR1,8.857371451585696,4.976367060895118,5.0251595445962325,4.901522031266279,10.906855224262838,0.314144765218339,0.234887650058156,0.41281072092223775,0.733775073048619,4.203542196622172,5.728652213760403,-337685.19971041894,337711.43867287505,454693.3078054765,8.0,0.7436259690564,True,10312,0.020683527191256434,0.04052828537696886,0.020683527191256434,0.020683527191256434,0.043511932305218756,1.0,0.4120375618044863,1.700587317786383,0.47535299159250816,1.0,1.0,0,REFUTED,,BH family=PRIMARY+ARM(14)
CR9114_FluAH3_logKd_4FQY,latent,sigma,41688,0.0,0.7922869960372251,3.0851402684094014,4.990102273989813,TR1,6.298351858542125,5.662669624246979,6.2306840628783124,4.8652337678657185,8.362580959087074,0.16844066867622393,0.11296880122844431,0.24368987265917258,0.5767549887389644,1.6326372043618078,2.830729228595765,-7628.333822488712,7649.609759681887,5820.920394415311,2.0,0.4759242403920764,True,1361,0.032647284590289774,0.06804678899860424,0.08831006524659375,0.090077480330071,0.29357901546771786,0.36968928172713617,0.19226713542221355,0.5831560239212885,0.11120442153631954,1.0,1.0,0,INCONCLUSIVE,support_failed:C2.2_tau_run_sigma+C2.3_mixture,BH family=CONTROL(3)
CR9114_FluAH3_logKd_4FQY,latent,sigma,41688,0.0,0.7922869960372251,3.0851402684094014,4.990102273989813,TR1,6.298351858542125,5.662669624246979,6.2306840628783124,4.8652337678657185,8.362580959087074,0.16844066867622393,0.11296880122844431,0.24368987265917258,0.5767549887389644,1.6326372043618078,2.830729228595765,-7628.333822488712,7649.609759681887,5820.920394415311,3.0,0.7138863605881146,True,451,0.010818460947994627,0.018850806686563734,0.03039591729034734,0.03137593552101324,0.21423405722005373,0.35591822561743136,0.170275109558343,0.5924060658852509,0.05049832453521749,1.0,1.0,0,INCONCLUSIVE,support_failed:C2.2_tau_run_sigma+C2.3_mixture,BH family=CONTROL(3)
CR9114_FluAH3_logKd_4FQY,latent,sigma,41688,0.0,0.7922869960372251,3.0851402684094014,4.990102273989813,TR1,6.298351858542125,5.662669624246979,6.2306840628783124,4.8652337678657185,8.362580959087074,0.16844066867622393,0.11296880122844431,0.24368987265917258,0.5767549887389644,1.6326372043618078,2.830729228595765,-7628.333822488712,7649.609759681887,5820.920394415311,4.0,0.9518484807841529,True,155,0.0037180963346766455,0.0067815779867666315,0.012527825753214355,0.013169257340241797,0.17802929324651287,0.29678704093746405,0.12534131904283038,0.509033524427425,0.020884744678103546,1.0,1.0,0,INCONCLUSIVE,support_failed:C2.2_tau_run_sigma+C2.3_mixture,BH family=CONTROL(3)
CR9114_FluAH3_logKd_4FQY,latent,sigma,41688,0.0,0.7922869960372251,3.0851402684094014,4.990102273989813,TR1,6.298351858542125,5.662669624246979,6.2306840628783124,4.8652337678657185,8.362580959087074,0.16844066867622393,0.11296880122844431,0.24368987265917258,0.5767549887389644,1.6326372043618078,2.830729228595765,-7628.333822488712,7649.609759681887,5820.920394415311,5.0,1.189810600980191,True,41,0.0009834964498176934,0.0022869671956059654,0.004791306850892343,0.005303684513529072,0.15479734032319178,0.20526684690097127,0.05115660868694649,0.39171775509301787,0.006353445400058632,1.0,1.0,0,INCONCLUSIVE,support_failed:C2.2_tau_run_sigma+C2.3_mixture,BH family=CONTROL(3)
CR9114_FluAH3_logKd_4FQY,latent,sigma,41688,0.0,0.7922869960372251,3.0851402684094014,4.990102273989813,TR1,6.298351858542125,5.662669624246979,6.2306840628783124,4.8652337678657185,8.362580959087074,0.16844066867622393,0.11296880122844431,0.24368987265917258,0.5767549887389644,1.6326372043618078,2.830729228595765,-7628.333822488712,7649.609759681887,5820.920394415311,6.0,1.4277727211762292,True,6,0.00014392630972941855,0.0006247899708579552,0.0014378238341968912,0.0017271157167530224,0.1372394220295232,0.1001001001001001,0.016479208841634865,0.2240727909917744,0.0010487242484776486,1.0,1.0,0,INCONCLUSIVE,support_failed:C2.2_tau_run_sigma+C2.3_mixture,BH family=CONTROL(3)
CR9114_FluAH3_logKd_4FQY,latent,sigma,41688,0.0,0.7922869960372251,3.0851402684094014,4.990102273989813,TR1,6.298351858542125,5.662669624246979,6.2306840628783124,4.8652337678657185,8.362580959087074,0.16844066867622393,0.11296880122844431,0.24368987265917258,0.5767549887389644,1.6326372043618078,2.830729228595765,-7628.333822488712,7649.609759681887,5820.920394415311,8.0,1.9036969615683057,True,0,0.0,3.1296325381824965e-05,2.9025139128766065e-05,7.196315486470927e-05,0.10645888745740079,0.0,0.0,0.0,0.0,1.0,1.0,0,INCONCLUSIVE,support_failed:C2.2_tau_run_sigma+C2.3_mixture,BH family=CONTROL(3)
CR9114_FluAH3_logKd_4FQY,latent,MAD,41688,0.0,1.3478302117002483,4.983523026704962,6.950174594963039,TR1,5.156565370496924,3.9178324877336697,4.025096345046466,3.7084567922544642,6.187233918717095,0.3846458824082215,0.3560924106078514,0.4410313014943127,0.7214995977141015,2.171774442826707,3.010084066169203,-7846.385253349406,7867.661190542567,8748.982645811117,2.0,0.32657124322839043,True,5694,0.1365860679332182,0.16495174234609075,0.11170504701592783,0.11401842256764537,0.3131474116677921,1.222738556421203,0.961875348079959,1.5357080272779025,0.43617179272143536,0.004975124378109453,0.004975124378109453,3,INCONCLUSIVE,support_failed:C2.2_tau_run_sigma+C2.3_mixture,BH family=CONTROL(3)
CR9114_FluAH3_logKd_4FQY,latent,MAD,41688,0.0,1.3478302117002483,4.983523026704962,6.950174594963039,TR1,5.156565370496924,3.9178324877336697,4.025096345046466,3.7084567922544642,6.187233918717095,0.3846458824082215,0.3560924106078514,0.4410313014943127,0.7214995977141015,2.171774442826707,3.010084066169203,-7846.385253349406,7867.661190542567,8748.982645811117,3.0,0.4898568648425856,True,2533,0.06076089042410286,0.07453755515496513,0.03561672423719056,0.0372061504509691,0.23386525056831622,1.7059651533213451,1.1666795882390024,2.3444480541844794,0.2598115379537907,0.004975124378109453,0.004975124378109453,3,INCONCLUSIVE,support_failed:C2.2_tau_run_sigma+C2.3_mixture,BH family=CONTROL(3)
CR9114_FluAH3_logKd_4FQY,latent,MAD,41688,0.0,1.3478302117002483,4.983523026704962,6.950174594963039,TR1,5.156565370496924,3.9178324877336697,4.025096345046466,3.7084567922544642,6.187233918717095,0.3846458824082215,0.3560924106078514,0.4410313014943127,0.7214995977141015,2.171774442826707,3.010084066169203,-7846.385253349406,7867.661190542567,8748.982645811117,4.0,0.6531424864567809,True,1051,0.02521109192093648,0.02172804597240038,0.008240260986374976,0.00899659374400307,0.11146151866736517,3.059501630181649,1.7225148003708843,4.679111849990141,0.2261865101279841,0.004975124378109453,0.007462686567164179,3,INCONCLUSIVE,support_failed:C2.2_tau_run_sigma+C2.3_mixture,BH family=CONTROL(3)
CR9114_FluAH3_logKd_4FQY,latent,MAD,41688,0.0,1.3478302117002483,4.983523026704962,6.950174594963039,TR1,5.156565370496924,3.9178324877336697,4.025096345046466,3.7084567922544642,6.187233918717095,0.3846458824082215,0.3560924106078514,0.4410313014943127,0.7214995977141015,2.171774442826707,3.010084066169203,-7846.385253349406,7867.661190542567,8748.982645811117,5.0,0.8164281080709761,True,413,0.009906927653041643,0.0036140804024576935,0.0005888984839762042,0.0007915947035118019,0.03859182725035293,16.822810590631363,6.600527266041254,29.694798246920392,0.25671050994225836,0.004975124378109453,0.014925373134328358,3,INCONCLUSIVE,support_failed:C2.2_tau_run_sigma+C2.3_mixture,BH family=CONTROL(3)
CR9114_FluAH3_logKd_4FQY,latent,MAD,41688,0.0,1.3478302117002483,4.983523026704962,6.950174594963039,TR1,5.156565370496924,3.9178324877336697,4.025096345046466,3.7084567922544642,6.187233918717095,0.3846458824082215,0.3560924106078514,0.4410313014943127,0.7214995977141015,2.171774442826707,3.010084066169203,-7846.385253349406,7867.661190542567,8748.982645811117,6.0,0.9797137296851712,True,135,0.003238341968911917,0.00037851423639800153,9.71502590673575e-06,4.797543657647284e-05,0.021705103426440324,333.3333333333333,75.78852143159884,711.7221987733342,0.1491972604455362,0.004975124378109453,0.014925373134328358,3,INCONCLUSIVE,support_failed:C2.2_tau_run_sigma+C2.3_mixture,BH family=CONTROL(3)
CR9114_FluAH3_logKd_4FQY,latent,MAD,41688,0.0,1.3478302117002483,4.983523026704962,6.950174594963039,TR1,5.156565370496924,3.9178324877336697,4.025096345046466,3.7084567922544642,6.187233918717095,0.3846458824082215,0.3560924106078514,0.4410313014943127,0.7214995977141015,2.171774442826707,3.010084066169203,-7846.385253349406,7867.661190542567,8748.982645811117,8.0,1.3062849729135617,True,9,0.0002158894645941278,8.058560388300383e-07,0.0,0.0,0.005150850465282135,,,,0.041913362861001356,0.004975124378109453,0.007462686567164179,3,INCONCLUSIVE,support_failed:C2.2_tau_run_sigma+C2.3_mixture,BH family=CONTROL(3)
CR9114_FluAH3_logKd_4FQY,raw,sigma,41688,0.0,0.7336618011101752,2.070978927516817,2.986853898151476,TR1,4.071159073065786,4.013535807493948,4.276737352687752,3.6683900591429777,4.4196313102152756,0.40684155890967344,0.3022243714236923,0.49844804492354566,0.47434711702445453,0.9246436084161272,1.9492974137090793,-1715.9204518186743,1737.1963890118495,1146.54661083684,2.0,0.7602251425268152,True,493,0.011825945116100557,0.0663695695270935,0.011825945116100555,0.011825945116100557,0.1514662032947277,1.0000000000000002,0.2828498039994803,2.0850288715418883,0.07807646101149879,1.0,1.0,0,REFUTED,,BH family=CONTROL(3)
CR9114_FluAH3_logKd_4FQY,raw,sigma,41688,0.0,0.7336618011101752,2.070978927516817,2.986853898151476,TR1,4.071159073065786,4.013535807493948,4.276737352687752,3.6683900591429777,4.4196313102152756,0.40684155890967344,0.3022243714236923,0.49844804492354566,0.47434711702445453,0.9246436084161272,1.9492974137090793,-1715.9204518186743,1737.1963890118495,1146.54661083684,3.0,1.1403377137902226,True,41,0.0009834964498176934,0.010602055575793976,0.0009834964498176937,0.0009834964498176934,0.09050902364588696,0.9999999999999998,0.05012156589840114,2.8534836336575293,0.010866280622643606,1.0,1.0,0,REFUTED,,BH family=CONTROL(3)
CR9114_FluAH3_logKd_4FQY,raw,sigma,41688,0.0,0.7336618011101752,2.070978927516817,2.986853898151476,TR1,4.071159073065786,4.013535807493948,4.276737352687752,3.6683900591429777,4.4196313102152756,0.40684155890967344,0.3022243714236923,0.49844804492354566,0.47434711702445453,0.9246436084161272,1.9492974137090793,-1715.9204518186743,1737.1963890118495,1146.54661083684,4.0,1.5204502850536303,True,0,0.0,0.0018343345033381686,0.0,0.0,0.05782797278178875,,,,0.0,1.0,1.0,0,REFUTED,,BH family=CONTROL(3)
CR9114_FluAH3_logKd_4FQY,raw,sigma,41688,0.0,0.7336618011101752,2.070978927516817,2.986853898151476,TR1,4.071159073065786,4.013535807493948,4.276737352687752,3.6683900591429777,4.4196313102152756,0.40684155890967344,0.3022243714236923,0.49844804492354566,0.47434711702445453,0.9246436084161272,1.9492974137090793,-1715.9204518186743,1737.1963890118495,1146.54661083684,5.0,1.900562856317038,True,0,0.0,0.00042954015388352724,0.0,0.0,0.04821780598694054,,,,0.0,1.0,1.0,0,REFUTED,,BH family=CONTROL(3)
CR9114_FluAH3_logKd_4FQY,raw,sigma,41688,0.0,0.7336618011101752,2.070978927516817,2.986853898151476,TR1,4.071159073065786,4.013535807493948,4.276737352687752,3.6683900591429777,4.4196313102152756,0.40684155890967344,0.3022243714236923,0.49844804492354566,0.47434711702445453,0.9246436084161272,1.9492974137090793,-1715.9204518186743,1737.1963890118495,1146.54661083684,6.0,2.2806754275804453,True,0,0.0,0.0001183046617778539,0.0,0.0,0.04375320854266569,,,,0.0,1.0,1.0,0,REFUTED,,BH family=CONTROL(3)
CR9114_FluAH3_logKd_4FQY,raw,sigma,41688,0.0,0.7336618011101752,2.070978927516817,2.986853898151476,TR1,4.071159073065786,4.013535807493948,4.276737352687752,3.6683900591429777,4.4196313102152756,0.40684155890967344,0.3022243714236923,0.49844804492354566,0.47434711702445453,0.9246436084161272,1.9492974137090793,-1715.9204518186743,1737.1963890118495,1146.54661083684,8.0,3.0409005701072607,True,0,0.0,9.939927850659444e-06,0.0,0.0,0.024779246733937946,,,,0.0,1.0,1.0,0,REFUTED,,BH family=CONTROL(3)
CR9114_FluAH3_logKd_4FQY,raw,MAD,41688,0.0,1.2353292738233037,3.484037393424524,5.006241794671965,TR1,4.052556594225125,3.790785422068743,3.937840763316432,3.4974588075316113,4.401546785906005,0.4195476401361269,0.3046399968529762,0.5187140799994135,0.7892042830550071,1.5523030425107944,1.9669217157588588,-1747.6134431289538,1768.889380322129,747.1316174025087,2.0,0.4538594271909764,True,3739,0.08969007867971598,0.06881974920361439,0.08969007867971598,0.08969007867971598,0.09751289887942542,1.0,0.5870815230497033,1.4945368564073052,0.9197765599258582,1.0,1.0,0,REFUTED,,BH family=CONTROL(3)
CR9114_FluAH3_logKd_4FQY,raw,MAD,41688,0.0,1.2353292738233037,3.484037393424524,5.006241794671965,TR1,4.052556594225125,3.790785422068743,3.937840763316432,3.4974588075316113,4.401546785906005,0.4195476401361269,0.3046399968529762,0.5187140799994135,0.7892042830550071,1.5523030425107944,1.9669217157588588,-1747.6134431289538,1768.889380322129,747.1316174025087,3.0,0.6807891407864646,True,887,0.021277106121665706,0.010330844841508426,0.021277106121665702,0.021277106121665706,0.029695262814961047,1.0000000000000002,0.34745946217172197,1.9636593611298578,0.7165151645314245,1.0,1.0,0,REFUTED,,BH family=CONTROL(3)
CR9114_FluAH3_logKd_4FQY,raw,MAD,41688,0.0,1.2353292738233037,3.484037393424524,5.006241794671965,TR1,4.052556594225125,3.790785422068743,3.937840763316432,3.4974588075316113,4.401546785906005,0.4195476401361269,0.3046399968529762,0.5187140799994135,0.7892042830550071,1.5523030425107944,1.9669217157588588,-1747.6134431289538,1768.889380322129,747.1316174025087,4.0,0.9077188543819528,True,203,0.0048695068125119935,0.001390504225699006,0.004869506812511993,0.0048695068125119935,0.010386172466816524,1.0000000000000002,0.14793926549744119,2.4589368300874694,0.468845171603871,1.0,1.0,0,REFUTED,,BH family=CONTROL(3)
CR9114_FluAH3_logKd_4FQY,raw,MAD,41688,0.0,1.2353292738233037,3.484037393424524,5.006241794671965,TR1,4.052556594225125,3.790785422068743,3.937840763316432,3.4974588075316113,4.401546785906005,0.4195476401361269,0.3046399968529762,0.5187140799994135,0.7892042830550071,1.5523030425107944,1.9669217157588588,-1747.6134431289538,1768.889380322129,747.1316174025087,5.0,1.134648567977441,True,44,0.0010554596046824026,0.00022058126152449346,0.0010554596046824028,0.0010554596046824026,0.003691949965584392,0.9999999999999998,0.0,2.8953510452182862,0.2858813403543338,1.0,1.0,0,REFUTED,,BH family=CONTROL(3)
CR9114_FluAH3_logKd_4FQY,raw,MAD,41688,0.0,1.2353292738233037,3.484037393424524,5.006241794671965,TR1,4.052556594225125,3.790785422068743,3.937840763316432,3.4974588075316113,4.401546785906005,0.4195476401361269,0.3046399968529762,0.5187140799994135,0.7892042830550071,1.5523030425107944,1.9669217157588588,-1747.6134431289538,1768.889380322129,747.1316174025087,6.0,1.3615782815729291,True,5,0.00011993859144118211,2.8051988324287467e-05,0.0001199385914411821,0.00011993859144118211,0.0012136576686894982,1.0000000000000002,0.0,3.1813779506912385,0.09882407085244328,1.0,1.0,0,REFUTED,,BH family=CONTROL(3)
CR9114_FluAH3_logKd_4FQY,raw,MAD,41688,0.0,1.2353292738233037,3.484037393424524,5.006241794671965,TR1,4.052556594225125,3.790785422068743,3.937840763316432,3.4974588075316113,4.401546785906005,0.4195476401361269,0.3046399968529762,0.5187140799994135,0.7892042830550071,1.5523030425107944,1.9669217157588588,-1747.6134431289538,1768.889380322129,747.1316174025087,8.0,1.8154377087639055,True,0,0.0,1.3390824606979298e-07,0.0,0.0,5.682404530850576e-05,,,,0.0,1.0,1.0,0,REFUTED,,BH family=CONTROL(3)
GB1_IgG-Fc_fitness_1FCC,latent,sigma,183690,0.0,1.7790024230748254,5.618713573520613,8.693909784664982,TR1,4.886957809556234,15.769760434552277,19.014652077609615,12.902522792067039,9.722557316791518,0.05253056834490074,0.03462434757486514,0.07683827486762476,1.5234277070212134,4.007564526277621,2.630623368478499,-11429.501696027117,11453.7437056934,259933.15532290886,2.0,0.42372907734493687,True,32999,0.17964505416734716,0.13537223038815394,0.2084031248298764,0.21728101693069846,0.13743350209592248,0.8620074881986293,0.7730312003229489,0.9484108868148473,1.3071416461610859,1.0,1.0,0,REFUTED,refuted_by:C2.TR<N1_p95+C2.maxT<1.5&CIhi<2,BH family=PRIMARY+ARM(14)
GB1_IgG-Fc_fitness_1FCC,latent,sigma,183690,0.0,1.7790024230748254,5.618713573520613,8.693909784664982,TR1,4.886957809556234,15.769760434552277,19.014652077609615,12.902522792067039,9.722557316791518,0.05253056834490074,0.03462434757486514,0.07683827486762476,1.5234277070212134,4.007564526277621,2.630623368478499,-11429.501696027117,11453.7437056934,259933.15532290886,3.0,0.6355936160174053,True,10487,0.05709075072132397,0.07763383962110076,0.0877452229299363,0.09403886983504818,0.07857561652784582,0.650642266495925,0.5485933825977986,0.7541630842195844,0.7265708274919104,1.0,1.0,0,REFUTED,refuted_by:C2.TR<N1_p95+C2.maxT<1.5&CIhi<2,BH family=PRIMARY+ARM(14)
GB1_IgG-Fc_fitness_1FCC,latent,sigma,183690,0.0,1.7790024230748254,5.618713573520613,8.693909784664982,TR1,4.886957809556234,15.769760434552277,19.014652077609615,12.902522792067039,9.722557316791518,0.05253056834490074,0.03462434757486514,0.07683827486762476,1.5234277070212134,4.007564526277621,2.630623368478499,-11429.501696027117,11453.7437056934,259933.15532290886,4.0,0.8474581546898737,True,4796,0.026109205727040122,0.05688790897708095,0.05196918721759486,0.0579996189231858,0.05746088518699983,0.5023978077186573,0.4121386605436585,0.6069620847193342,0.45438224005896743,1.0,1.0,0,REFUTED,refuted_by:C2.TR<N1_p95+C2.maxT<1.5&CIhi<2,BH family=PRIMARY+ARM(14)
GB1_IgG-Fc_fitness_1FCC,latent,sigma,183690,0.0,1.7790024230748254,5.618713573520613,8.693909784664982,TR1,4.886957809556234,15.769760434552277,19.014652077609615,12.902522792067039,9.722557316791518,0.05253056834490074,0.03462434757486514,0.07683827486762476,1.5234277070212134,4.007564526277621,2.630623368478499,-11429.501696027117,11453.7437056934,259933.15532290886,5.0,1.059322693362342,True,2617,0.014246828896510425,0.04528071751320159,0.031434345908868205,0.0364998094615929,0.04564725896891503,0.4532249195772556,0.3553634875360075,0.5609097459337526,0.31210699652770524,1.0,1.0,0,REFUTED,refuted_by:C2.TR<N1_p95+C2.maxT<1.5&CIhi<2,BH family=PRIMARY+ARM(14)
GB1_IgG-Fc_fitness_1FCC,latent,sigma,183690,0.0,1.7790024230748254,5.618713573520613,8.693909784664982,TR1,4.886957809556234,15.769760434552277,19.014652077609615,12.902522792067039,9.722557316791518,0.05253056834490074,0.03462434757486514,0.07683827486762476,1.5234277070212134,4.007564526277621,2.630623368478499,-11429.501696027117,11453.7437056934,259933.15532290886,6.0,1.2711872320348105,True,1480,0.008057052643039905,0.036871386575208234,0.01779797484893026,0.021990309761010397,0.03711538461538462,0.45269491115862376,0.3351760642075074,0.5857559730691736,0.21708121110781087,1.0,1.0,0,REFUTED,refuted_by:C2.TR<N1_p95+C2.maxT<1.5&CIhi<2,BH family=PRIMARY+ARM(14)
GB1_IgG-Fc_fitness_1FCC,latent,sigma,183690,0.0,1.7790024230748254,5.618713573520613,8.693909784664982,TR1,4.886957809556234,15.769760434552277,19.014652077609615,12.902522792067039,9.722557316791518,0.05253056834490074,0.03462434757486514,0.07683827486762476,1.5234277070212134,4.007564526277621,2.630623368478499,-11429.501696027117,11453.7437056934,259933.15532290886,8.0,1.6949163093797475,True,335,0.0018237247536610594,0.024699357613370353,0.006240296151124176,0.008532582067613915,0.024735859328216012,0.29224971211222395,0.18831613678819809,0.41345409464451605,0.07372797239272581,1.0,1.0,0,REFUTED,refuted_by:C2.TR<N1_p95+C2.maxT<1.5&CIhi<2,BH family=PRIMARY+ARM(14)
GB1_IgG-Fc_fitness_1FCC,latent,MAD,183690,0.0,2.764071775624661,25.996536075418373,35.40866724505277,TR1,12.810328428266178,15.034364948283637,15.554288946058733,13.942015410661167,10.309682075135422,0.18063763271886857,0.13255951339436406,0.23626591654387397,1.992726764534794,16.010045581955968,8.034240251544745,-215431.47277952475,215455.71478919103,299637.2479434723,2.0,0.3009502249785999,True,74033,0.40303228265011704,0.2217340356034624,0.23566737438075017,0.24114214165169578,0.22150590669062006,1.7101742814810161,1.49744385976872,1.953736851329712,1.8195103176776095,0.004975124378109453,0.011608623548922057,0,REFUTED,refuted_by:C2.TR<N1_p95+C2.maxT<1.5&CIhi<2,BH family=PRIMARY+ARM(14)
GB1_IgG-Fc_fitness_1FCC,latent,MAD,183690,0.0,2.764071775624661,25.996536075418373,35.40866724505277,TR1,12.810328428266178,15.034364948283637,15.554288946058733,13.942015410661167,10.309682075135422,0.18063763271886857,0.13255951339436406,0.23626591654387397,1.992726764534794,16.010045581955968,8.034240251544745,-215431.47277952475,215455.71478919103,299637.2479434723,3.0,0.45142533746789987,True,42011,0.22870597201807394,0.17017760901518864,0.173559148565518,0.17832462300615168,0.17044738417986824,1.3177408042638457,1.018422685230614,1.6601939926175047,1.3417980752155578,0.004975124378109453,0.013930348258706468,0,REFUTED,refuted_by:C2.TR<N1_p95+C2.maxT<1.5&CIhi<2,BH family=PRIMARY+ARM(14)
GB1_IgG-Fc_fitness_1FCC,latent,MAD,183690,0.0,2.764071775624661,25.996536075418373,35.40866724505277,TR1,12.810328428266178,15.034364948283637,15.554288946058733,13.942015410661167,10.309682075135422,0.18063763271886857,0.13255951339436406,0.23626591654387397,1.992726764534794,16.010045581955968,8.034240251544745,-215431.47277952475,215455.71478919103,299637.2479434723,4.0,0.6019004499571998,True,32179,0.17518101148674398,0.14159559584081877,0.14557169688061408,0.1503900593391039,0.14218762589144757,1.2034002161176496,0.9020153761469287,1.5560154766414365,1.232041187750649,0.004975124378109453,0.017412935323383085,0,REFUTED,refuted_by:C2.TR<N1_p95+C2.maxT<1.5&CIhi<2,BH family=PRIMARY+ARM(14)
GB1_IgG-Fc_fitness_1FCC,latent,MAD,183690,0.0,2.764071775624661,25.996536075418373,35.40866724505277,TR1,12.810328428266178,15.034364948283637,15.554288946058733,13.942015410661167,10.309682075135422,0.18063763271886857,0.13255951339436406,0.23626591654387397,1.992726764534794,16.010045581955968,8.034240251544745,-215431.47277952475,215455.71478919103,299637.2479434723,5.0,0.7523755624464998,True,27266,0.14843486308454462,0.12422314769448528,0.13110972290271655,0.13598671675104795,0.12497604660025041,1.13214229881855,0.8402295520320738,1.4739773784618773,1.1877065015452906,0.004975124378109453,0.017412935323383085,0,REFUTED,refuted_by:C2.TR<N1_p95+C2.maxT<1.5&CIhi<2,BH family=PRIMARY+ARM(14)
GB1_IgG-Fc_fitness_1FCC,latent,MAD,183690,0.0,2.764071775624661,25.996536075418373,35.40866724505277,TR1,12.810328428266178,15.034364948283637,15.554288946058733,13.942015410661167,10.309682075135422,0.18063763271886857,0.13255951339436406,0.23626591654387397,1.992726764534794,16.010045581955968,8.034240251544745,-215431.47277952475,215455.71478919103,299637.2479434723,6.0,0.9028506749357997,True,24380,0.1327236104306168,0.1131228972725788,0.12138867113070935,0.12606892046382492,0.11396445097718985,1.0933772418325776,0.8150027489802237,1.4186098102742641,1.1646053597641746,0.004975124378109453,0.023217247097844115,0,REFUTED,refuted_by:C2.TR<N1_p95+C2.maxT<1.5&CIhi<2,BH family=PRIMARY+ARM(14)
GB1_IgG-Fc_fitness_1FCC,latent,MAD,183690,0.0,2.764071775624661,25.996536075418373,35.40866724505277,TR1,12.810328428266178,15.034364948283637,15.554288946058733,13.942015410661167,10.309682075135422,0.18063763271886857,0.13255951339436406,0.23626591654387397,1.992726764534794,16.010045581955968,8.034240251544745,-215431.47277952475,215455.71478919103,299637.2479434723,8.0,1.2038008999143996,True,21180,0.11530295606728727,0.09629424574010562,0.10405857695029669,0.10967227393978986,0.09711086613315914,1.1080581672989958,0.8368106324006211,1.4302446943648184,1.1873332064527464,0.004975124378109453,0.023217247097844115,0,REFUTED,refuted_by:C2.TR<N1_p95+C2.maxT<1.5&CIhi<2,BH family=PRIMARY+ARM(14)
GB1_IgG-Fc_fitness_1FCC,raw,sigma,183690,0.0,1.2038485390643592,3.0810289241077573,5.270668239620102,TR1,4.378182195342038,9.457664655021253,10.027159407994047,8.469356459083476,5.7758565770831165,0.029278041315066606,0.019142502436167833,0.0414162864391878,1.0278008611853222,2.5741242378352123,2.5044970626572316,-5747.333088830812,5771.575098497095,92187.61265087785,2.0,0.35375724617532106,True,10896,0.059317328107137024,0.07465213130818227,0.059317328107137045,0.059317328107137024,0.07473452555936633,0.9999999999999997,0.8215565957178836,1.2010709176961003,0.793707160956251,1.0,1.0,0,REFUTED,,BH family=PRIMARY+ARM(14)
GB1_IgG-Fc_fitness_1FCC,raw,sigma,183690,0.0,1.2038485390643592,3.0810289241077573,5.270668239620102,TR1,4.378182195342038,9.457664655021253,10.027159407994047,8.469356459083476,5.7758565770831165,0.029278041315066606,0.019142502436167833,0.0414162864391878,1.0278008611853222,2.5741242378352123,2.5044970626572316,-5747.333088830812,5771.575098497095,92187.61265087785,3.0,0.5306358692629816,True,2062,0.01122543415537046,0.02761326147313408,0.011225434155370462,0.01122543415537046,0.02755833197234471,0.9999999999999999,0.7516977633490223,1.2727678962096656,0.4073335848713699,1.0,1.0,0,REFUTED,,BH family=PRIMARY+ARM(14)
GB1_IgG-Fc_fitness_1FCC,raw,sigma,183690,0.0,1.2038485390643592,3.0810289241077573,5.270668239620102,TR1,4.378182195342038,9.457664655021253,10.027159407994047,8.469356459083476,5.7758565770831165,0.029278041315066606,0.019142502436167833,0.0414162864391878,1.0278008611853222,2.5741242378352123,2.5044970626572316,-5747.333088830812,5771.575098497095,92187.61265087785,4.0,0.7075144923506421,True,639,0.003478686918177364,0.01663920191627198,0.0034786869181773626,0.003478686918177364,0.016509853557624257,1.0000000000000004,0.6560420503485569,1.3914306382746993,0.21070368104936368,1.0,1.0,0,REFUTED,,BH family=PRIMARY+ARM(14)
GB1_IgG-Fc_fitness_1FCC,raw,sigma,183690,0.0,1.2038485390643592,3.0810289241077573,5.270668239620102,TR1,4.378182195342038,9.457664655021253,10.027159407994047,8.469356459083476,5.7758565770831165,0.029278041315066606,0.019142502436167833,0.0414162864391878,1.0278008611853222,2.5741242378352123,2.5044970626572316,-5747.333088830812,5771.575098497095,92187.61265087785,5.0,0.8843931154383027,True,244,0.0013283248952038762,0.011462872230388155,0.0013283248952038764,0.0013283248952038762,0.011290761609232947,0.9999999999999999,0.5373307998635409,1.548076349635343,0.11764705882352942,1.0,1.0,0,REFUTED,,BH family=PRIMARY+ARM(14)
GB1_IgG-Fc_fitness_1FCC,raw,sigma,183690,0.0,1.2038485390643592,3.0810289241077573,5.270668239620102,TR1,4.378182195342038,9.457664655021253,10.027159407994047,8.469356459083476,5.7758565770831165,0.029278041315066606,0.019142502436167833,0.0414162864391878,1.0278008611853222,2.5741242378352123,2.5044970626572316,-5747.333088830812,5771.575098497095,92187.61265087785,6.0,1.0612717385259631,True,103,0.0005607273123196691,0.008130437149545429,0.000560727312319669,0.0005607273123196691,0.007945288257390168,1.0000000000000002,0.472804681583381,1.6304834240219643,0.07057356437610914,1.0,1.0,0,REFUTED,,BH family=PRIMARY+ARM(14)
GB1_IgG-Fc_fitness_1FCC,raw,sigma,183690,0.0,1.2038485390643592,3.0810289241077573,5.270668239620102,TR1,4.378182195342038,9.457664655021253,10.027159407994047,8.469356459083476,5.7758565770831165,0.029278041315066606,0.019142502436167833,0.0414162864391878,1.0278008611853222,2.5741242378352123,2.5044970626572316,-5747.333088830812,5771.575098497095,92187.61265087785,8.0,1.4150289847012842,True,17,9.254722630518808e-05,0.0035873754695410743,9.254722630518807e-05,9.254722630518808e-05,0.003405329631444281,1.0000000000000002,0.37869420874231996,1.734418433578289,0.027177171176211982,1.0,1.0,0,REFUTED,,BH family=PRIMARY+ARM(14)
GB1_IgG-Fc_fitness_1FCC,raw,MAD,183690,0.0,1.833910920765663,7.374293006689867,10.889425775537,TR1,5.937816091411154,8.16742464895879,8.329825929047454,7.831823750427564,8.540644493609992,0.33725185636159677,0.2711456988985763,0.40785883671807793,1.05001868223916,3.300089201318827,3.1428861763501224,-41388.688296126085,41412.93030579237,81031.3184562801,2.0,0.23298089319493234,True,41362,0.22517284555501116,0.11429487179487179,0.22517284555501108,0.22517284555501116,0.11350342969132779,1.0000000000000004,0.8144421490534879,1.2126168092215397,1.9838417761240166,1.0,1.0,0,REFUTED,,BH family=PRIMARY+ARM(14)
GB1_IgG-Fc_fitness_1FCC,raw,MAD,183690,0.0,1.833910920765663,7.374293006689867,10.889425775537,TR1,5.937816091411154,8.16742464895879,8.329825929047454,7.831823750427564,8.540644493609992,0.33725185636159677,0.2711456988985763,0.40785883671807793,1.05001868223916,3.300089201318827,3.1428861763501224,-41388.688296126085,41412.93030579237,81031.3184562801,3.0,0.3494713397923985,True,22795,0.12409494256628015,0.04869023898960204,0.12409494256628013,0.12409494256628015,0.04819010289073983,1.0000000000000002,0.7769801276376579,1.2586877625535766,2.5751126294052,1.0,1.0,0,REFUTED,,BH family=PRIMARY+ARM(14)
GB1_IgG-Fc_fitness_1FCC,raw,MAD,183690,0.0,1.833910920765663,7.374293006689867,10.889425775537,TR1,5.937816091411154,8.16742464895879,8.329825929047454,7.831823750427564,8.540644493609992,0.33725185636159677,0.2711456988985763,0.40785883671807793,1.05001868223916,3.300089201318827,3.1428861763501224,-41388.688296126085,41412.93030579237,81031.3184562801,4.0,0.4659617863898647,True,12465,0.06785889269965703,0.02472450868310741,0.06785889269965704,0.06785889269965703,0.024468425063966466,0.9999999999999998,0.7420517657567346,1.2993340511147946,2.773324908417981,1.0,1.0,0,REFUTED,,BH family=PRIMARY+ARM(14)
GB1_IgG-Fc_fitness_1FCC,raw,MAD,183690,0.0,1.833910920765663,7.374293006689867,10.889425775537,TR1,5.937816091411154,8.16742464895879,8.329825929047454,7.831823750427564,8.540644493609992,0.33725185636159677,0.2711456988985763,0.40785883671807793,1.05001868223916,3.300089201318827,3.1428861763501224,-41388.688296126085,41412.93030579237,81031.3184562801,5.0,0.5824522329873308,True,7066,0.038466982416027,0.014756600794817356,0.038466982416026994,0.038466982416027,0.014612227121781262,1.0000000000000002,0.7211830244353348,1.3151708489621137,2.6325201555817177,1.0,1.0,0,REFUTED,,BH family=PRIMARY+ARM(14)
GB1_IgG-Fc_fitness_1FCC,raw,MAD,183690,0.0,1.833910920765663,7.374293006689867,10.889425775537,TR1,5.937816091411154,8.16742464895879,8.329825929047454,7.831823750427564,8.540644493609992,0.33725185636159677,0.2711456988985763,0.40785883671807793,1.05001868223916,3.300089201318827,3.1428861763501224,-41388.688296126085,41412.93030579237,81031.3184562801,6.0,0.698942679584797,True,4028,0.021928248679841035,0.010114377483804235,0.02192824867984103,0.021928248679841035,0.009826365071588001,1.0000000000000002,0.69821790492419,1.3168679363414018,2.2315727657264106,1.0,1.0,0,REFUTED,,BH family=PRIMARY+ARM(14)
GB1_IgG-Fc_fitness_1FCC,raw,MAD,183690,0.0,1.833910920765663,7.374293006689867,10.889425775537,TR1,5.937816091411154,8.16742464895879,8.329825929047454,7.831823750427564,8.540644493609992,0.33725185636159677,0.2711456988985763,0.40785883671807793,1.05001868223916,3.300089201318827,3.1428861763501224,-41388.688296126085,41412.93030579237,81031.3184562801,8.0,0.9319235727797294,True,1213,0.006603516794599597,0.005046600250421906,0.006603516794599597,0.006603516794599597,0.004839947738036909,1.0,0.6856040870421642,1.3320451159912567,1.3643777065406897,1.0,1.0,0,REFUTED,,BH family=PRIMARY+ARM(14)
GB1_IgG-Fc_fitness_1FCC_2016,latent,sigma,52149,0.0,1.130978344062954,3.2024942812762833,4.357970748371255,TR1,3.8532751500047078,5.387653841757745,5.877343633877388,4.704857594361172,4.209275948959998,0.541946969250907,0.4158370583262282,0.5826408026897957,0.6193087688873536,1.3374906736940742,2.159650792765298,-2369.686378473678,2391.410099043249,7983.178160910305,2.0,0.8065349068628802,True,3698,0.07091219390592342,0.12022052196590538,0.0977606473757886,0.10002492857005887,0.027429480910468082,0.7253654288247433,0.3438869743054725,0.953450644017614,2.5852546804435064,1.0,1.0,0,REFUTED,refuted_by:C2.TR<N1_p95,BH family=PRIMARY+ARM(14)
GB1_IgG-Fc_fitness_1FCC_2016,latent,sigma,52149,0.0,1.130978344062954,3.2024942812762833,4.357970748371255,TR1,3.8532751500047078,5.387653841757745,5.877343633877388,4.704857594361172,4.209275948959998,0.541946969250907,0.4158370583262282,0.5826408026897957,0.6193087688873536,1.3374906736940742,2.159650792765298,-2369.686378473678,2391.410099043249,7983.178160910305,3.0,1.2098023602943204,True,749,0.014362691518533434,0.040040652745019084,0.02306189955703848,0.024337954706705783,0.0017253446854206217,0.622788746564892,0.2711069866361203,0.8330585768593558,8.324534592942484,1.0,1.0,0,REFUTED,refuted_by:C2.TR<N1_p95,BH family=PRIMARY+ARM(14)
GB1_IgG-Fc_fitness_1FCC_2016,latent,sigma,52149,0.0,1.130978344062954,3.2024942812762833,4.357970748371255,TR1,3.8532751500047078,5.387653841757745,5.877343633877388,4.704857594361172,4.209275948959998,0.541946969250907,0.4158370583262282,0.5826408026897957,0.6193087688873536,1.3374906736940742,2.159650792765298,-2369.686378473678,2391.410099043249,7983.178160910305,4.0,1.6130698137257604,True,102,0.001955933958465167,0.014460871732919135,0.004574200847571382,0.0051007689505072,8.073021534449364e-05,0.4276012408820324,0.06722208455526514,0.7925584374112827,24.22802850356295,1.0,1.0,0,REFUTED,refuted_by:C2.TR<N1_p95,BH family=PRIMARY+ARM(14)
GB1_IgG-Fc_fitness_1FCC_2016,latent,sigma,52149,0.0,1.130978344062954,3.2024942812762833,4.357970748371255,TR1,3.8532751500047078,5.387653841757745,5.877343633877388,4.704857594361172,4.209275948959998,0.541946969250907,0.4158370583262282,0.5826408026897957,0.6193087688873536,1.3374906736940742,2.159650792765298,-2369.686378473678,2391.410099043249,7983.178160910305,5.0,2.0163372671572004,True,12,0.00023010987746649024,0.005212276361962837,0.0006861109513125851,0.0009012636867437535,2.780494352720091e-06,0.3353828954723309,0.0,0.8129031674768343,82.75862068965516,1.0,1.0,0,REFUTED,refuted_by:C2.TR<N1_p95,BH family=PRIMARY+ARM(14)
GB1_IgG-Fc_fitness_1FCC_2016,latent,sigma,52149,0.0,1.130978344062954,3.2024942812762833,4.357970748371255,TR1,3.8532751500047078,5.387653841757745,5.877343633877388,4.704857594361172,4.209275948959998,0.541946969250907,0.4158370583262282,0.5826408026897957,0.6193087688873536,1.3374906736940742,2.159650792765298,-2369.686378473678,2391.410099043249,7983.178160910305,6.0,2.419604720588641,True,0,0.0,0.0018308117125927631,7.305988609561064e-05,0.00015340658497766017,0.0,0.0,0.0,0.0,,1.0,1.0,0,REFUTED,refuted_by:C2.TR<N1_p95,BH family=PRIMARY+ARM(14)
GB1_IgG-Fc_fitness_1FCC_2016,latent,sigma,52149,0.0,1.130978344062954,3.2024942812762833,4.357970748371255,TR1,3.8532751500047078,5.387653841757745,5.877343633877388,4.704857594361172,4.209275948959998,0.541946969250907,0.4158370583262282,0.5826408026897957,0.6193087688873536,1.3374906736940742,2.159650792765298,-2369.686378473678,2391.410099043249,7983.178160910305,8.0,3.226139627451521,True,0,0.0,0.0001902241653722986,0.0,0.0,0.0,,,,,1.0,1.0,0,REFUTED,refuted_by:C2.TR<N1_p95,BH family=PRIMARY+ARM(14)
GB1_IgG-Fc_fitness_1FCC_2016,latent,MAD,52149,0.0,1.3023319157796807,3.353037332295146,4.140337155658995,TR1,3.1791719956277475,3.5155891270912907,3.5913745727938617,3.371677127876719,3.6886879087195195,0.7217474582968587,0.5913327258824532,0.7972917238551848,0.49381579672229087,1.3775153804541356,2.789532837137679,-2206.270131124911,2227.993851694482,970.1389400771029,2.0,0.7868100858492146,True,5624,0.1078448292392951,0.07017814339680531,0.07087240407294484,0.07377418550691289,0.07017871867149897,1.5216758998085727,0.8792904688529727,1.905756881369935,1.5367169888653598,0.004975124378109453,0.011608623548922057,3,REFUTED,refuted_by:C2.TR<N1_p95,BH family=PRIMARY+ARM(14)
GB1_IgG-Fc_fitness_1FCC_2016,latent,MAD,52149,0.0,1.3023319157796807,3.353037332295146,4.140337155658995,TR1,3.1791719956277475,3.5155891270912907,3.5913745727938617,3.371677127876719,3.6886879087195195,0.7217474582968587,0.5913327258824532,0.7972917238551848,0.49381579672229087,1.3775153804541356,2.789532837137679,-2206.270131124911,2227.993851694482,970.1389400771029,3.0,1.1802151287738218,True,1139,0.021841262536194367,0.010446509041400603,0.006614029032196207,0.007461312776850945,0.010520144202189878,3.302262876360843,0.8135779275233798,4.790242696395939,2.076137181812382,0.004975124378109453,0.013930348258706468,3,REFUTED,refuted_by:C2.TR<N1_p95,BH family=PRIMARY+ARM(14)
GB1_IgG-Fc_fitness_1FCC_2016,latent,MAD,52149,0.0,1.3023319157796807,3.353037332295146,4.140337155658995,TR1,3.1791719956277475,3.5155891270912907,3.5913745727938617,3.371677127876719,3.6886879087195195,0.7217474582968587,0.5913327258824532,0.7972917238551848,0.49381579672229087,1.3775153804541356,2.789532837137679,-2206.270131124911,2227.993851694482,970.1389400771029,4.0,1.5736201716984293,True,86,0.0016491207885098468,0.0013811386603769969,0.0002924313026136647,0.000441043931810773,0.0011283054325106907,5.639344262295082,0.3504952142035616,11.091263999908028,1.461590754588715,0.004975124378109453,0.017412935323383085,3,REFUTED,refuted_by:C2.TR<N1_p95,BH family=PRIMARY+ARM(14)
GB1_IgG-Fc_fitness_1FCC_2016,latent,MAD,52149,0.0,1.3023319157796807,3.353037332295146,4.140337155658995,TR1,3.1791719956277475,3.5155891270912907,3.5913745727938617,3.371677127876719,3.6886879087195195,0.7217474582968587,0.5913327258824532,0.7972917238551848,0.49381579672229087,1.3775153804541356,2.789532837137679,-2206.270131124911,2227.993851694482,970.1389400771029,5.0,1.9670252146230367,True,3,5.752746936662256e-05,0.00011179504880246983,3.5475272776083912e-06,1.917582312220752e-05,0.00010546702717214134,16.216216216216218,0.0,31.775667580363386,0.5454545454545455,0.004975124378109453,0.017412935323383085,3,REFUTED,refuted_by:C2.TR<N1_p95,BH family=PRIMARY+ARM(14)
GB1_IgG-Fc_fitness_1FCC_2016,latent,MAD,52149,0.0,1.3023319157796807,3.353037332295146,4.140337155658995,TR1,3.1791719956277475,3.5155891270912907,3.5913745727938617,3.371677127876719,3.6886879087195195,0.7217474582968587,0.5913327258824532,0.7972917238551848,0.49381579672229087,1.3775153804541356,2.789532837137679,-2206.270131124911,2227.993851694482,970.1389400771029,6.0,2.3604302575476437,True,0,0.0,1.9175823122207523e-06,0.0,0.0,8.34148305816027e-06,,,,0.0,1.0,1.0,3,REFUTED,refuted_by:C2.TR<N1_p95,BH family=PRIMARY+ARM(14)
GB1_IgG-Fc_fitness_1FCC_2016,latent,MAD,52149,0.0,1.3023319157796807,3.353037332295146,4.140337155658995,TR1,3.1791719956277475,3.5155891270912907,3.5913745727938617,3.371677127876719,3.6886879087195195,0.7217474582968587,0.5913327258824532,0.7972917238551848,0.49381579672229087,1.3775153804541356,2.789532837137679,-2206.270131124911,2227.993851694482,970.1389400771029,8.0,3.1472403433968585,True,0,0.0,0.0,0.0,0.0,9.58791156110376e-08,,,,0.0,1.0,1.0,3,REFUTED,refuted_by:C2.TR<N1_p95,BH family=PRIMARY+ARM(14)
GB1_IgG-Fc_fitness_1FCC_2016,raw,sigma,52149,0.0,1.1082561841599603,4.777068492087702,7.427626019670533,TR1,6.702083981873333,11.565437811647993,11.704517608112145,10.882250135499822,9.465649255737123,0.18226273603195756,0.12938927361006444,0.2241156700104795,0.7888134104251299,2.445004198659355,3.0995976568674504,-12508.720652911725,12530.444373481296,30631.28428648726,2.0,0.9616983102365323,True,4536,0.08698153368233331,0.11223954438244263,0.08698153368233331,0.08698153368233331,0.08591334445531074,1.0,0.400643228757819,1.4531855481961258,1.0124333330729338,1.0,1.0,0,REFUTED,,BH family=PRIMARY+ARM(14)
GB1_IgG-Fc_fitness_1FCC_2016,raw,sigma,52149,0.0,1.1082561841599603,4.777068492087702,7.427626019670533,TR1,6.702083981873333,11.565437811647993,11.704517608112145,10.882250135499822,9.465649255737123,0.18226273603195756,0.12938927361006444,0.2241156700104795,0.7888134104251299,2.445004198659355,3.0995976568674504,-12508.720652911725,12530.444373481296,30631.28428648726,3.0,1.4425474653547985,True,1765,0.033845327810696275,0.05158238892404457,0.033845327810696275,0.033845327810696275,0.03425032119503729,1.0,0.325548493929158,1.4409188336713181,0.9881754865294606,1.0,1.0,0,REFUTED,,BH family=PRIMARY+ARM(14)
GB1_IgG-Fc_fitness_1FCC_2016,raw,sigma,52149,0.0,1.1082561841599603,4.777068492087702,7.427626019670533,TR1,6.702083981873333,11.565437811647993,11.704517608112145,10.882250135499822,9.465649255737123,0.18226273603195756,0.12938927361006444,0.2241156700104795,0.7888134104251299,2.445004198659355,3.0995976568674504,-12508.720652911725,12530.444373481296,30631.28428648726,4.0,1.9233966204730646,True,871,0.01670214193944275,0.029531726399355692,0.01670214193944275,0.01670214193944275,0.01578803045120712,1.0,0.25160405589067386,1.4474644581874396,1.0578990198340883,1.0,1.0,0,REFUTED,,BH family=PRIMARY+ARM(14)
GB1_IgG-Fc_fitness_1FCC_2016,raw,sigma,52149,0.0,1.1082561841599603,4.777068492087702,7.427626019670533,TR1,6.702083981873333,11.565437811647993,11.704517608112145,10.882250135499822,9.465649255737123,0.18226273603195756,0.12938927361006444,0.2241156700104795,0.7888134104251299,2.445004198659355,3.0995976568674504,-12508.720652911725,12530.444373481296,30631.28428648726,5.0,2.4042457755913307,True,459,0.008801702813093252,0.019744290398665366,0.008801702813093252,0.008801702813093252,0.008284243226140482,1.0,0.09898244475193176,1.538716618321962,1.0624631089198293,1.0,1.0,0,REFUTED,,BH family=PRIMARY+ARM(14)
GB1_IgG-Fc_fitness_1FCC_2016,raw,sigma,52149,0.0,1.1082561841599603,4.777068492087702,7.427626019670533,TR1,6.702083981873333,11.565437811647993,11.704517608112145,10.882250135499822,9.465649255737123,0.18226273603195756,0.12938927361006444,0.2241156700104795,0.7888134104251299,2.445004198659355,3.0995976568674504,-12508.720652911725,12530.444373481296,30631.28428648726,6.0,2.885094930709597,True,206,0.0039502195631747495,0.014274195094824447,0.003950219563174749,0.0039502195631747495,0.004890410170856584,1.0000000000000002,0.06486713612383879,1.5591140940316075,0.8077481080657178,1.0,1.0,0,REFUTED,,BH family=PRIMARY+ARM(14)
GB1_IgG-Fc_fitness_1FCC_2016,raw,sigma,52149,0.0,1.1082561841599603,4.777068492087702,7.427626019670533,TR1,6.702083981873333,11.565437811647993,11.704517608112145,10.882250135499822,9.465649255737123,0.18226273603195756,0.12938927361006444,0.2241156700104795,0.7888134104251299,2.445004198659355,3.0995976568674504,-12508.720652911725,12530.444373481296,30631.28428648726,8.0,3.846793240946129,True,28,0.0005369230474218105,0.007989606703867762,0.0005369230474218103,0.0005369230474218105,0.002174825979405166,1.0000000000000004,0.09544735743936282,1.9631965791550712,0.24688092404002995,1.0,1.0,0,REFUTED,,BH family=PRIMARY+ARM(14)
GB1_IgG-Fc_fitness_1FCC_2016,raw,MAD,52149,0.0,1.5806789127746892,5.1860382951656385,6.887323271314248,TR1,4.3571931121826575,3.7211245794909913,3.755527671356036,3.6252747954834086,5.152695956524408,0.5508239200967455,0.36765237409184276,0.7105489746879068,0.5253614925314996,2.1583937080783993,4.108397244110895,-11413.96004899341,11435.68376956298,6377.641779208142,2.0,0.7502079185721985,True,9825,0.1884024621756889,0.14199802489021843,0.18840246217568887,0.1884024621756889,0.17534602772824023,1.0000000000000002,0.4373966230381547,1.4973562353606666,1.0744609650791985,1.0,1.0,0,REFUTED,,BH family=PRIMARY+ARM(14)
GB1_IgG-Fc_fitness_1FCC_2016,raw,MAD,52149,0.0,1.5806789127746892,5.1860382951656385,6.887323271314248,TR1,4.3571931121826575,3.7211245794909913,3.755527671356036,3.6252747954834086,5.152695956524408,0.5508239200967455,0.36765237409184276,0.7105489746879068,0.5253614925314996,2.1583937080783993,4.108397244110895,-11413.96004899341,11435.68376956298,6377.641779208142,3.0,1.1253118778582978,True,4649,0.08914840169514276,0.04435089838731328,0.08914840169514275,0.08914840169514276,0.0779543231893229,1.0000000000000002,0.3236464062538428,1.6218028242847151,1.1435979179581035,1.0,1.0,0,REFUTED,,BH family=PRIMARY+ARM(14)
GB1_IgG-Fc_fitness_1FCC_2016,raw,MAD,52149,0.0,1.5806789127746892,5.1860382951656385,6.887323271314248,TR1,4.3571931121826575,3.7211245794909913,3.755527671356036,3.6252747954834086,5.152695956524408,0.5508239200967455,0.36765237409184276,0.7105489746879068,0.5253614925314996,2.1583937080783993,4.108397244110895,-11413.96004899341,11435.68376956298,6377.641779208142,4.0,1.500415837144397,True,1921,0.03683675621776065,0.01101823620778922,0.036836756217760655,0.03683675621776065,0.030125985157912902,0.9999999999999998,0.19477024526928785,1.7542338478968733,1.2227568998879723,1.0,1.0,0,REFUTED,,BH family=PRIMARY+ARM(14)
GB1_IgG-Fc_fitness_1FCC_2016,raw,MAD,52149,0.0,1.5806789127746892,5.1860382951656385,6.887323271314248,TR1,4.3571931121826575,3.7211245794909913,3.755527671356036,3.6252747954834086,5.152695956524408,0.5508239200967455,0.36765237409184276,0.7105489746879068,0.5253614925314996,2.1583937080783993,4.108397244110895,-11413.96004899341,11435.68376956298,6377.641779208142,5.0,1.8755197964304962,True,666,0.012771098199390209,0.001558419145141805,0.012771098199390209,0.012771098199390209,0.009340064047249227,1.0,0.08828163991388507,1.8647099456058343,1.3673458912898426,1.0,1.0,0,REFUTED,,BH family=PRIMARY+ARM(14)
GB1_IgG-Fc_fitness_1FCC_2016,raw,MAD,52149,0.0,1.5806789127746892,5.1860382951656385,6.887323271314248,TR1,4.3571931121826575,3.7211245794909913,3.755527671356036,3.6252747954834086,5.152695956524408,0.5508239200967455,0.36765237409184276,0.7105489746879068,0.5253614925314996,2.1583937080783993,4.108397244110895,-11413.96004899341,11435.68376956298,6377.641779208142,6.0,2.2506237557165956,True,163,0.003125659168919826,8.322307235038062e-05,0.003125659168919826,0.003125659168919826,0.0023699399796736275,1.0,0.14756278573447495,1.8229506615667108,1.318876931790598,1.0,1.0,0,REFUTED,,BH family=PRIMARY+ARM(14)
GB1_IgG-Fc_fitness_1FCC_2016,raw,MAD,52149,0.0,1.5806789127746892,5.1860382951656385,6.887323271314248,TR1,4.3571931121826575,3.7211245794909913,3.755527671356036,3.6252747954834086,5.152695956524408,0.5508239200967455,0.36765237409184276,0.7105489746879068,0.5253614925314996,2.1583937080783993,4.108397244110895,-11413.96004899341,11435.68376956298,6377.641779208142,8.0,3.000831674288794,True,9,0.00017258240809986768,0.0,0.00017258240809986766,0.00017258240809986768,9.693378588275899e-05,1.0000000000000002,0.0,2.154494469060825,1.7804154302670627,1.0,1.0,0,REFUTED,,BH family=PRIMARY+ARM(14)
KRAS_PICK3CG-RBD_norfitness_1HE8,latent,sigma,32524,0.0,1.402059299465148,4.480278854352105,7.985730939811599,TR1,5.695715539890477,5.403016467976017,5.595169306431184,4.928533348839113,14.350417022527736,0.08950074126838362,0.061507891566352856,0.1174697725930765,1.1274722711016065,3.0601105881600197,2.7141337898892286,-3833.055554060731,3853.835021175386,3371.019137464254,2.0,0.2601025474199552,True,3712,0.11413110318534006,0.10753274504980936,0.17145738531545937,0.19941735333907268,0.10813015004304515,0.6656528849740337,0.5978863690089848,0.7382419069093614,1.0554975012973349,1.0,1.0,0,INCONCLUSIVE,support_failed:C2.2_tau_run_sigma+C2.2_tau_run_MAD+C2.3_mixture,BH family=PRIMARY+ARM(14)
KRAS_PICK3CG-RBD_norfitness_1HE8,latent,sigma,32524,0.0,1.402059299465148,4.480278854352105,7.985730939811599,TR1,5.695715539890477,5.403016467976017,5.595169306431184,4.928533348839113,14.350417022527736,0.08950074126838362,0.061507891566352856,0.1174697725930765,1.1274722711016065,3.0601105881600197,2.7141337898892286,-3833.055554060731,3853.835021175386,3371.019137464254,3.0,0.3901538211299328,True,1227,0.03772598696347313,0.0317225740991268,0.06950713319394908,0.09387682941827566,0.03196823883901119,0.542764249220357,0.46386121891092386,0.6221504133115208,1.1801083930039868,1.0,1.0,0,INCONCLUSIVE,support_failed:C2.2_tau_run_sigma+C2.2_tau_run_MAD+C2.3_mixture,BH family=PRIMARY+ARM(14)
KRAS_PICK3CG-RBD_norfitness_1HE8,latent,sigma,32524,0.0,1.402059299465148,4.480278854352105,7.985730939811599,TR1,5.695715539890477,5.403016467976017,5.595169306431184,4.928533348839113,14.350417022527736,0.08950074126838362,0.061507891566352856,0.1174697725930765,1.1274722711016065,3.0601105881600197,2.7141337898892286,-3833.055554060731,3853.835021175386,3371.019137464254,4.0,0.5202050948399104,True,490,0.01506579756487517,0.011151611117943671,0.03361840487024966,0.055362194072069854,0.011188506948714795,0.4481413565879066,0.35204419436598144,0.5477045096453393,1.3465422718091757,1.0,1.0,0,INCONCLUSIVE,support_failed:C2.2_tau_run_sigma+C2.2_tau_run_MAD+C2.3_mixture,BH family=PRIMARY+ARM(14)
KRAS_PICK3CG-RBD_norfitness_1HE8,latent,sigma,32524,0.0,1.402059299465148,4.480278854352105,7.985730939811599,TR1,5.695715539890477,5.403016467976017,5.595169306431184,4.928533348839113,14.350417022527736,0.08950074126838362,0.061507891566352856,0.1174697725930765,1.1274722711016065,3.0601105881600197,2.7141337898892286,-3833.055554060731,3853.835021175386,3371.019137464254,5.0,0.650256368549888,True,219,0.006733489115729923,0.004332031730414463,0.019061769770015988,0.03692042799163694,0.004310662895092855,0.3532457477438243,0.26253601040974334,0.44546239446423574,1.5620542082738944,1.0,1.0,0,INCONCLUSIVE,support_failed:C2.2_tau_run_sigma+C2.2_tau_run_MAD+C2.3_mixture,BH family=PRIMARY+ARM(14)
KRAS_PICK3CG-RBD_norfitness_1HE8,latent,sigma,32524,0.0,1.402059299465148,4.480278854352105,7.985730939811599,TR1,5.695715539890477,5.403016467976017,5.595169306431184,4.928533348839113,14.350417022527736,0.08950074126838362,0.061507891566352856,0.1174697725930765,1.1274722711016065,3.0601105881600197,2.7141337898892286,-3833.055554060731,3853.835021175386,3371.019137464254,6.0,0.7803076422598656,True,106,0.003259131718115853,0.0018263436231705816,0.01253151518878367,0.026838642233427613,0.0018135838150289017,0.26007483285284916,0.18120193555775238,0.34994948793505526,1.7970670509451556,1.0,1.0,0,INCONCLUSIVE,support_failed:C2.2_tau_run_sigma+C2.2_tau_run_MAD+C2.3_mixture,BH family=PRIMARY+ARM(14)
KRAS_PICK3CG-RBD_norfitness_1HE8,latent,sigma,32524,0.0,1.402059299465148,4.480278854352105,7.985730939811599,TR1,5.695715539890477,5.403016467976017,5.595169306431184,4.928533348839113,14.350417022527736,0.08950074126838362,0.061507891566352856,0.1174697725930765,1.1274722711016065,3.0601105881600197,2.7141337898892286,-3833.055554060731,3853.835021175386,3371.019137464254,8.0,1.0404101896798208,True,33,0.0010146353462058787,0.00039324806296888446,0.0068870680113147205,0.020205079326036154,0.00037971959168613947,0.14732471706957745,0.08559521150812421,0.21777223840401608,2.672064777327935,1.0,1.0,0,INCONCLUSIVE,support_failed:C2.2_tau_run_sigma+C2.2_tau_run_MAD+C2.3_mixture,BH family=PRIMARY+ARM(14)
KRAS_PICK3CG-RBD_norfitness_1HE8,latent,MAD,32524,0.0,1.622521238124251,8.12672246068177,12.472996091195766,TR1,7.687416224896648,7.610586224271086,7.827569217915287,7.2439755574615905,9.762305943815138,0.3328063554776503,0.2762774177379884,0.3927073497510407,0.7902464043745887,3.667442146975117,4.640884319970527,-15656.872825949351,15677.652293064006,13398.743290821674,2.0,0.3307068428896513,True,6623,0.2036342393309556,0.16266603123847007,0.18569763866683067,0.2012729061616037,0.16175578034682084,1.0965903540448667,0.8799011518981515,1.3256208158377742,1.2588993042124559,0.04975124378109453,0.06965174129353234,0,INCONCLUSIVE,support_failed:C2.2_tau_run_sigma+C2.2_tau_run_MAD+C2.3_mixture,BH family=PRIMARY+ARM(14)
KRAS_PICK3CG-RBD_norfitness_1HE8,latent,MAD,32524,0.0,1.622521238124251,8.12672246068177,12.472996091195766,TR1,7.687416224896648,7.610586224271086,7.827569217915287,7.2439755574615905,9.762305943815138,0.3328063554776503,0.2762774177379884,0.3927073497510407,0.7902464043745887,3.667442146975117,4.640884319970527,-15656.872825949351,15677.652293064006,13398.743290821674,3.0,0.4960602643344769,True,4190,0.128827942442504,0.08334737424671011,0.10928022383470669,0.12446962243266511,0.08286895830771122,1.178877000081593,0.8977914956184465,1.466801532986252,1.5545983088641788,0.03482587064676617,0.054173576561636266,0,INCONCLUSIVE,support_failed:C2.2_tau_run_sigma+C2.2_tau_run_MAD+C2.3_mixture,BH family=PRIMARY+ARM(14)
KRAS_PICK3CG-RBD_norfitness_1HE8,latent,MAD,32524,0.0,1.622521238124251,8.12672246068177,12.472996091195766,TR1,7.687416224896648,7.610586224271086,7.827569217915287,7.2439755574615905,9.762305943815138,0.3328063554776503,0.2762774177379884,0.3927073497510407,0.7902464043745887,3.667442146975117,4.640884319970527,-15656.872825949351,15677.652293064006,13398.743290821674,4.0,0.6614136857793026,True,2756,0.08473742467101218,0.04484964948960767,0.06262682941827574,0.07632671258147827,0.044844730045504856,1.353053083768027,0.9868881749247602,1.7217604698894806,1.8895737489115756,0.014925373134328358,0.041791044776119404,0,INCONCLUSIVE,support_failed:C2.2_tau_run_sigma+C2.2_tau_run_MAD+C2.3_mixture,BH family=PRIMARY+ARM(14)
KRAS_PICK3CG-RBD_norfitness_1HE8,latent,MAD,32524,0.0,1.622521238124251,8.12672246068177,12.472996091195766,TR1,7.687416224896648,7.610586224271086,7.827569217915287,7.2439755574615905,9.762305943815138,0.3328063554776503,0.2762774177379884,0.3927073497510407,0.7902464043745887,3.667442146975117,4.640884319970527,-15656.872825949351,15677.652293064006,13398.743290821674,5.0,0.8267671072241283,True,1728,0.05312999631041692,0.024983396876152995,0.03343500184479154,0.0452634977247571,0.025102078465133442,1.5890531891414696,1.1362310321982791,2.0523519883651984,2.1165576541485995,0.009950248756218905,0.023217247097844115,0,INCONCLUSIVE,support_failed:C2.2_tau_run_sigma+C2.2_tau_run_MAD+C2.3_mixture,BH family=PRIMARY+ARM(14)
KRAS_PICK3CG-RBD_norfitness_1HE8,latent,MAD,32524,0.0,1.622521238124251,8.12672246068177,12.472996091195766,TR1,7.687416224896648,7.610586224271086,7.827569217915287,7.2439755574615905,9.762305943815138,0.3328063554776503,0.2762774177379884,0.3927073497510407,0.7902464043745887,3.667442146975117,4.640884319970527,-15656.872825949351,15677.652293064006,13398.743290821674,6.0,0.9921205286689538,True,1048,0.0322223588734473,0.014173687123355061,0.016880150043045137,0.025931619726970827,0.014257471405731153,1.9088905484417404,1.305835237884182,2.534845155593448,2.2600332104116796,0.024875621890547265,0.06965174129353234,0,INCONCLUSIVE,support_failed:C2.2_tau_run_sigma+C2.2_tau_run_MAD+C2.3_mixture,BH family=PRIMARY+ARM(14)
KRAS_PICK3CG-RBD_norfitness_1HE8,latent,MAD,32524,0.0,1.622521238124251,8.12672246068177,12.472996091195766,TR1,7.687416224896648,7.610586224271086,7.827569217915287,7.2439755574615905,9.762305943815138,0.3328063554776503,0.2762774177379884,0.3927073497510407,0.7902464043745887,3.667442146975117,4.640884319970527,-15656.872825949351,15677.652293064006,13398.743290821674,8.0,1.3228273715586052,True,348,0.01069979092362563,0.004419351863239453,0.0034157852662649118,0.006038617636207104,0.004415354814905915,3.1324542058598497,1.9344837343839134,4.373066986074356,2.4233139514640856,0.01990049751243781,0.05572139303482587,0,INCONCLUSIVE,support_failed:C2.2_tau_run_sigma+C2.2_tau_run_MAD+C2.3_mixture,BH family=PRIMARY+ARM(14)
KRAS_PICK3CG-RBD_norfitness_1HE8,raw,sigma,32524,0.0,1.2515896781770524,4.294814794500625,7.423551922185791,TR1,5.931298453178551,7.348316449575286,7.584073828448206,6.761484690407401,9.263371657409275,0.15992448612187993,0.12406480148514845,0.1987122813191953,0.9426240638301782,2.415523097482917,2.562551912443108,-4220.957437817953,4241.736904932608,7156.466909885763,2.0,0.28968844770504526,True,3222,0.0990653056204649,0.11972743205017831,0.0990653056204649,0.0990653056204649,0.12061984995695486,1.0,0.8600500224378586,1.1381073440164138,0.8213018475468005,1.0,1.0,0,REFUTED,,BH family=PRIMARY+ARM(14)
KRAS_PICK3CG-RBD_norfitness_1HE8,raw,sigma,32524,0.0,1.2515896781770524,4.294814794500625,7.423551922185791,TR1,5.931298453178551,7.348316449575286,7.584073828448206,6.761484690407401,9.263371657409275,0.15992448612187993,0.12406480148514845,0.1987122813191953,0.9426240638301782,2.415523097482917,2.562551912443108,-4220.957437817953,4241.736904932608,7156.466909885763,3.0,0.4345326715575679,True,1045,0.032130119296519495,0.03855260730537449,0.03213011929651949,0.032130119296519495,0.03889681465994343,1.0000000000000002,0.8008669947314087,1.201725592190634,0.8260347171720366,1.0,1.0,0,REFUTED,,BH family=PRIMARY+ARM(14)
KRAS_PICK3CG-RBD_norfitness_1HE8,raw,sigma,32524,0.0,1.2515896781770524,4.294814794500625,7.423551922185791,TR1,5.931298453178551,7.348316449575286,7.584073828448206,6.761484690407401,9.263371657409275,0.15992448612187993,0.12406480148514845,0.1987122813191953,0.9426240638301782,2.415523097482917,2.562551912443108,-4220.957437817953,4241.736904932608,7156.466909885763,4.0,0.5793768954100905,True,405,0.012452342885253966,0.017853123847005287,0.012452342885253964,0.012452342885253966,0.017898321239699914,1.0000000000000002,0.7538866350510636,1.2542905722325413,0.695726862787202,1.0,1.0,0,REFUTED,,BH family=PRIMARY+ARM(14)
KRAS_PICK3CG-RBD_norfitness_1HE8,raw,sigma,32524,0.0,1.2515896781770524,4.294814794500625,7.423551922185791,TR1,5.931298453178551,7.348316449575286,7.584073828448206,6.761484690407401,9.263371657409275,0.15992448612187993,0.12406480148514845,0.1987122813191953,0.9426240638301782,2.415523097482917,2.562551912443108,-4220.957437817953,4241.736904932608,7156.466909885763,5.0,0.7242211192626131,True,186,0.005718853769524044,0.010187400073791661,0.005718853769524044,0.005718853769524044,0.010189706063214857,1.0,0.7241981151677418,1.2731043995511286,0.5612383452521046,1.0,1.0,0,REFUTED,,BH family=PRIMARY+ARM(14)
KRAS_PICK3CG-RBD_norfitness_1HE8,raw,sigma,32524,0.0,1.2515896781770524,4.294814794500625,7.423551922185791,TR1,5.931298453178551,7.348316449575286,7.584073828448206,6.761484690407401,9.263371657409275,0.15992448612187993,0.12406480148514845,0.1987122813191953,0.9426240638301782,2.415523097482917,2.562551912443108,-4220.957437817953,4241.736904932608,7156.466909885763,6.0,0.8690653431151358,True,79,0.0024289755257655885,0.006141003566596974,0.002428975525765588,0.0024289755257655885,0.0061202496617882175,1.0000000000000002,0.7095628901291574,1.3314888990115257,0.39687523548767933,1.0,1.0,0,REFUTED,,BH family=PRIMARY+ARM(14)
KRAS_PICK3CG-RBD_norfitness_1HE8,raw,sigma,32524,0.0,1.2515896781770524,4.294814794500625,7.423551922185791,TR1,5.931298453178551,7.348316449575286,7.584073828448206,6.761484690407401,9.263371657409275,0.15992448612187993,0.12406480148514845,0.1987122813191953,0.9426240638301782,2.415523097482917,2.562551912443108,-4220.957437817953,4241.736904932608,7156.466909885763,8.0,1.158753790820181,True,24,0.0007379166154224573,0.0022829295289632273,0.0007379166154224574,0.0007379166154224573,0.002231121633255442,0.9999999999999999,0.5065546368152989,1.571640234663631,0.3307379590711776,1.0,1.0,0,REFUTED,,BH family=PRIMARY+ARM(14)
KRAS_PICK3CG-RBD_norfitness_1HE8,raw,MAD,32524,0.0,1.321743764322055,4.840714278891461,7.865355446737753,TR1,5.950741481857512,7.520524667659023,7.654628203762448,7.020864904203893,8.925459406435042,0.24288679202322272,0.20187112961698117,0.28522275137533193,0.8880511108745326,2.404830075368909,2.707986112421713,-5443.141563614205,5463.9210307288595,8175.220578865392,2.0,0.2872120244272383,True,3924,0.12064936662157176,0.08809617513221006,0.12064936662157176,0.12064936662157176,0.0872165170335752,1.0,0.8362476984431619,1.1663966765072715,1.3833316294335178,1.0,1.0,0,REFUTED,,BH family=PRIMARY+ARM(14)
KRAS_PICK3CG-RBD_norfitness_1HE8,raw,MAD,32524,0.0,1.321743764322055,4.840714278891461,7.865355446737753,TR1,5.950741481857512,7.520524667659023,7.654628203762448,7.020864904203893,8.925459406435042,0.24288679202322272,0.20187112961698117,0.28522275137533193,0.8880511108745326,2.404830075368909,2.707986112421713,-5443.141563614205,5463.9210307288595,8175.220578865392,3.0,0.4308180366408575,True,1508,0.046365760669044395,0.030692258024843194,0.0463657606690444,0.046365760669044395,0.030383101709506824,0.9999999999999999,0.79322687237012,1.2078399363250942,1.5260377663988343,1.0,1.0,0,REFUTED,,BH family=PRIMARY+ARM(14)
KRAS_PICK3CG-RBD_norfitness_1HE8,raw,MAD,32524,0.0,1.321743764322055,4.840714278891461,7.865355446737753,TR1,5.950741481857512,7.520524667659023,7.654628203762448,7.020864904203893,8.925459406435042,0.24288679202322272,0.20187112961698117,0.28522275137533193,0.8880511108745326,2.404830075368909,2.707986112421713,-5443.141563614205,5463.9210307288595,8175.220578865392,4.0,0.5744240488544766,True,620,0.01906284589841348,0.015042891403271433,0.01906284589841348,0.01906284589841348,0.01503213011929652,1.0,0.7402634343945322,1.26518883100083,1.268140027203649,1.0,1.0,0,REFUTED,,BH family=PRIMARY+ARM(14)
KRAS_PICK3CG-RBD_norfitness_1HE8,raw,MAD,32524,0.0,1.321743764322055,4.840714278891461,7.865355446737753,TR1,5.950741481857512,7.520524667659023,7.654628203762448,7.020864904203893,8.925459406435042,0.24288679202322272,0.20187112961698117,0.28522275137533193,0.8880511108745326,2.404830075368909,2.707986112421713,-5443.141563614205,5463.9210307288595,8175.220578865392,5.0,0.7180300610680957,True,283,0.008701266756856476,0.008593961382363792,0.008701266756856478,0.008701266756856476,0.008517709998770138,0.9999999999999998,0.7077141978315248,1.286722235980032,1.021550012634011,1.0,1.0,0,REFUTED,,BH family=PRIMARY+ARM(14)
KRAS_PICK3CG-RBD_norfitness_1HE8,raw,MAD,32524,0.0,1.321743764322055,4.840714278891461,7.865355446737753,TR1,5.950741481857512,7.520524667659023,7.654628203762448,7.020864904203893,8.925459406435042,0.24288679202322272,0.20187112961698117,0.28522275137533193,0.8880511108745326,2.404830075368909,2.707986112421713,-5443.141563614205,5463.9210307288595,8175.220578865392,6.0,0.861636073281715,True,130,0.00399704833353831,0.004960798179805682,0.00399704833353831,0.00399704833353831,0.004888851309801993,1.0,0.6677682160292082,1.3205808816863416,0.8175843526933115,1.0,1.0,0,REFUTED,,BH family=PRIMARY+ARM(14)
KRAS_PICK3CG-RBD_norfitness_1HE8,raw,MAD,32524,0.0,1.321743764322055,4.840714278891461,7.865355446737753,TR1,5.950741481857512,7.520524667659023,7.654628203762448,7.020864904203893,8.925459406435042,0.24288679202322272,0.20187112961698117,0.28522275137533193,0.8880511108745326,2.404830075368909,2.707986112421713,-5443.141563614205,5463.9210307288595,8175.220578865392,8.0,1.1488480977089532,True,30,0.0009223957692780716,0.0015307157791169597,0.0009223957692780714,0.0009223957692780716,0.0014478538925101463,1.0000000000000002,0.5534204456420323,1.4674347706395903,0.6370779358674878,1.0,1.0,0,REFUTED,,BH family=PRIMARY+ARM(14)
KRAS_RAF1-RBD_norfitness_6VJJ,latent,sigma,40257,0.0,1.283022294525877,5.304838639636685,11.969232940961875,TR1,9.32893605358973,7.554315553678103,8.31176592342744,6.443307255077507,21.986845122157757,0.07809121867668806,0.06029594423892995,0.0976122929224436,1.0288579371233322,3.890059894267232,3.780949491572926,-11907.340959444264,11928.547037805809,11049.007992537663,2.0,0.2291892211395294,True,4055,0.10072782373251857,0.11147837643142808,0.17188054251434537,0.1986710385771418,0.11106329334028864,0.5860338945818239,0.5255230012707967,0.642413799672671,0.9069407245461103,1.0,1.0,0,INCONCLUSIVE,support_failed:C2.2_tau_run_sigma+C2.2_tau_run_MAD+C2.3_mixture,BH family=PRIMARY+ARM(14)
KRAS_RAF1-RBD_norfitness_6VJJ,latent,sigma,40257,0.0,1.283022294525877,5.304838639636685,11.969232940961875,TR1,9.32893605358973,7.554315553678103,8.31176592342744,6.443307255077507,21.986845122157757,0.07809121867668806,0.06029594423892995,0.0976122929224436,1.0288579371233322,3.890059894267232,3.780949491572926,-11907.340959444264,11928.547037805809,11049.007992537663,3.0,0.34378383170929405,True,1493,0.037086717837891546,0.03992460938470328,0.07727090940705965,0.0995988275330998,0.03956864644658072,0.47995705139848166,0.40090147230690426,0.5580419610162531,0.9372753725088908,1.0,1.0,0,INCONCLUSIVE,support_failed:C2.2_tau_run_sigma+C2.2_tau_run_MAD+C2.3_mixture,BH family=PRIMARY+ARM(14)
KRAS_RAF1-RBD_norfitness_6VJJ,latent,sigma,40257,0.0,1.283022294525877,5.304838639636685,11.969232940961875,TR1,9.32893605358973,7.554315553678103,8.31176592342744,6.443307255077507,21.986845122157757,0.07809121867668806,0.06029594423892995,0.0976122929224436,1.0288579371233322,3.890059894267232,3.780949491572926,-11907.340959444264,11928.547037805809,11049.007992537663,4.0,0.4583784422790588,True,782,0.01942519313411332,0.018747174404451398,0.041471048513302036,0.05881834215167547,0.018365501651886627,0.4684037136867325,0.37101555872346137,0.5687281828599464,1.0577001109097304,1.0,1.0,0,INCONCLUSIVE,support_failed:C2.2_tau_run_sigma+C2.2_tau_run_MAD+C2.3_mixture,BH family=PRIMARY+ARM(14)
KRAS_RAF1-RBD_norfitness_6VJJ,latent,sigma,40257,0.0,1.283022294525877,5.304838639636685,11.969232940961875,TR1,9.32893605358973,7.554315553678103,8.31176592342744,6.443307255077507,21.986845122157757,0.07809121867668806,0.06029594423892995,0.0976122929224436,1.0288579371233322,3.890059894267232,3.780949491572926,-11907.340959444264,11928.547037805809,11049.007992537663,5.0,0.5729730528488235,True,464,0.011525945798246267,0.009837916387212162,0.024672479320366644,0.037481680204684883,0.009613855975358323,0.46715798799887237,0.3519468192988912,0.585411214703355,1.198888960661456,1.0,1.0,0,INCONCLUSIVE,support_failed:C2.2_tau_run_sigma+C2.2_tau_run_MAD+C2.3_mixture,BH family=PRIMARY+ARM(14)
KRAS_RAF1-RBD_norfitness_6VJJ,latent,sigma,40257,0.0,1.283022294525877,5.304838639636685,11.969232940961875,TR1,9.32893605358973,7.554315553678103,8.31176592342744,6.443307255077507,21.986845122157757,0.07809121867668806,0.06029594423892995,0.0976122929224436,1.0288579371233322,3.890059894267232,3.780949491572926,-11907.340959444264,11928.547037805809,11049.007992537663,6.0,0.6875676634185881,True,278,0.006905631318776859,0.0053861440246416765,0.015261942022505404,0.024457858260675158,0.0052459199642298235,0.4524739583333333,0.3384305814710725,0.567362114116571,1.3163813717830337,1.0,1.0,0,INCONCLUSIVE,support_failed:C2.2_tau_run_sigma+C2.2_tau_run_MAD+C2.3_mixture,BH family=PRIMARY+ARM(14)
KRAS_RAF1-RBD_norfitness_6VJJ,latent,sigma,40257,0.0,1.283022294525877,5.304838639636685,11.969232940961875,TR1,9.32893605358973,7.554315553678103,8.31176592342744,6.443307255077507,21.986845122157757,0.07809121867668806,0.06029594423892995,0.0976122929224436,1.0288579371233322,3.890059894267232,3.780949491572926,-11907.340959444264,11928.547037805809,11049.007992537663,8.0,0.9167568845581175,True,112,0.0027821248478525473,0.0016908860570832402,0.006629157662021512,0.011148371711751986,0.0016105273617010706,0.41967999400457145,0.29771084446000573,0.5485080207344503,1.7274620189712346,1.0,1.0,0,INCONCLUSIVE,support_failed:C2.2_tau_run_sigma+C2.2_tau_run_MAD+C2.3_mixture,BH family=PRIMARY+ARM(14)
KRAS_RAF1-RBD_norfitness_6VJJ,latent,MAD,40257,0.0,1.7083152425666395,11.725595180974864,17.31809136536782,TR1,10.13752668936469,8.672885010237167,8.83470733485567,8.120137812266242,11.846653381101248,0.3080797608539746,0.2562909127749367,0.3575603568744249,0.7462705739833839,5.111166024479921,6.84894487692037,-34253.32764973948,34274.53372810103,20537.0092380913,2.0,0.2818293339171374,True,8823,0.21916685296966987,0.15501204759420723,0.19157140373102813,0.2090170653550935,0.1542238616886504,1.144047852138655,0.9160161761293583,1.3755670469619508,1.4210956110807769,0.014925373134328358,0.029850746268656716,0,INCONCLUSIVE,support_failed:C2.2_tau_run_sigma+C2.2_tau_run_MAD+C2.3_mixture,BH family=PRIMARY+ARM(14)
KRAS_RAF1-RBD_norfitness_6VJJ,latent,MAD,40257,0.0,1.7083152425666395,11.725595180974864,17.31809136536782,TR1,10.13752668936469,8.672885010237167,8.83470733485567,8.120137812266242,11.846653381101248,0.3080797608539746,0.2562909127749367,0.3575603568744249,0.7462705739833839,5.111166024479921,6.84894487692037,-34253.32764973948,34274.53372810103,20537.0092380913,3.0,0.42274400087570607,True,6044,0.15013538018232853,0.08046252825595548,0.12448530690314728,0.14458603472687978,0.08017239237896515,1.2060490022259225,0.9453758309971805,1.4635372455853,1.8726568551510456,0.024875621890547265,0.04975124378109453,0,INCONCLUSIVE,support_failed:C2.2_tau_run_sigma+C2.2_tau_run_MAD+C2.3_mixture,BH family=PRIMARY+ARM(14)
KRAS_RAF1-RBD_norfitness_6VJJ,latent,MAD,40257,0.0,1.7083152425666395,11.725595180974864,17.31809136536782,TR1,10.13752668936469,8.672885010237167,8.83470733485567,8.120137812266242,11.846653381101248,0.3080797608539746,0.2562909127749367,0.3575603568744249,0.7462705739833839,5.111166024479921,6.84894487692037,-34253.32764973948,34274.53372810103,20537.0092380913,4.0,0.5636586678342748,True,4460,0.1107881859055568,0.04661089996770748,0.0869164368929627,0.10783466229475619,0.046594132697419084,1.2746517214228659,0.9812447157625636,1.5585753904329425,2.377728256581402,0.03980099502487562,0.06965174129353234,0,INCONCLUSIVE,support_failed:C2.2_tau_run_sigma+C2.2_tau_run_MAD+C2.3_mixture,BH family=PRIMARY+ARM(14)
KRAS_RAF1-RBD_norfitness_6VJJ,latent,MAD,40257,0.0,1.7083152425666395,11.725595180974864,17.31809136536782,TR1,10.13752668936469,8.672885010237167,8.83470733485567,8.120137812266242,11.846653381101248,0.3080797608539746,0.2562909127749367,0.3575603568744249,0.7462705739833839,5.111166024479921,6.84894487692037,-34253.32764973948,34274.53372810103,20537.0092380913,5.0,0.7045733347928435,True,3324,0.08256949102019524,0.02858471818565715,0.06377636187495343,0.08235462155649946,0.028659239386938918,1.294672329884379,0.9773485334984803,1.6056084710781937,2.881077543803386,0.05472636815920398,0.10945273631840798,0,INCONCLUSIVE,support_failed:C2.2_tau_run_sigma+C2.2_tau_run_MAD+C2.3_mixture,BH family=PRIMARY+ARM(14)
KRAS_RAF1-RBD_norfitness_6VJJ,latent,MAD,40257,0.0,1.7083152425666395,11.725595180974864,17.31809136536782,TR1,10.13752668936469,8.672885010237167,8.83470733485567,8.120137812266242,11.846653381101248,0.3080797608539746,0.2562909127749367,0.3575603568744249,0.7462705739833839,5.111166024479921,6.84894487692037,-34253.32764973948,34274.53372810103,20537.0092380913,6.0,0.8454880017514121,True,2549,0.0633181806890727,0.018113992597560677,0.047963335568969374,0.06751745038130014,0.018185905556797576,1.320137140963094,0.9839124258998584,1.6560747353288916,3.481717228285367,0.08955223880597014,0.1791044776119403,0,INCONCLUSIVE,support_failed:C2.2_tau_run_sigma+C2.2_tau_run_MAD+C2.3_mixture,BH family=PRIMARY+ARM(14)
KRAS_RAF1-RBD_norfitness_6VJJ,latent,MAD,40257,0.0,1.7083152425666395,11.725595180974864,17.31809136536782,TR1,10.13752668936469,8.672885010237167,8.83470733485567,8.120137812266242,11.846653381101248,0.3080797608539746,0.2562909127749367,0.3575603568744249,0.7462705739833839,5.111166024479921,6.84894487692037,-34253.32764973948,34274.53372810103,20537.0092380913,8.0,1.1273173356685495,True,1540,0.038254216657972524,0.007456218794246964,0.024264599945351118,0.040569341977792675,0.007397843853242913,1.5765442967998198,1.1280599452788895,2.0281538094144964,5.170995416617699,0.0945273631840796,0.1654228855721393,0,INCONCLUSIVE,support_failed:C2.2_tau_run_sigma+C2.2_tau_run_MAD+C2.3_mixture,BH family=PRIMARY+ARM(14)
KRAS_RAF1-RBD_norfitness_6VJJ,raw,sigma,40257,0.0,1.2588213109017266,3.868846024954593,7.467860707313401,TR1,5.932423166528677,7.620936221924888,8.007142012461912,7.157441379215454,9.092490320700408,0.07768831402227735,0.05134052731882898,0.11922231012619358,1.0276228412529773,2.7377743841644957,2.66418210481419,-4067.701017776257,4088.9070961377874,11252.739369371642,2.0,0.22538851539030555,True,3554,0.08828278311846387,0.11388392080880344,0.08828278311846384,0.08828278311846387,0.11426944382343443,1.0000000000000002,0.8477659276542423,1.1408424218450297,0.7725843424500749,1.0,1.0,0,REFUTED,,BH family=PRIMARY+ARM(14)
KRAS_RAF1-RBD_norfitness_6VJJ,raw,sigma,40257,0.0,1.2588213109017266,3.868846024954593,7.467860707313401,TR1,5.932423166528677,7.620936221924888,8.007142012461912,7.157441379215454,9.092490320700408,0.07768831402227735,0.05134052731882898,0.11922231012619358,1.0276228412529773,2.7377743841644957,2.66418210481419,-4067.701017776257,4088.9070961377874,11252.739369371642,3.0,0.3380827730854583,True,933,0.02317609359862881,0.04565255731922399,0.02317609359862882,0.02317609359862881,0.046193953846536004,0.9999999999999997,0.7860982918426501,1.2102675044252662,0.5017127062910365,1.0,1.0,0,REFUTED,,BH family=PRIMARY+ARM(14)
KRAS_RAF1-RBD_norfitness_6VJJ,raw,sigma,40257,0.0,1.2588213109017266,3.868846024954593,7.467860707313401,TR1,5.932423166528677,7.620936221924888,8.007142012461912,7.157441379215454,9.092490320700408,0.07768831402227735,0.05134052731882898,0.11922231012619358,1.0276228412529773,2.7377743841644957,2.66418210481419,-4067.701017776257,4088.9070961377874,11252.739369371642,4.0,0.4507770307806111,True,357,0.008868022952529996,0.024234294656829868,0.008868022952529997,0.008868022952529996,0.024479345207044742,0.9999999999999998,0.7511074643621092,1.3094108554076596,0.3622655294708589,1.0,1.0,0,REFUTED,,BH family=PRIMARY+ARM(14)
KRAS_RAF1-RBD_norfitness_6VJJ,raw,sigma,40257,0.0,1.2588213109017266,3.868846024954593,7.467860707313401,TR1,5.932423166528677,7.620936221924888,8.007142012461912,7.157441379215454,9.092490320700408,0.07768831402227735,0.05134052731882898,0.11922231012619358,1.0276228412529773,2.7377743841644957,2.66418210481419,-4067.701017776257,4088.9070961377874,11252.739369371642,5.0,0.5634712884757639,True,175,0.004347070074769605,0.014107484412648731,0.004347070074769604,0.004347070074769605,0.014104751968601734,1.0000000000000002,0.6452559260236905,1.4756284192402116,0.3081989732571348,1.0,1.0,0,REFUTED,,BH family=PRIMARY+ARM(14)
KRAS_RAF1-RBD_norfitness_6VJJ,raw,sigma,40257,0.0,1.2588213109017266,3.868846024954593,7.467860707313401,TR1,5.932423166528677,7.620936221924888,8.007142012461912,7.157441379215454,9.092490320700408,0.07768831402227735,0.05134052731882898,0.11922231012619358,1.0276228412529773,2.7377743841644957,2.66418210481419,-4067.701017776257,4088.9070961377874,11252.739369371642,6.0,0.6761655461709166,True,88,0.00218595523759843,0.007912785354099908,0.00218595523759843,0.00218595523759843,0.00782609235660879,1.0,0.5255952312133658,1.6354928774637676,0.27931630985066097,1.0,1.0,0,REFUTED,,BH family=PRIMARY+ARM(14)
KRAS_RAF1-RBD_norfitness_6VJJ,raw,sigma,40257,0.0,1.2588213109017266,3.868846024954593,7.467860707313401,TR1,5.932423166528677,7.620936221924888,8.007142012461912,7.157441379215454,9.092490320700408,0.07768831402227735,0.05134052731882898,0.11922231012619358,1.0276228412529773,2.7377743841644957,2.66418210481419,-4067.701017776257,4088.9070961377874,11252.739369371642,8.0,0.9015540615612222,True,28,0.0006955312119631368,0.002441066149986338,0.0006955312119631369,0.0006955312119631368,0.002389149713093375,0.9999999999999999,0.36551232197449357,1.8596770756513719,0.2911208151382824,1.0,1.0,0,REFUTED,,BH family=PRIMARY+ARM(14)
KRAS_RAF1-RBD_norfitness_6VJJ,raw,MAD,40257,0.0,1.381239483328047,5.346160724469616,8.491947184478233,TR1,6.148062871774553,7.74649339951115,8.026738651119802,7.3106217987032975,7.777805670754696,0.3631449585410969,0.3282037035258324,0.4027663983597078,0.743751480038432,2.348105481672029,3.157110331465418,-8891.220701098879,8912.426779460424,15218.970941659294,2.0,0.22081527692194686,True,5885,0.146185756514395,0.1228357801127754,0.14618575651439497,0.146185756514395,0.12375673795861589,1.0000000000000002,0.8386296077851446,1.1461858148067023,1.1812347264944827,1.0,1.0,0,REFUTED,,BH family=PRIMARY+ARM(14)
KRAS_RAF1-RBD_norfitness_6VJJ,raw,MAD,40257,0.0,1.381239483328047,5.346160724469616,8.491947184478233,TR1,6.148062871774553,7.74649339951115,8.026738651119802,7.3106217987032975,7.777805670754696,0.3631449585410969,0.3282037035258324,0.4027663983597078,0.743751480038432,2.348105481672029,3.157110331465418,-8891.220701098879,8912.426779460424,15218.970941659294,3.0,0.33122291538292026,True,2526,0.06274685147924584,0.05500794892813673,0.06274685147924584,0.06274685147924584,0.05617482673820702,1.0,0.7891021897549504,1.194580485794984,1.1169923455512663,1.0,1.0,0,REFUTED,,BH family=PRIMARY+ARM(14)
KRAS_RAF1-RBD_norfitness_6VJJ,raw,MAD,40257,0.0,1.381239483328047,5.346160724469616,8.491947184478233,TR1,6.148062871774553,7.74649339951115,8.026738651119802,7.3106217987032975,7.777805670754696,0.3631449585410969,0.3282037035258324,0.4027663983597078,0.743751480038432,2.348105481672029,3.157110331465418,-8891.220701098879,8912.426779460424,15218.970941659294,4.0,0.4416305538438937,True,1171,0.029088108900315473,0.03076843778721713,0.02908810890031548,0.029088108900315473,0.03151228357801128,0.9999999999999998,0.738280514287198,1.2604478082924893,0.923072072143088,1.0,1.0,0,REFUTED,,BH family=PRIMARY+ARM(14)
KRAS_RAF1-RBD_norfitness_6VJJ,raw,MAD,40257,0.0,1.381239483328047,5.346160724469616,8.491947184478233,TR1,6.148062871774553,7.74649339951115,8.026738651119802,7.3106217987032975,7.777805670754696,0.3631449585410969,0.3282037035258324,0.4027663983597078,0.743751480038432,2.348105481672029,3.157110331465418,-8891.220701098879,8912.426779460424,15218.970941659294,5.0,0.5520381923048672,True,531,0.013190252626872345,0.019011600466999526,0.013190252626872345,0.013190252626872345,0.019445562262463672,1.0,0.6832505434172057,1.3070996386788836,0.6783168544492987,1.0,1.0,0,REFUTED,,BH family=PRIMARY+ARM(14)
KRAS_RAF1-RBD_norfitness_6VJJ,raw,MAD,40257,0.0,1.381239483328047,5.346160724469616,8.491947184478233,TR1,6.148062871774553,7.74649339951115,8.026738651119802,7.3106217987032975,7.777805670754696,0.3631449585410969,0.3282037035258324,0.4027663983597078,0.743751480038432,2.348105481672029,3.157110331465418,-8891.220701098879,8912.426779460424,15218.970941659294,6.0,0.6624458307658405,True,249,0.006185259706386467,0.01173857962590357,0.006185259706386468,0.006185259706386467,0.011971458379909086,0.9999999999999999,0.6387648215088699,1.3514756732063056,0.5166671854088206,1.0,1.0,0,REFUTED,,BH family=PRIMARY+ARM(14)
KRAS_RAF1-RBD_norfitness_6VJJ,raw,MAD,40257,0.0,1.381239483328047,5.346160724469616,8.491947184478233,TR1,6.148062871774553,7.74649339951115,8.026738651119802,7.3106217987032975,7.777805670754696,0.3631449585410969,0.3282037035258324,0.4027663983597078,0.743751480038432,2.348105481672029,3.157110331465418,-8891.220701098879,8912.426779460424,15218.970941659294,8.0,0.8832611076877874,True,57,0.0014159028243535285,0.0033479891695854134,0.0014159028243535287,0.0014159028243535285,0.0033740715900340314,0.9999999999999999,0.5944114035464261,1.457203074865779,0.41964219980858425,1.0,1.0,0,REFUTED,,BH family=PRIMARY+ARM(14)
KRAS_RAF1_norfitness_6VJJ,latent,sigma,22938,0.0,1.5526131641227061,4.301276533032503,6.62874121776559,TR1,4.2694093873093735,5.397339694849988,5.611333807048305,4.801481135028841,5.805025545993823,0.10914354685823473,0.0646554229479485,0.160264939019255,1.2522125412068263,2.536383262638815,2.025521370512998,-824.9481862128305,845.0292866186792,2547.309167672633,2.0,0.2734987597354174,True,3442,0.15005667451390706,0.10276767808876101,0.13678590112477113,0.16934562734327313,0.10205357921353214,1.0970185763299598,0.9324879100063633,1.3008377343758926,1.4703715016200998,0.21890547263681592,1.0,0,REFUTED,refuted_by:C2.TR<N1_p95,BH family=PRIMARY+ARM(14)
KRAS_RAF1_norfitness_6VJJ,latent,sigma,22938,0.0,1.5526131641227061,4.301276533032503,6.62874121776559,TR1,4.2694093873093735,5.397339694849988,5.611333807048305,4.801481135028841,5.805025545993823,0.10914354685823473,0.0646554229479485,0.160264939019255,1.2522125412068263,2.536383262638815,2.025521370512998,-824.9481862128305,845.0292866186792,2547.309167672633,3.0,0.41024813960312606,True,936,0.04080565001307873,0.030797366814892316,0.05303165053622809,0.08075682273955881,0.02987771383730055,0.7694584196507842,0.6326989893525627,0.9221737225810095,1.3657554334741404,0.9800995024875622,1.0,0,REFUTED,refuted_by:C2.TR<N1_p95,BH family=PRIMARY+ARM(14)
KRAS_RAF1_norfitness_6VJJ,latent,sigma,22938,0.0,1.5526131641227061,4.301276533032503,6.62874121776559,TR1,4.2694093873093735,5.397339694849988,5.611333807048305,4.801481135028841,5.805025545993823,0.10914354685823473,0.0646554229479485,0.160264939019255,1.2522125412068263,2.536383262638815,2.025521370512998,-824.9481862128305,845.0292866186792,2547.309167672633,4.0,0.5469975194708347,True,310,0.013514691777835906,0.010874749324265411,0.02572151015781672,0.05565873223471966,0.010479771558113176,0.5254237288135594,0.38891268593356276,0.6758157889284664,1.2895979366433012,1.0,1.0,0,REFUTED,refuted_by:C2.TR<N1_p95,BH family=PRIMARY+ARM(14)
KRAS_RAF1_norfitness_6VJJ,latent,sigma,22938,0.0,1.5526131641227061,4.301276533032503,6.62874121776559,TR1,4.2694093873093735,5.397339694849988,5.611333807048305,4.801481135028841,5.805025545993823,0.10914354685823473,0.0646554229479485,0.160264939019255,1.2522125412068263,2.536383262638815,2.025521370512998,-824.9481862128305,845.0292866186792,2547.309167672633,5.0,0.6837468993385434,True,115,0.005013514691777836,0.004073589676519313,0.0140724997820211,0.045631702851164,0.003891577295317813,0.35626326306169553,0.20193718901338983,0.5154724602613667,1.2882988853413992,1.0,1.0,0,REFUTED,refuted_by:C2.TR<N1_p95,BH family=PRIMARY+ARM(14)
KRAS_RAF1_norfitness_6VJJ,latent,sigma,22938,0.0,1.5526131641227061,4.301276533032503,6.62874121776559,TR1,4.2694093873093735,5.397339694849988,5.611333807048305,4.801481135028841,5.805025545993823,0.10914354685823473,0.0646554229479485,0.160264939019255,1.2522125412068263,2.536383262638815,2.025521370512998,-824.9481862128305,845.0292866186792,2547.309167672633,6.0,0.8204962792062521,True,47,0.002049001656639637,0.0015003487662394283,0.00810162176301334,0.04028686023192955,0.0014390966954398812,0.252912529932467,0.12918736736750192,0.3865424022458319,1.4238109663738263,1.0,1.0,0,REFUTED,refuted_by:C2.TR<N1_p95,BH family=PRIMARY+ARM(14)
KRAS_RAF1_norfitness_6VJJ,latent,sigma,22938,0.0,1.5526131641227061,4.301276533032503,6.62874121776559,TR1,4.2694093873093735,5.397339694849988,5.611333807048305,4.801481135028841,5.805025545993823,0.10914354685823473,0.0646554229479485,0.160264939019255,1.2522125412068263,2.536383262638815,2.025521370512998,-824.9481862128305,845.0292866186792,2547.309167672633,8.0,1.0939950389416695,True,7,0.00030517045949952047,0.00021405527944894933,0.004140727177609207,0.029959019966867187,0.00020141250326968348,0.07369972625815963,0.021324155749653583,0.14637336683545035,1.5151515151515154,1.0,1.0,0,REFUTED,refuted_by:C2.TR<N1_p95,BH family=PRIMARY+ARM(14)
KRAS_RAF1_norfitness_6VJJ,latent,MAD,22938,0.0,1.42964660050208,4.765389499962212,6.6526898634992575,TR1,4.653380675450064,5.846444239704541,6.079901511021614,5.473944438381514,5.849939968336945,0.39907885675786775,0.3174930446550751,0.48592067861177196,0.8234070495137226,2.1466162085934557,2.606992750257819,-2787.829451005775,2807.9105514116236,5224.83050982719,2.0,0.33801612868182324,True,3437,0.14983869561426455,0.12894236637893453,0.15892994158165488,0.17972142296625684,0.12786119103670765,0.9427971477437469,0.7032318571250628,1.2155717177509906,1.1718856550557815,0.7810945273631841,0.9112769485903814,0,REFUTED,refuted_by:C2.TR<N1_p95,BH family=PRIMARY+ARM(14)
KRAS_RAF1_norfitness_6VJJ,latent,MAD,22938,0.0,1.42964660050208,4.765389499962212,6.6526898634992575,TR1,4.653380675450064,5.846444239704541,6.079901511021614,5.473944438381514,5.849939968336945,0.39907885675786775,0.3174930446550751,0.48592067861177196,0.8234070495137226,2.1466162085934557,2.606992750257819,-2787.829451005775,2807.9105514116236,5224.83050982719,3.0,0.5070241930227348,True,1491,0.06500130787339785,0.04970638242218153,0.06965624727526376,0.08978550876275171,0.04836559421048043,0.9331726932765876,0.6517016117885553,1.2668964557867375,1.3439575990841977,0.6616915422885572,0.7719734660033167,0,REFUTED,refuted_by:C2.TR<N1_p95,BH family=PRIMARY+ARM(14)
KRAS_RAF1_norfitness_6VJJ,latent,MAD,22938,0.0,1.42964660050208,4.765389499962212,6.6526898634992575,TR1,4.653380675450064,5.846444239704541,6.079901511021614,5.473944438381514,5.849939968336945,0.39907885675786775,0.3174930446550751,0.48592067861177196,0.8234070495137226,2.1466162085934557,2.606992750257819,-2787.829451005775,2807.9105514116236,5224.83050982719,4.0,0.6760322573636465,True,545,0.023759700061034093,0.02049655593338565,0.026561600837038974,0.04988011160519661,0.019466823611474407,0.894513105847982,0.5561808551224827,1.2435395530857285,1.2205226972431866,0.5771144278606966,0.7197346600331674,0,REFUTED,refuted_by:C2.TR<N1_p95,BH family=PRIMARY+ARM(14)
KRAS_RAF1_norfitness_6VJJ,latent,MAD,22938,0.0,1.42964660050208,4.765389499962212,6.6526898634992575,TR1,4.653380675450064,5.846444239704541,6.079901511021614,5.473944438381514,5.849939968336945,0.39907885675786775,0.3174930446550751,0.48592067861177196,0.8234070495137226,2.1466162085934557,2.606992750257819,-2787.829451005775,2807.9105514116236,5224.83050982719,5.0,0.8450403217045581,True,162,0.007062516348417473,0.008864765890661784,0.0083198186415555,0.01869823001133483,0.008323960240648706,0.8488786417941729,0.4904900803362182,1.225325934929567,0.8484562809333018,0.4975124378109453,0.6965174129353234,0,REFUTED,refuted_by:C2.TR<N1_p95,BH family=PRIMARY+ARM(14)
KRAS_RAF1_norfitness_6VJJ,latent,MAD,22938,0.0,1.42964660050208,4.765389499962212,6.6526898634992575,TR1,4.653380675450064,5.846444239704541,6.079901511021614,5.473944438381514,5.849939968336945,0.39907885675786775,0.3174930446550751,0.48592067861177196,0.8234070495137226,2.1466162085934557,2.606992750257819,-2787.829451005775,2807.9105514116236,5224.83050982719,6.0,1.0140483860454697,True,56,0.0024413636759961638,0.003678611910367076,0.0019147266544598481,0.00507236899468131,0.003411587758304996,1.2750455373406195,0.722791862616782,1.8391385306446573,0.7156092262475242,0.16417910447761194,0.2873134328358209,0,REFUTED,refuted_by:C2.TR<N1_p95,BH family=PRIMARY+ARM(14)
KRAS_RAF1_norfitness_6VJJ,latent,MAD,22938,0.0,1.42964660050208,4.765389499962212,6.6526898634992575,TR1,4.653380675450064,5.846444239704541,6.079901511021614,5.473944438381514,5.849939968336945,0.39907885675786775,0.3174930446550751,0.48592067861177196,0.8234070495137226,2.1466162085934557,2.606992750257819,-2787.829451005775,2807.9105514116236,5224.83050982719,8.0,1.352064514727293,True,6,0.0002615746795710175,0.0004878367773999477,7.324091027988491e-05,0.000220158688638939,0.0004536140901560729,3.5714285714285707,0.5622781801524209,7.861837359542278,0.5766458433445458,0.05472636815920398,0.10945273631840798,0,REFUTED,refuted_by:C2.TR<N1_p95,BH family=PRIMARY+ARM(14)
KRAS_RAF1_norfitness_6VJJ,raw,sigma,22938,0.0,1.5525355815405677,3.9694964109680475,5.815970858547654,TR1,3.7461111537144394,7.508039944545132,7.78339657150664,6.66675050771095,4.822832332754256,0.1272887037407493,0.06591696837379515,0.19459299649656675,1.2731925418814418,2.204184800691317,1.7312266041349211,-354.873929206864,374.9550296127127,4998.472037800822,2.0,0.3281446159639592,True,3464,0.15101578167233412,0.08427456622198971,0.15101578167233412,0.15101578167233412,0.08434192170197924,1.0,0.8473906051052866,1.1926565724417486,1.790518624960264,1.0,1.0,0,REFUTED,,BH family=PRIMARY+ARM(14)
KRAS_RAF1_norfitness_6VJJ,raw,sigma,22938,0.0,1.5525355815405677,3.9694964109680475,5.815970858547654,TR1,3.7461111537144394,7.508039944545132,7.78339657150664,6.66675050771095,4.822832332754256,0.1272887037407493,0.06591696837379515,0.19459299649656675,1.2731925418814418,2.204184800691317,1.7312266041349211,-354.873929206864,374.9550296127127,4998.472037800822,3.0,0.49221692394593886,True,921,0.04015171331415119,0.025352253901822303,0.04015171331415119,0.04015171331415119,0.024852428284942017,1.0,0.8222053490172929,1.217928978444895,1.6156052379991754,1.0,1.0,0,REFUTED,,BH family=PRIMARY+ARM(14)
KRAS_RAF1_norfitness_6VJJ,raw,sigma,22938,0.0,1.5525355815405677,3.9694964109680475,5.815970858547654,TR1,3.7461111537144394,7.508039944545132,7.78339657150664,6.66675050771095,4.822832332754256,0.1272887037407493,0.06591696837379515,0.19459299649656675,1.2731925418814418,2.204184800691317,1.7312266041349211,-354.873929206864,374.9550296127127,4998.472037800822,4.0,0.6562892319279184,True,219,0.00954747580434214,0.01133054320341791,0.009547475804342138,0.00954747580434214,0.01110864068358183,1.0000000000000002,0.7636871817898258,1.2462132023250903,0.8594639142890781,1.0,1.0,0,REFUTED,,BH family=PRIMARY+ARM(14)
KRAS_RAF1_norfitness_6VJJ,raw,sigma,22938,0.0,1.5525355815405677,3.9694964109680475,5.815970858547654,TR1,3.7461111537144394,7.508039944545132,7.78339657150664,6.66675050771095,4.822832332754256,0.1272887037407493,0.06591696837379515,0.19459299649656675,1.2731925418814418,2.204184800691317,1.7312266041349211,-354.873929206864,374.9550296127127,4998.472037800822,5.0,0.820361539909898,True,58,0.0025285552358531695,0.006178175952567791,0.0025285552358531686,0.0025285552358531695,0.006051966169674777,1.0000000000000004,0.6254879020823797,1.4132194562914255,0.417807232387264,1.0,1.0,0,REFUTED,,BH family=PRIMARY+ARM(14)
KRAS_RAF1_norfitness_6VJJ,raw,sigma,22938,0.0,1.5525355815405677,3.9694964109680475,5.815970858547654,TR1,3.7461111537144394,7.508039944545132,7.78339657150664,6.66675050771095,4.822832332754256,0.1272887037407493,0.06591696837379515,0.19459299649656675,1.2731925418814418,2.204184800691317,1.7312266041349211,-354.873929206864,374.9550296127127,4998.472037800822,6.0,0.9844338478918777,True,14,0.0006103409189990409,0.0035338739210044466,0.0006103409189990409,0.0006103409189990409,0.0034407969308570935,1.0,0.3627890388859281,1.7974717144546781,0.17738359201773835,1.0,1.0,0,REFUTED,,BH family=PRIMARY+ARM(14)
KRAS_RAF1_norfitness_6VJJ,raw,sigma,22938,0.0,1.5525355815405677,3.9694964109680475,5.815970858547654,TR1,3.7461111537144394,7.508039944545132,7.78339657150664,6.66675050771095,4.822832332754256,0.1272887037407493,0.06591696837379515,0.19459299649656675,1.2731925418814418,2.204184800691317,1.7312266041349211,-354.873929206864,374.9550296127127,4998.472037800822,8.0,1.3125784638558369,True,5,0.0002179788996425146,0.0012126166187113089,0.00021797889964251464,0.0002179788996425146,0.0011908187287470572,0.9999999999999999,0.0,2.4685738819256513,0.18304960644334617,1.0,1.0,0,REFUTED,,BH family=PRIMARY+ARM(14)
KRAS_RAF1_norfitness_6VJJ,raw,MAD,22938,0.0,1.3134707706041155,3.38354323539959,5.160018064528285,TR1,3.9285366526694725,6.834244851767359,7.023191082755694,6.192375986409618,4.847304302683972,0.05332842214261652,0.021049571438042314,0.09791295277263293,1.1001186454799075,2.296623811318636,2.087614659341379,-492.06328052545723,512.1443809313059,4103.6862754406575,2.0,0.3722885335574061,True,1849,0.0806085970878019,0.0820082396024065,0.0806085970878019,0.0806085970878019,0.0825732409102799,1.0,0.8365807324660035,1.1867184906076438,0.9762072579346536,1.0,1.0,0,REFUTED,,BH family=PRIMARY+ARM(14)
KRAS_RAF1_norfitness_6VJJ,raw,MAD,22938,0.0,1.3134707706041155,3.38354323539959,5.160018064528285,TR1,3.9285366526694725,6.834244851767359,7.023191082755694,6.192375986409618,4.847304302683972,0.05332842214261652,0.021049571438042314,0.09791295277263293,1.1001186454799075,2.296623811318636,2.087614659341379,-492.06328052545723,512.1443809313059,4103.6862754406575,3.0,0.5584328003361092,True,387,0.01687156683233063,0.024520882378585754,0.01687156683233063,0.01687156683233063,0.024265411108204727,1.0,0.7292108700693831,1.30104743880851,0.695292849443047,1.0,1.0,0,REFUTED,,BH family=PRIMARY+ARM(14)
KRAS_RAF1_norfitness_6VJJ,raw,MAD,22938,0.0,1.3134707706041155,3.38354323539959,5.160018064528285,TR1,3.9285366526694725,6.834244851767359,7.023191082755694,6.192375986409618,4.847304302683972,0.05332842214261652,0.021049571438042314,0.09791295277263293,1.1001186454799075,2.296623811318636,2.087614659341379,-492.06328052545723,512.1443809313059,4103.6862754406575,4.0,0.7445770671148122,True,105,0.004577556892492807,0.009976022321039325,0.004577556892492805,0.004577556892492807,0.009772648007672857,1.0000000000000004,0.6538681916663973,1.354331051091332,0.468404969553677,1.0,1.0,0,REFUTED,,BH family=PRIMARY+ARM(14)
KRAS_RAF1_norfitness_6VJJ,raw,MAD,22938,0.0,1.3134707706041155,3.38354323539959,5.160018064528285,TR1,3.9285366526694725,6.834244851767359,7.023191082755694,6.192375986409618,4.847304302683972,0.05332842214261652,0.021049571438042314,0.09791295277263293,1.1001186454799075,2.296623811318636,2.087614659341379,-492.06328052545723,512.1443809313059,4103.6862754406575,5.0,0.9307213338935152,True,29,0.0012642776179265847,0.005163484174731887,0.0012642776179265843,0.0012642776179265847,0.005022451826663179,1.0000000000000004,0.4617693006765086,1.6003183662185057,0.2517251855388221,1.0,1.0,0,REFUTED,,BH family=PRIMARY+ARM(14)
KRAS_RAF1_norfitness_6VJJ,raw,MAD,22938,0.0,1.3134707706041155,3.38354323539959,5.160018064528285,TR1,3.9285366526694725,6.834244851767359,7.023191082755694,6.192375986409618,4.847304302683972,0.05332842214261652,0.021049571438042314,0.09791295277263293,1.1001186454799075,2.296623811318636,2.087614659341379,-492.06328052545723,512.1443809313059,4103.6862754406575,6.0,1.1168656006722184,True,11,0.00047955357921353214,0.002757869038277094,0.000479553579213532,0.00047955357921353214,0.0026432121370651325,1.0000000000000004,0.2050902685146022,1.8996225677052885,0.18142833580735607,1.0,1.0,0,REFUTED,,BH family=PRIMARY+ARM(14)
KRAS_RAF1_norfitness_6VJJ,raw,MAD,22938,0.0,1.3134707706041155,3.38354323539959,5.160018064528285,TR1,3.9285366526694725,6.834244851767359,7.023191082755694,6.192375986409618,4.847304302683972,0.05332842214261652,0.021049571438042314,0.09791295277263293,1.1001186454799075,2.296623811318636,2.087614659341379,-492.06328052545723,512.1443809313059,4103.6862754406575,8.0,1.4891541342296244,True,2,8.719155985700585e-05,0.0006879414072717762,8.719155985700586e-05,8.719155985700585e-05,0.0006452175429418433,0.9999999999999999,0.0,3.3447621467698236,0.13513513513513514,1.0,1.0,0,REFUTED,,BH family=PRIMARY+ARM(14)
KRAS_RALGDS-RBD_norfitness_1LFD,latent,sigma,34998,0.0,1.2683136349284931,5.594454915012393,10.21279428082287,TR1,8.052262468501068,6.408318533089124,7.108764641057065,5.709912659663376,13.232176113721,0.11589497071447206,0.09191658374571325,0.1412893917198676,0.9728791153627133,3.372205676191128,3.4662124234560086,-9938.08511490919,9959.011207301155,7176.475026127732,2.0,0.2513292816241132,True,3670,0.10486313503628779,0.10753285902051544,0.17721141208069033,0.2109277673009886,0.10816889536544945,0.5917403050122984,0.5255969354498308,0.6669143572567965,0.9694389009151556,1.0,1.0,0,INCONCLUSIVE,support_failed:C2.2_tau_run_sigma+C2.2_tau_run_MAD+C2.3_mixture,BH family=PRIMARY+ARM(14)
KRAS_RALGDS-RBD_norfitness_1LFD,latent,sigma,34998,0.0,1.2683136349284931,5.594454915012393,10.21279428082287,TR1,8.052262468501068,6.408318533089124,7.108764641057065,5.709912659663376,13.232176113721,0.11589497071447206,0.09191658374571325,0.1412893917198676,0.9728791153627133,3.372205676191128,3.4662124234560086,-9938.08511490919,9959.011207301155,7176.475026127732,3.0,0.3769939224361698,True,1502,0.04291673809931996,0.03679238813646494,0.07701682953311619,0.10229870278301616,0.03708854791702383,0.5572384420325476,0.45041971949690374,0.6738953636511458,1.1571425819995762,1.0,1.0,0,INCONCLUSIVE,support_failed:C2.2_tau_run_sigma+C2.2_tau_run_MAD+C2.3_mixture,BH family=PRIMARY+ARM(14)
KRAS_RALGDS-RBD_norfitness_1LFD,latent,sigma,34998,0.0,1.2683136349284931,5.594454915012393,10.21279428082287,TR1,8.052262468501068,6.408318533089124,7.108764641057065,5.709912659663376,13.232176113721,0.11589497071447206,0.09191658374571325,0.1412893917198676,0.9728791153627133,3.372205676191128,3.4662124234560086,-9938.08511490919,9959.011207301155,7176.475026127732,4.0,0.5026585632482264,True,795,0.022715583747642723,0.015929053088747928,0.0402080118863935,0.05785187725012856,0.016171209783416195,0.5649516770892553,0.4331906547255685,0.709563131974448,1.4046929111597992,1.0,1.0,0,INCONCLUSIVE,support_failed:C2.2_tau_run_sigma+C2.2_tau_run_MAD+C2.3_mixture,BH family=PRIMARY+ARM(14)
KRAS_RALGDS-RBD_norfitness_1LFD,latent,sigma,34998,0.0,1.2683136349284931,5.594454915012393,10.21279428082287,TR1,8.052262468501068,6.408318533089124,7.108764641057065,5.709912659663376,13.232176113721,0.11589497071447206,0.09191658374571325,0.1412893917198676,0.9728791153627133,3.372205676191128,3.4662124234560086,-9938.08511490919,9959.011207301155,7176.475026127732,5.0,0.6283232040602831,True,463,0.01322932739013658,0.007310989199382822,0.02418095319732556,0.03746356934681982,0.0075222869878278755,0.5470970181440059,0.3972424393767735,0.7179007341531459,1.758684215524282,1.0,1.0,0,INCONCLUSIVE,support_failed:C2.2_tau_run_sigma+C2.2_tau_run_MAD+C2.3_mixture,BH family=PRIMARY+ARM(14)
KRAS_RALGDS-RBD_norfitness_1LFD,latent,sigma,34998,0.0,1.2683136349284931,5.594454915012393,10.21279428082287,TR1,8.052262468501068,6.408318533089124,7.108764641057065,5.709912659663376,13.232176113721,0.11589497071447206,0.09191658374571325,0.1412893917198676,0.9728791153627133,3.372205676191128,3.4662124234560086,-9938.08511490919,9959.011207301155,7176.475026127732,6.0,0.7539878448723396,True,278,0.007943311046345505,0.0034593405337447858,0.014940568032458997,0.02487570718326761,0.0035410594891136637,0.5316605787068026,0.3698555044052131,0.7195967120716578,2.24320180747196,1.0,1.0,0,INCONCLUSIVE,support_failed:C2.2_tau_run_sigma+C2.2_tau_run_MAD+C2.3_mixture,BH family=PRIMARY+ARM(14)
KRAS_RALGDS-RBD_norfitness_1LFD,latent,sigma,34998,0.0,1.2683136349284931,5.594454915012393,10.21279428082287,TR1,8.052262468501068,6.408318533089124,7.108764641057065,5.709912659663376,13.232176113721,0.11589497071447206,0.09191658374571325,0.1412893917198676,0.9728791153627133,3.372205676191128,3.4662124234560086,-9938.08511490919,9959.011207301155,7176.475026127732,8.0,1.0053171264964529,True,97,0.00277158694782559,0.0007914737985027716,0.006584233384764843,0.00794045374021364,0.0007837590719469683,0.42094299911037825,0.25598001891903716,0.5977830725572001,3.5362741523878967,1.0,1.0,0,INCONCLUSIVE,support_failed:C2.2_tau_run_sigma+C2.2_tau_run_MAD+C2.3_mixture,BH family=PRIMARY+ARM(14)
KRAS_RALGDS-RBD_norfitness_1LFD,latent,MAD,34998,0.0,1.7088035007444313,10.396063499599881,16.11170054611094,TR1,9.428644393045754,8.462879153785995,8.627927314692148,7.983785197106788,9.78353887164026,0.3245431534711729,0.2570328700292776,0.4013662196210569,0.7065381577640559,4.826456665618187,6.831133764795124,-28699.883477152558,28720.809569544537,18852.699690678182,2.0,0.2853925436249023,True,7637,0.21821246928395907,0.1722118406766101,0.19593633921938397,0.21400365735184865,0.17265815189439393,1.1136906515316345,0.8692461756174529,1.3918099420548014,1.2638411038792328,0.03980099502487562,0.06965174129353233,1,INCONCLUSIVE,support_failed:C2.2_tau_run_sigma+C2.2_tau_run_MAD+C2.3_mixture,BH family=PRIMARY+ARM(14)
KRAS_RALGDS-RBD_norfitness_1LFD,latent,MAD,34998,0.0,1.7088035007444313,10.396063499599881,16.11170054611094,TR1,9.428644393045754,8.462879153785995,8.627927314692148,7.983785197106788,9.78353887164026,0.3245431534711729,0.2570328700292776,0.4013662196210569,0.7065381577640559,4.826456665618187,6.831133764795124,-28699.883477152558,28720.809569544537,18852.699690678182,3.0,0.42808881543735344,True,5516,0.15760900622892737,0.0941365220869764,0.13102491570946911,0.15162723584204812,0.09437382136122065,1.202893399133376,0.8963425122867738,1.536251764659975,1.6700500621424537,0.029850746268656716,0.05223880597014925,1,INCONCLUSIVE,support_failed:C2.2_tau_run_sigma+C2.2_tau_run_MAD+C2.3_mixture,BH family=PRIMARY+ARM(14)
KRAS_RALGDS-RBD_norfitness_1LFD,latent,MAD,34998,0.0,1.7088035007444313,10.396063499599881,16.11170054611094,TR1,9.428644393045754,8.462879153785995,8.627927314692148,7.983785197106788,9.78353887164026,0.3245431534711729,0.2570328700292776,0.4013662196210569,0.7065381577640559,4.826456665618187,6.831133764795124,-28699.883477152558,28720.809569544537,18852.699690678182,4.0,0.5707850872498046,True,4233,0.12094976855820333,0.054954711697811305,0.09115935196296931,0.11340933767643865,0.05498442768158181,1.3267949579910951,0.9728722884333503,1.7141964981304878,2.199709511548085,0.01990049751243781,0.04643449419568823,1,INCONCLUSIVE,support_failed:C2.2_tau_run_sigma+C2.2_tau_run_MAD+C2.3_mixture,BH family=PRIMARY+ARM(14)
KRAS_RALGDS-RBD_norfitness_1LFD,latent,MAD,34998,0.0,1.7088035007444313,10.396063499599881,16.11170054611094,TR1,9.428644393045754,8.462879153785995,8.627927314692148,7.983785197106788,9.78353887164026,0.3245431534711729,0.2570328700292776,0.4013662196210569,0.7065381577640559,4.826456665618187,6.831133764795124,-28699.883477152558,28720.809569544537,18852.699690678182,5.0,0.7134813590622557,True,3263,0.09323389907994742,0.034418823932796154,0.06006828961654952,0.0816532373278473,0.03445068289616549,1.5521317433060453,1.141983072644149,2.0102160705758227,2.706300463214468,0.009950248756218905,0.023217247097844115,1,INCONCLUSIVE,support_failed:C2.2_tau_run_sigma+C2.2_tau_run_MAD+C2.3_mixture,BH family=PRIMARY+ARM(14)
KRAS_RALGDS-RBD_norfitness_1LFD,latent,MAD,34998,0.0,1.7088035007444313,10.396063499599881,16.11170054611094,TR1,9.428644393045754,8.462879153785995,8.627927314692148,7.983785197106788,9.78353887164026,0.3245431534711729,0.2570328700292776,0.4013662196210569,0.7065381577640559,4.826456665618187,6.831133764795124,-28699.883477152558,28720.809569544537,18852.699690678182,6.0,0.8561776308747069,True,2444,0.06983256186067775,0.02243356763243614,0.03528673067032402,0.05376592948168466,0.022537287845019717,1.979003453539169,1.4464818875815548,2.5581785337691314,3.0985344084385615,0.009950248756218905,0.03482587064676617,1,INCONCLUSIVE,support_failed:C2.2_tau_run_sigma+C2.2_tau_run_MAD+C2.3_mixture,BH family=PRIMARY+ARM(14)
KRAS_RALGDS-RBD_norfitness_1LFD,latent,MAD,34998,0.0,1.7088035007444313,10.396063499599881,16.11170054611094,TR1,9.428644393045754,8.462879153785995,8.627927314692148,7.983785197106788,9.78353887164026,0.3245431534711729,0.2570328700292776,0.4013662196210569,0.7065381577640559,4.826456665618187,6.831133764795124,-28699.883477152558,28720.809569544537,18852.699690678182,8.0,1.1415701744996092,True,1161,0.03317332418995371,0.009396536944968283,0.009625692896736955,0.02024401394365392,0.009453111606377507,3.4463310377582523,2.471105800424492,4.500777359066889,3.5092491838955384,0.009950248756218905,0.03482587064676617,1,INCONCLUSIVE,support_failed:C2.2_tau_run_sigma+C2.2_tau_run_MAD+C2.3_mixture,BH family=PRIMARY+ARM(14)
KRAS_RALGDS-RBD_norfitness_1LFD,raw,sigma,34998,0.0,1.1971318174639967,3.7469795424370282,6.864350453698556,TR1,5.733997170203021,8.187882086295472,8.390389393962284,7.448170711073297,7.702230328026667,0.0995559727424177,0.06763292419468227,0.1387272126589438,0.9565441247425059,2.393607070478177,2.5023488290438425,-3249.0428905531007,3269.9689829450654,10641.68766810069,2.0,0.2368308970545592,True,2665,0.07614720841190925,0.0968522486999257,0.07614720841190925,0.07614720841190925,0.09785373449911423,1.0,0.8438255697329089,1.1741940347737712,0.7781737590464525,1.0,1.0,0,REFUTED,,BH family=PRIMARY+ARM(14)
KRAS_RALGDS-RBD_norfitness_1LFD,raw,sigma,34998,0.0,1.1971318174639967,3.7469795424370282,6.864350453698556,TR1,5.733997170203021,8.187882086295472,8.390389393962284,7.448170711073297,7.702230328026667,0.0995559727424177,0.06763292419468227,0.1387272126589438,0.9565441247425059,2.393607070478177,2.5023488290438425,-3249.0428905531007,3269.9689829450654,10641.68766810069,3.0,0.3552463455818388,True,738,0.021086919252528716,0.03515872335562032,0.021086919252528712,0.021086919252528716,0.035446311217783875,1.0000000000000002,0.7834193168194471,1.2459628251972372,0.5948974245294425,1.0,1.0,0,REFUTED,,BH family=PRIMARY+ARM(14)
KRAS_RALGDS-RBD_norfitness_1LFD,raw,sigma,34998,0.0,1.1971318174639967,3.7469795424370282,6.864350453698556,TR1,5.733997170203021,8.187882086295472,8.390389393962284,7.448170711073297,7.702230328026667,0.0995559727424177,0.06763292419468227,0.1387272126589438,0.9565441247425059,2.393607070478177,2.5023488290438425,-3249.0428905531007,3269.9689829450654,10641.68766810069,4.0,0.4736617941091184,True,272,0.007771872678438768,0.01879935996342648,0.007771872678438767,0.007771872678438768,0.01896222641293788,1.0000000000000002,0.7140392980017957,1.352044996135711,0.4098607678862034,1.0,1.0,0,REFUTED,,BH family=PRIMARY+ARM(14)
KRAS_RALGDS-RBD_norfitness_1LFD,raw,sigma,34998,0.0,1.1971318174639967,3.7469795424370282,6.864350453698556,TR1,5.733997170203021,8.187882086295472,8.390389393962284,7.448170711073297,7.702230328026667,0.0995559727424177,0.06763292419468227,0.1387272126589438,0.9565441247425059,2.393607070478177,2.5023488290438425,-3249.0428905531007,3269.9689829450654,10641.68766810069,5.0,0.592077242636398,True,111,0.0031716098062746444,0.011727384421966969,0.0031716098062746436,0.0031716098062746444,0.01178838790788045,1.0000000000000002,0.5830066078025626,1.6820965386775417,0.26904525292677606,1.0,1.0,0,REFUTED,,BH family=PRIMARY+ARM(14)
KRAS_RALGDS-RBD_norfitness_1LFD,raw,sigma,34998,0.0,1.1971318174639967,3.7469795424370282,6.864350453698556,TR1,5.733997170203021,8.187882086295472,8.390389393962284,7.448170711073297,7.702230328026667,0.0995559727424177,0.06763292419468227,0.1387272126589438,0.9565441247425059,2.393607070478177,2.5023488290438425,-3249.0428905531007,3269.9689829450654,10641.68766810069,6.0,0.7104926911636776,True,67,0.0019143951082919023,0.007276558660494886,0.0019143951082919023,0.0019143951082919023,0.007279415966626663,1.0,0.4666916418418613,1.9164246416094346,0.2629874590308716,1.0,1.0,0,REFUTED,,BH family=PRIMARY+ARM(14)
KRAS_RALGDS-RBD_norfitness_1LFD,raw,sigma,34998,0.0,1.1971318174639967,3.7469795424370282,6.864350453698556,TR1,5.733997170203021,8.187882086295472,8.390389393962284,7.448170711073297,7.702230328026667,0.0995559727424177,0.06763292419468227,0.1387272126589438,0.9565441247425059,2.393607070478177,2.5023488290438425,-3249.0428905531007,3269.9689829450654,10641.68766810069,8.0,0.9473235882182368,True,13,0.00037144979713126463,0.00238727927310132,0.00037144979713126463,0.00037144979713126463,0.0023415623749928564,1.0,0.15575183302263756,2.3349376312655954,0.1586333129957291,1.0,1.0,0,REFUTED,,BH family=PRIMARY+ARM(14)
KRAS_RALGDS-RBD_norfitness_1LFD,raw,MAD,34998,0.0,1.3209396037879548,4.86530020821162,7.604821658591536,TR1,5.757130482562402,8.124867163811654,8.336416182879178,7.673091011562181,7.338994727885429,0.3260139499053651,0.2789481685943126,0.36306137562642693,0.7910243263935216,2.2148473928964028,2.7999738048442175,-6041.212973940521,6062.1390663324855,13180.097826349882,2.0,0.24232017212978574,True,4437,0.1267786730670324,0.1112965026572947,0.1267786730670324,0.1267786730670324,0.11120292588147894,1.0,0.8365414629272244,1.1816278282479278,1.1400659835349496,1.0,1.0,0,REFUTED,,BH family=PRIMARY+ARM(14)
KRAS_RALGDS-RBD_norfitness_1LFD,raw,MAD,34998,0.0,1.3209396037879548,4.86530020821162,7.604821658591536,TR1,5.757130482562402,8.124867163811654,8.336416182879178,7.673091011562181,7.338994727885429,0.3260139499053651,0.2789481685943126,0.36306137562642693,0.7910243263935216,2.2148473928964028,2.7999738048442175,-6041.212973940521,6062.1390663324855,13180.097826349882,3.0,0.3634802581946786,True,1760,0.05028858791930967,0.044358249042802445,0.050288587919309666,0.05028858791930967,0.044445396879821714,1.0000000000000002,0.7895645675044833,1.235143474289349,1.1314689810350367,1.0,1.0,0,REFUTED,,BH family=PRIMARY+ARM(14)
KRAS_RALGDS-RBD_norfitness_1LFD,raw,MAD,34998,0.0,1.3209396037879548,4.86530020821162,7.604821658591536,TR1,5.757130482562402,8.124867163811654,8.336416182879178,7.673091011562181,7.338994727885429,0.3260139499053651,0.2789481685943126,0.36306137562642693,0.7910243263935216,2.2148473928964028,2.7999738048442175,-6041.212973940521,6062.1390663324855,13180.097826349882,4.0,0.4846403442595715,True,709,0.020258300474312818,0.02375350020001143,0.02025830047431282,0.020258300474312818,0.023895794045374022,0.9999999999999998,0.7241723890871379,1.3138038265032703,0.8477768278319513,1.0,1.0,0,REFUTED,,BH family=PRIMARY+ARM(14)
KRAS_RALGDS-RBD_norfitness_1LFD,raw,MAD,34998,0.0,1.3209396037879548,4.86530020821162,7.604821658591536,TR1,5.757130482562402,8.124867163811654,8.336416182879178,7.673091011562181,7.338994727885429,0.3260139499053651,0.2789481685943126,0.36306137562642693,0.7910243263935216,2.2148473928964028,2.7999738048442175,-6041.212973940521,6062.1390663324855,13180.097826349882,5.0,0.6058004303244644,True,310,0.008857649008514773,0.015310589176524371,0.008857649008514771,0.008857649008514773,0.015379164523687065,1.0000000000000002,0.6825032913007311,1.375333575224076,0.5759512485136743,1.0,1.0,0,REFUTED,,BH family=PRIMARY+ARM(14)
KRAS_RALGDS-RBD_norfitness_1LFD,raw,MAD,34998,0.0,1.3209396037879548,4.86530020821162,7.604821658591536,TR1,5.757130482562402,8.124867163811654,8.336416182879178,7.673091011562181,7.338994727885429,0.3260139499053651,0.2789481685943126,0.36306137562642693,0.7910243263935216,2.2148473928964028,2.7999738048442175,-6041.212973940521,6062.1390663324855,13180.097826349882,6.0,0.7269605163893572,True,139,0.003971655523172753,0.010492028115892338,0.003971655523172753,0.003971655523172753,0.01043859649122807,1.0,0.6997364477479662,1.3387949397786036,0.3804779240686503,1.0,1.0,0,REFUTED,,BH family=PRIMARY+ARM(14)
KRAS_RALGDS-RBD_norfitness_1LFD,raw,MAD,34998,0.0,1.3209396037879548,4.86530020821162,7.604821658591536,TR1,5.757130482562402,8.124867163811654,8.336416182879178,7.673091011562181,7.338994727885429,0.3260139499053651,0.2789481685943126,0.36306137562642693,0.7910243263935216,2.2148473928964028,2.7999738048442175,-6041.212973940521,6062.1390663324855,13180.097826349882,8.0,0.969280688519143,True,25,0.0007143265329447397,0.0041718098177038684,0.0007143265329447398,0.0007143265329447397,0.004078804503114463,0.9999999999999999,0.5390612517850197,1.521231556855541,0.17513134851138354,1.0,1.0,0,REFUTED,,BH family=PRIMARY+ARM(14)
KRAS_SOS1_norfitness_8BE4,latent,sigma,33192,0.0,1.5107986255963248,4.6787015540241805,8.21356847800008,TR1,5.436573967465795,6.177202467778523,6.57628013438557,5.594577761301077,8.165150313041863,0.1129732727519511,0.08640914336271409,0.14468975058326244,1.2077886754832858,2.9029358750406438,2.403513076390669,-2805.7606580223946,2826.5807863464142,5092.32232253326,2.0,0.3532080187237492,True,4683,0.1410882140274765,0.12420764039527597,0.16179531212340323,0.19005483248975655,0.12262171607616294,0.8720166992222051,0.7946226104010221,0.9526874670467333,1.1505972884920614,0.9552238805970149,1.0,0,REFUTED,refuted_by:C2.TR<N1_p95,BH family=PRIMARY+ARM(14)
KRAS_SOS1_norfitness_8BE4,latent,sigma,33192,0.0,1.5107986255963248,4.6787015540241805,8.21356847800008,TR1,5.436573967465795,6.177202467778523,6.57628013438557,5.594577761301077,8.165150313041863,0.1129732727519511,0.08640914336271409,0.14468975058326244,1.2077886754832858,2.9029358750406438,2.403513076390669,-2805.7606580223946,2826.5807863464142,5092.32232253326,3.0,0.5298120280856238,True,1585,0.04775247047481321,0.04263467100506146,0.06352253555073512,0.08455200048204385,0.041767142684984326,0.7517406233992905,0.66705718037102,0.839475740603559,1.1433023042771049,1.0,1.0,0,REFUTED,refuted_by:C2.TR<N1_p95,BH family=PRIMARY+ARM(14)
KRAS_SOS1_norfitness_8BE4,latent,sigma,33192,0.0,1.5107986255963248,4.6787015540241805,8.21356847800008,TR1,5.436573967465795,6.177202467778523,6.57628013438557,5.594577761301077,8.165150313041863,0.1129732727519511,0.08640914336271409,0.14468975058326244,1.2077886754832858,2.9029358750406438,2.403513076390669,-2805.7606580223946,2826.5807863464142,5092.32232253326,4.0,0.7064160374474984,True,600,0.018076644974692697,0.017937454808387564,0.02845489877078814,0.041523559893950346,0.0174691190648349,0.6352735646787898,0.5381379562745069,0.7466683323371992,1.0347771348745765,1.0,1.0,0,REFUTED,refuted_by:C2.TR<N1_p95,BH family=PRIMARY+ARM(14)
KRAS_SOS1_norfitness_8BE4,latent,sigma,33192,0.0,1.5107986255963248,4.6787015540241805,8.21356847800008,TR1,5.436573967465795,6.177202467778523,6.57628013438557,5.594577761301077,8.165150313041863,0.1129732727519511,0.08640914336271409,0.14468975058326244,1.2077886754832858,2.9029358750406438,2.403513076390669,-2805.7606580223946,2826.5807863464142,5092.32232253326,5.0,0.883020046809373,True,260,0.007833212822366835,0.00829853579175705,0.0144206435285611,0.02394552904314292,0.007991082188479152,0.543194400919252,0.41623414785584806,0.6705932612822528,0.9802443070426782,1.0,1.0,0,REFUTED,refuted_by:C2.TR<N1_p95,BH family=PRIMARY+ARM(14)
KRAS_SOS1_norfitness_8BE4,latent,sigma,33192,0.0,1.5107986255963248,4.6787015540241805,8.21356847800008,TR1,5.436573967465795,6.177202467778523,6.57628013438557,5.594577761301077,8.165150313041863,0.1129732727519511,0.08640914336271409,0.14468975058326244,1.2077886754832858,2.9029358750406438,2.403513076390669,-2805.7606580223946,2826.5807863464142,5092.32232253326,6.0,1.0596240561712476,True,133,0.0040069896360568815,0.003991624487828392,0.007998162207760905,0.014806278621354538,0.0038519824053988914,0.5009887936717206,0.34859138658373456,0.6755509688287867,1.0402408978921436,1.0,1.0,0,REFUTED,refuted_by:C2.TR<N1_p95,BH family=PRIMARY+ARM(14)
KRAS_SOS1_norfitness_8BE4,latent,sigma,33192,0.0,1.5107986255963248,4.6787015540241805,8.21356847800008,TR1,5.436573967465795,6.177202467778523,6.57628013438557,5.594577761301077,8.165150313041863,0.1129732727519511,0.08640914336271409,0.14468975058326244,1.2077886754832858,2.9029358750406438,2.403513076390669,-2805.7606580223946,2826.5807863464142,5092.32232253326,8.0,1.4128320748949967,True,37,0.0011147264401060496,0.0010002410219329958,0.0025372077609062426,0.003564111834176907,0.0009654434803567125,0.43935165944309207,0.24160225109472575,0.6748991820576509,1.1546263067561242,1.0,1.0,0,REFUTED,refuted_by:C2.TR<N1_p95,BH family=PRIMARY+ARM(14)
KRAS_SOS1_norfitness_8BE4,latent,MAD,33192,0.0,1.5294409696544724,5.885044195900175,8.511096023848436,TR1,5.564841136543663,6.865391927001056,7.123928249721788,6.4737414136306235,7.3133554049257095,0.3592843822729822,0.3031070935053253,0.41351165465372697,0.8456927935263617,2.656716090483038,3.1414671034443704,-7202.156358920503,7222.976487244523,9293.898970591878,2.0,0.4201414235622789,True,5861,0.17657869366112317,0.1316883586406363,0.16145893588816582,0.17420010845986986,0.13063810556760663,1.0936446018907868,0.907992932906259,1.2875097893137644,1.351662999810892,0.04477611940298507,0.06965174129353233,0,REFUTED,refuted_by:C2.TR<N1_p95,BH family=PRIMARY+ARM(14)
KRAS_SOS1_norfitness_8BE4,latent,MAD,33192,0.0,1.5294409696544724,5.885044195900175,8.511096023848436,TR1,5.564841136543663,6.865391927001056,7.123928249721788,6.4737414136306235,7.3133554049257095,0.3592843822729822,0.3031070935053253,0.41351165465372697,0.8456927935263617,2.656716090483038,3.1414671034443704,-7202.156358920503,7222.976487244523,9293.898970591878,3.0,0.6302121353434184,True,2903,0.08746083393588816,0.056594661364184146,0.07892895878524947,0.09200108459869848,0.055990148228488794,1.1080956252552663,0.8739302177276044,1.3469799847682833,1.562075413320419,0.13432835820895522,0.17096336499321574,0,REFUTED,refuted_by:C2.TR<N1_p95,BH family=PRIMARY+ARM(14)
KRAS_SOS1_norfitness_8BE4,latent,MAD,33192,0.0,1.5294409696544724,5.885044195900175,8.511096023848436,TR1,5.564841136543663,6.865391927001056,7.123928249721788,6.4737414136306235,7.3133554049257095,0.3592843822729822,0.3031070935053253,0.41351165465372697,0.8456927935263617,2.656716090483038,3.1414671034443704,-7202.156358920503,7222.976487244523,9293.898970591878,4.0,0.8402828471245578,True,1469,0.04425765244637262,0.02662418655097614,0.036613491202699446,0.04879489033502048,0.026295342251144858,1.2087799057826418,0.9372910830449881,1.5030149138018207,1.6830985512061822,0.08955223880597014,0.13930348258706465,0,REFUTED,refuted_by:C2.TR<N1_p95,BH family=PRIMARY+ARM(14)
KRAS_SOS1_norfitness_8BE4,latent,MAD,33192,0.0,1.5294409696544724,5.885044195900175,8.511096023848436,TR1,5.564841136543663,6.865391927001056,7.123928249721788,6.4737414136306235,7.3133554049257095,0.3592843822729822,0.3031070935053253,0.41351165465372697,0.8456927935263617,2.656716090483038,3.1414671034443704,-7202.156358920503,7222.976487244523,9293.898970591878,5.0,1.0503535589056971,True,713,0.02148107977825982,0.013160550735116896,0.015149282959749337,0.023596047240298866,0.012919227524704749,1.4179601658595762,1.0453155142751611,1.7975844637780694,1.6627216865081678,0.07462686567164178,0.13059701492537312,0,REFUTED,refuted_by:C2.TR<N1_p95,BH family=PRIMARY+ARM(14)
KRAS_SOS1_norfitness_8BE4,latent,MAD,33192,0.0,1.5294409696544724,5.885044195900175,8.511096023848436,TR1,5.564841136543663,6.865391927001056,7.123928249721788,6.4737414136306235,7.3133554049257095,0.3592843822729822,0.3031070935053253,0.41351165465372697,0.8456927935263617,2.656716090483038,3.1414671034443704,-7202.156358920503,7222.976487244523,9293.898970591878,6.0,1.2604242706868367,True,306,0.009219088937093275,0.006628705712219812,0.0059109122680163885,0.011058387563268235,0.006482887442757291,1.5596727745355388,1.1579990433928609,2.00403106884661,1.4220652476996003,0.07462686567164178,0.17412935323383083,0,REFUTED,refuted_by:C2.TR<N1_p95,BH family=PRIMARY+ARM(14)
KRAS_SOS1_norfitness_8BE4,latent,MAD,33192,0.0,1.5294409696544724,5.885044195900175,8.511096023848436,TR1,5.564841136543663,6.865391927001056,7.123928249721788,6.4737414136306235,7.3133554049257095,0.3592843822729822,0.3031070935053253,0.41351165465372697,0.8456927935263617,2.656716090483038,3.1414671034443704,-7202.156358920503,7222.976487244523,9293.898970591878,8.0,1.6805656942491156,True,58,0.0017474090142202941,0.0015976741383465895,0.0006317787418655096,0.0016946854663774378,0.0015533863581585925,2.7658559847401056,1.5229127691877682,4.0689585476515715,1.1249030256012413,0.05472636815920398,0.10945273631840798,0,REFUTED,refuted_by:C2.TR<N1_p95,BH family=PRIMARY+ARM(14)
KRAS_SOS1_norfitness_8BE4,raw,sigma,33192,0.0,1.3250571464540388,3.985701847884089,7.322549252586373,TR1,5.526213923816126,6.819765926498822,7.095731827301476,6.215426976325716,6.9781201486449875,0.13432290037941189,0.09408855603627267,0.18469635006730056,1.0417183813757875,2.389019386498971,2.2933447553683513,-2563.8981022160297,2584.7182305400493,5956.876180544443,2.0,0.332563236460624,True,3431,0.10336828151361774,0.12487210773680406,0.10336828151361771,0.10336828151361774,0.12269733670764041,1.0000000000000002,0.8911326099551548,1.1156137689215908,0.842465568424852,1.0,1.0,0,REFUTED,,BH family=PRIMARY+ARM(14)
KRAS_SOS1_norfitness_8BE4,raw,sigma,33192,0.0,1.3250571464540388,3.985701847884089,7.322549252586373,TR1,5.526213923816126,6.819765926498822,7.095731827301476,6.215426976325716,6.9781201486449875,0.13432290037941189,0.09408855603627267,0.18469635006730056,1.0417183813757875,2.389019386498971,2.2933447553683513,-2563.8981022160297,2584.7182305400493,5956.876180544443,3.0,0.49884485469093603,True,1025,0.030880935165100026,0.0373133586406363,0.03088093516510003,0.030880935165100026,0.03681790792962159,0.9999999999999999,0.8304242301350734,1.1872725129653516,0.838747688329542,1.0,1.0,0,REFUTED,,BH family=PRIMARY+ARM(14)
KRAS_SOS1_norfitness_8BE4,raw,sigma,33192,0.0,1.3250571464540388,3.985701847884089,7.322549252586373,TR1,5.526213923816126,6.819765926498822,7.095731827301476,6.215426976325716,6.9781201486449875,0.13432290037941189,0.09408855603627267,0.18469635006730056,1.0417183813757875,2.389019386498971,2.2933447553683513,-2563.8981022160297,2584.7182305400493,5956.876180544443,4.0,0.665126472921248,True,332,0.010002410219329958,0.015654525186791998,0.010002410219329958,0.010002410219329958,0.01534586647384912,1.0,0.7428614407873352,1.299355206437605,0.6517983351656982,1.0,1.0,0,REFUTED,,BH family=PRIMARY+ARM(14)
KRAS_SOS1_norfitness_8BE4,raw,sigma,33192,0.0,1.3250571464540388,3.985701847884089,7.322549252586373,TR1,5.526213923816126,6.819765926498822,7.095731827301476,6.215426976325716,6.9781201486449875,0.13432290037941189,0.09408855603627267,0.18469635006730056,1.0417183813757875,2.389019386498971,2.2933447553683513,-2563.8981022160297,2584.7182305400493,5956.876180544443,5.0,0.83140809115156,True,141,0.0042480115690527835,0.008294619185345867,0.004248011569052784,0.0042480115690527835,0.008080712219812002,0.9999999999999998,0.623094552905872,1.4759468436661185,0.5256976679156646,1.0,1.0,0,REFUTED,,BH family=PRIMARY+ARM(14)
KRAS_SOS1_norfitness_8BE4,raw,sigma,33192,0.0,1.3250571464540388,3.985701847884089,7.322549252586373,TR1,5.526213923816126,6.819765926498822,7.095731827301476,6.215426976325716,6.9781201486449875,0.13432290037941189,0.09408855603627267,0.18469635006730056,1.0417183813757875,2.389019386498971,2.2933447553683513,-2563.8981022160297,2584.7182305400493,5956.876180544443,6.0,0.9976897093818721,True,74,0.002229452880212099,0.00475792359604724,0.0022294528802120988,0.002229452880212099,0.004628675584478188,1.0000000000000002,0.46390849946386004,1.6685364076242217,0.48166107983206946,1.0,1.0,0,REFUTED,,BH family=PRIMARY+ARM(14)
KRAS_SOS1_norfitness_8BE4,raw,sigma,33192,0.0,1.3250571464540388,3.985701847884089,7.322549252586373,TR1,5.526213923816126,6.819765926498822,7.095731827301476,6.215426976325716,6.9781201486449875,0.13432290037941189,0.09408855603627267,0.18469635006730056,1.0417183813757875,2.389019386498971,2.2933447553683513,-2563.8981022160297,2584.7182305400493,5956.876180544443,8.0,1.330252945842496,True,14,0.0004217883827428296,0.0017404796336466617,0.00042178838274282976,0.0004217883827428296,0.0016910701373825015,0.9999999999999997,0.30056094852911663,1.9240900052328613,0.24942098699447715,1.0,1.0,0,REFUTED,,BH family=PRIMARY+ARM(14)
KRAS_SOS1_norfitness_8BE4,raw,MAD,33192,0.0,1.275629473772912,3.8732490265396846,6.224392874769649,TR1,4.8794677472917325,6.544300096269883,6.780277586150797,6.013905803226138,5.917885473591378,0.1843844807947798,0.13502643158045846,0.23599736069656585,0.9617498742228081,2.05177733090693,2.1333793597477464,-2140.290425927262,2161.1105542512814,5044.262608892127,2.0,0.3598951657073527,True,3117,0.09390817064352856,0.0703820197637985,0.09390817064352854,0.09390817064352856,0.07188298385153048,1.0000000000000002,0.8879391466840839,1.1230756977775933,1.3064033462702334,1.0,1.0,0,REFUTED,,BH family=PRIMARY+ARM(14)
KRAS_SOS1_norfitness_8BE4,raw,MAD,33192,0.0,1.275629473772912,3.8732490265396846,6.224392874769649,TR1,4.8794677472917325,6.544300096269883,6.780277586150797,6.013905803226138,5.917885473591378,0.1843844807947798,0.13502643158045846,0.23599736069656585,0.9617498742228081,2.05177733090693,2.1333793597477464,-2140.290425927262,2161.1105542512814,5044.262608892127,3.0,0.5398427485610291,True,877,0.026422029404675827,0.019838063388768378,0.02642202940467582,0.026422029404675827,0.02026241262954929,1.0000000000000002,0.8191250860952058,1.1941437611845842,1.303992268232845,1.0,1.0,0,REFUTED,,BH family=PRIMARY+ARM(14)
KRAS_SOS1_norfitness_8BE4,raw,MAD,33192,0.0,1.275629473772912,3.8732490265396846,6.224392874769649,TR1,4.8794677472917325,6.544300096269883,6.780277586150797,6.013905803226138,5.917885473591378,0.1843844807947798,0.13502643158045846,0.23599736069656585,0.9617498742228081,2.05177733090693,2.1333793597477464,-2140.290425927262,2161.1105542512814,5044.262608892127,4.0,0.7197903314147054,True,284,0.008556278621354543,0.008338304410701373,0.008556278621354541,0.008556278621354543,0.008418444203422512,1.0000000000000002,0.717374161978796,1.318228925816288,1.0163729086516953,1.0,1.0,0,REFUTED,,BH family=PRIMARY+ARM(14)
KRAS_SOS1_norfitness_8BE4,raw,MAD,33192,0.0,1.275629473772912,3.8732490265396846,6.224392874769649,TR1,4.8794677472917325,6.544300096269883,6.780277586150797,6.013905803226138,5.917885473591378,0.1843844807947798,0.13502643158045846,0.23599736069656585,0.9617498742228081,2.05177733090693,2.1333793597477464,-2140.290425927262,2161.1105542512814,5044.262608892127,5.0,0.8997379142683817,True,98,0.002952518679199807,0.004140907447577729,0.0029525186791998074,0.002952518679199807,0.0042218004338394795,0.9999999999999999,0.556131649774429,1.5492087286228058,0.6993506030114892,1.0,1.0,0,REFUTED,,BH family=PRIMARY+ARM(14)
KRAS_SOS1_norfitness_8BE4,raw,MAD,33192,0.0,1.275629473772912,3.8732490265396846,6.224392874769649,TR1,4.8794677472917325,6.544300096269883,6.780277586150797,6.013905803226138,5.917885473591378,0.1843844807947798,0.13502643158045846,0.23599736069656585,0.9617498742228081,2.05177733090693,2.1333793597477464,-2140.290425927262,2161.1105542512814,5044.262608892127,6.0,1.0796854971220582,True,41,0.001235237406604001,0.0021139129910821884,0.0012352374066040008,0.001235237406604001,0.002174771029163654,1.0000000000000002,0.3924960640809576,1.7632556824759271,0.5679850384428898,1.0,1.0,0,REFUTED,,BH family=PRIMARY+ARM(14)
KRAS_SOS1_norfitness_8BE4,raw,MAD,33192,0.0,1.275629473772912,3.8732490265396846,6.224392874769649,TR1,4.8794677472917325,6.544300096269883,6.780277586150797,6.013905803226138,5.917885473591378,0.1843844807947798,0.13502643158045846,0.23599736069656585,0.9617498742228081,2.05177733090693,2.1333793597477464,-2140.290425927262,2161.1105542512814,5044.262608892127,8.0,1.4395806628294108,True,1,3.012774162448783e-05,0.0005504338394793926,3.012774162448782e-05,3.012774162448783e-05,0.0005766449746926971,1.0000000000000004,0.0,3.332902084561682,0.0522466039707419,1.0,1.0,0,REFUTED,,BH family=PRIMARY+ARM(14)
SARS2-RBD_ACE2_deltaKd_6M0J,latent,sigma,14516,0.0,0.8905222138989732,2.734804827964613,8.964749028095845,TR2,3.071012474793658,3.4180830432305402,3.622492023412996,3.1904512772769777,22.57403530511091,0.0313898325626575,0.022126792765870464,0.04639715310200372,0.7624728757249691,3.2283183012221124,4.234010682875224,-3206.0335565598216,3225.1995700964835,1799.5753229422223,2.0,1.1780702042300688,True,423,0.029140259024524662,0.12207496463696475,0.1063058004960044,0.11175599338660788,0.12052140119673595,0.27411730017140434,0.23465589821429308,0.32156143760086814,0.2417849339218756,1.0,1.0,0,REFUTED,refuted_by:C2.TR<N1_p95+C2.maxT<1.5&CIhi<2,BH family=PRIMARY+ARM(14)
SARS2-RBD_ACE2_deltaKd_6M0J,latent,sigma,14516,0.0,0.8905222138989732,2.734804827964613,8.964749028095845,TR2,3.071012474793658,3.4180830432305402,3.622492023412996,3.1904512772769777,22.57403530511091,0.0313898325626575,0.022126792765870464,0.04639715310200372,0.7624728757249691,3.2283183012221124,4.234010682875224,-3206.0335565598216,3225.1995700964835,1799.5753229422223,3.0,1.7671053063451032,True,111,0.007646734637641223,0.04382555675303638,0.0362820336180766,0.040097134196748416,0.04399198036807546,0.21075815975848256,0.16518089666291239,0.26655306023618525,0.1738211049755419,1.0,1.0,0,REFUTED,refuted_by:C2.TR<N1_p95+C2.maxT<1.5&CIhi<2,BH family=PRIMARY+ARM(14)
SARS2-RBD_ACE2_deltaKd_6M0J,latent,sigma,14516,0.0,0.8905222138989732,2.734804827964613,8.964749028095845,TR2,3.071012474793658,3.4180830432305402,3.622492023412996,3.1904512772769777,22.57403530511091,0.0313898325626575,0.022126792765870464,0.04639715310200372,0.7624728757249691,3.2283183012221124,4.234010682875224,-3206.0335565598216,3225.1995700964835,1799.5753229422223,4.0,2.3561404084601376,True,60,0.004133370074400662,0.015097356145230063,0.019668297051529348,0.02225819785064756,0.014998385569341457,0.21015393775940877,0.15138230454618826,0.2829993426691119,0.27558766610519586,1.0,1.0,0,REFUTED,refuted_by:C2.TR<N1_p95+C2.maxT<1.5&CIhi<2,BH family=PRIMARY+ARM(14)
SARS2-RBD_ACE2_deltaKd_6M0J,latent,sigma,14516,0.0,0.8905222138989732,2.734804827964613,8.964749028095845,TR2,3.071012474793658,3.4180830432305402,3.622492023412996,3.1904512772769777,22.57403530511091,0.0313898325626575,0.022126792765870464,0.04639715310200372,0.7624728757249691,3.2283183012221124,4.234010682875224,-3206.0335565598216,3225.1995700964835,1799.5753229422223,5.0,2.9451755105751722,True,36,0.002480022044640397,0.004364125485044684,0.014269426839349683,0.016743593276384677,0.004180353705397361,0.17379969585053226,0.11838620782214669,0.24621071388842,0.5932565087586674,1.0,1.0,0,REFUTED,refuted_by:C2.TR<N1_p95+C2.maxT<1.5&CIhi<2,BH family=PRIMARY+ARM(14)
SARS2-RBD_ACE2_deltaKd_6M0J,latent,sigma,14516,0.0,0.8905222138989732,2.734804827964613,8.964749028095845,TR2,3.071012474793658,3.4180830432305402,3.622492023412996,3.1904512772769777,22.57403530511091,0.0313898325626575,0.022126792765870464,0.04639715310200372,0.7624728757249691,3.2283183012221124,4.234010682875224,-3206.0335565598216,3225.1995700964835,1799.5753229422223,6.0,3.5342106126902064,True,29,0.0019977955359603197,0.0010599571118770062,0.011271355745384404,0.013309451639570124,0.0009845058937126294,0.17724536258900467,0.11294841048550504,0.2552674132517059,2.0292367457816995,1.0,1.0,0,REFUTED,refuted_by:C2.TR<N1_p95+C2.maxT<1.5&CIhi<2,BH family=PRIMARY+ARM(14)
SARS2-RBD_ACE2_deltaKd_6M0J,latent,sigma,14516,0.0,0.8905222138989732,2.734804827964613,8.964749028095845,TR2,3.071012474793658,3.4180830432305402,3.622492023412996,3.1904512772769777,22.57403530511091,0.0313898325626575,0.022126792765870464,0.04639715310200372,0.7624728757249691,3.2283183012221124,4.234010682875224,-3206.0335565598216,3225.1995700964835,1799.5753229422223,8.0,4.712280816920275,True,19,0.0013089005235602095,6.954173430501725e-05,0.0068393496831082945,0.008411408101405343,6.70716717212554e-05,0.19137792103142628,0.11414523867927284,0.28908600802196677,19.514953034119937,1.0,1.0,0,REFUTED,refuted_by:C2.TR<N1_p95+C2.maxT<1.5&CIhi<2,BH family=PRIMARY+ARM(14)
SARS2-RBD_ACE2_deltaKd_6M0J,latent,MAD,14516,0.0,1.2787183038077798,7.036042813794337,13.761323949507632,TR2,5.50241815796516,3.154386710263734,3.262047657683005,2.982624071680535,24.121050530079597,0.08298913396445759,0.06960480683741183,0.10126491019968176,1.0094217331145554,4.83754303835557,4.792390414885763,-7427.167858678156,7446.333872214818,1578.4943714864862,2.0,0.8774642548586461,True,1569,0.10808762744557729,0.10922195314057002,0.09295639294571507,0.09790575916230365,0.11198829414246064,1.1627777716019876,1.0333474456174443,1.3039396926185696,0.9651689783583871,0.004975124378109453,0.011608623548922057,0,REFUTED,refuted_by:C2.TR<N1_p95+C2.maxT<1.5&CIhi<2,BH family=PRIMARY+ARM(14)
SARS2-RBD_ACE2_deltaKd_6M0J,latent,MAD,14516,0.0,1.2787183038077798,7.036042813794337,13.761323949507632,TR2,5.50241815796516,3.154386710263734,3.262047657683005,2.982624071680535,24.121050530079597,0.08298913396445759,0.06960480683741183,0.10126491019968176,1.0094217331145554,4.83754303835557,4.792390414885763,-7427.167858678156,7446.333872214818,1578.4943714864862,3.0,1.3161963822879692,True,674,0.04643152383576743,0.03367886859847489,0.04398491319922844,0.04721341967484154,0.03511058223027972,1.055623859605159,0.9061863811732498,1.2503588561893304,1.3224367380534183,0.09950248756218906,0.13930348258706468,0,REFUTED,refuted_by:C2.TR<N1_p95+C2.maxT<1.5&CIhi<2,BH family=PRIMARY+ARM(14)
SARS2-RBD_ACE2_deltaKd_6M0J,latent,MAD,14516,0.0,1.2787183038077798,7.036042813794337,13.761323949507632,TR2,5.50241815796516,3.154386710263734,3.262047657683005,2.982624071680535,24.121050530079597,0.08298913396445759,0.06960480683741183,0.10126491019968176,1.0094217331145554,4.83754303835557,4.792390414885763,-7427.167858678156,7446.333872214818,1578.4943714864862,4.0,1.7549285097172922,True,410,0.02824469550840452,0.008759631735365144,0.02868352163130339,0.031623725544227065,0.009476573811402024,0.984701107188318,0.8265530598781556,1.1910737141447794,2.9804754408625054,0.6169154228855721,0.7197346600331674,0,REFUTED,refuted_by:C2.TR<N1_p95+C2.maxT<1.5&CIhi<2,BH family=PRIMARY+ARM(14)
SARS2-RBD_ACE2_deltaKd_6M0J,latent,MAD,14516,0.0,1.2787183038077798,7.036042813794337,13.761323949507632,TR2,5.50241815796516,3.154386710263734,3.262047657683005,2.982624071680535,24.121050530079597,0.08298913396445759,0.06960480683741183,0.10126491019968176,1.0094217331145554,4.83754303835557,4.792390414885763,-7427.167858678156,7446.333872214818,1578.4943714864862,5.0,2.1936606371466154,True,285,0.01963350785340314,0.0026097129820690664,0.021203499586662993,0.0237703224028658,0.002752501387524527,0.9259560089671529,0.7672629574140164,1.123884833867617,7.132969284735081,0.8756218905472637,1.0,0,REFUTED,refuted_by:C2.TR<N1_p95+C2.maxT<1.5&CIhi<2,BH family=PRIMARY+ARM(14)
SARS2-RBD_ACE2_deltaKd_6M0J,latent,MAD,14516,0.0,1.2787183038077798,7.036042813794337,13.761323949507632,TR2,5.50241815796516,3.154386710263734,3.262047657683005,2.982624071680535,24.121050530079597,0.08298913396445759,0.06960480683741183,0.10126491019968176,1.0094217331145554,4.83754303835557,4.792390414885763,-7427.167858678156,7446.333872214818,1578.4943714864862,6.0,2.6323927645759384,True,204,0.014053458252962248,0.0007556253581830853,0.016555524937999447,0.01901694681730504,0.0008177105240150595,0.8488681757656459,0.692840095990756,1.0381670605369082,17.186348763078204,0.9900497512437811,1.0,0,REFUTED,refuted_by:C2.TR<N1_p95+C2.maxT<1.5&CIhi<2,BH family=PRIMARY+ARM(14)
SARS2-RBD_ACE2_deltaKd_6M0J,latent,MAD,14516,0.0,1.2787183038077798,7.036042813794337,13.761323949507632,TR2,5.50241815796516,3.154386710263734,3.262047657683005,2.982624071680535,24.121050530079597,0.08298913396445759,0.06960480683741183,0.10126491019968176,1.0094217331145554,4.83754303835557,4.792390414885763,-7427.167858678156,7446.333872214818,1578.4943714864862,8.0,3.5098570194345844,True,105,0.007233397630201158,1.6851668441476688e-05,0.008979746486635435,0.010956875172223752,1.9364744271913315e-05,0.8055235903337171,0.6406956456481099,1.0136727901322482,373.53437404760876,0.9651741293532339,1.0,0,REFUTED,refuted_by:C2.TR<N1_p95+C2.maxT<1.5&CIhi<2,BH family=PRIMARY+ARM(14)
SARS2-RBD_ACE2_deltaKd_6M0J,raw,sigma,14516,0.0,1.02852223792018,4.039109401893872,7.611760764306953,TR2,3.927099729084645,3.0926294591200727,3.1374644007793577,2.978857204855369,40.571464828401176,0.09826160186530826,0.06902633450839916,0.13648034541749576,0.811264540620319,2.8245080102016082,3.4816115690720295,-3902.30917730715,3921.475190843812,1433.895270377973,2.0,0.5532817870583036,True,907,0.06248277762469,0.0580198198489913,0.06248277762469,0.06248277762469,0.05782909693120627,1.0,0.8905925933131902,1.1338097285833835,1.080472996128917,1.0,1.0,0,REFUTED,,BH family=PRIMARY+ARM(14)
SARS2-RBD_ACE2_deltaKd_6M0J,raw,sigma,14516,0.0,1.02852223792018,4.039109401893872,7.611760764306953,TR2,3.927099729084645,3.0926294591200727,3.1374644007793577,2.978857204855369,40.571464828401176,0.09826160186530826,0.06902633450839916,0.13648034541749576,0.811264540620319,2.8245080102016082,3.4816115690720295,-3902.30917730715,3921.475190843812,1433.895270377973,3.0,0.8299226805874553,True,337,0.023215761917883715,0.013316069069274435,0.02321576191788371,0.023215761917883715,0.013145658794819439,1.0000000000000002,0.8542490092898057,1.1628158794696186,1.7660402023391018,1.0,1.0,0,REFUTED,,BH family=PRIMARY+ARM(14)
SARS2-RBD_ACE2_deltaKd_6M0J,raw,sigma,14516,0.0,1.02852223792018,4.039109401893872,7.611760764306953,TR2,3.927099729084645,3.0926294591200727,3.1374644007793577,2.978857204855369,40.571464828401176,0.09826160186530826,0.06902633450839916,0.13648034541749576,0.811264540620319,2.8245080102016082,3.4816115690720295,-3902.30917730715,3921.475190843812,1433.895270377973,4.0,1.106563574116607,True,152,0.010471204188481676,0.0037804474612671978,0.010471204188481676,0.010471204188481676,0.0037332124621477837,1.0,0.8051375587440014,1.2311064619620096,2.804877647509353,1.0,1.0,0,REFUTED,,BH family=PRIMARY+ARM(14)
SARS2-RBD_ACE2_deltaKd_6M0J,raw,sigma,14516,0.0,1.02852223792018,4.039109401893872,7.611760764306953,TR2,3.927099729084645,3.0926294591200727,3.1374644007793577,2.978857204855369,40.571464828401176,0.09826160186530826,0.06902633450839916,0.13648034541749576,0.811264540620319,2.8245080102016082,3.4816115690720295,-3902.30917730715,3921.475190843812,1433.895270377973,5.0,1.3832044676457589,True,80,0.005511160099200882,0.0013040005164407149,0.005511160099200884,0.005511160099200882,0.0012642216689740932,0.9999999999999997,0.7679985492717529,1.2809634577327371,4.35933051493505,1.0,1.0,0,REFUTED,,BH family=PRIMARY+ARM(14)
SARS2-RBD_ACE2_deltaKd_6M0J,raw,sigma,14516,0.0,1.02852223792018,4.039109401893872,7.611760764306953,TR2,3.927099729084645,3.0926294591200727,3.1374644007793577,2.978857204855369,40.571464828401176,0.09826160186530826,0.06902633450839916,0.13648034541749576,0.811264540620319,2.8245080102016082,3.4816115690720295,-3902.30917730715,3921.475190843812,1433.895270377973,6.0,1.6598453611749107,True,43,0.002962248553320474,0.0005512325866304886,0.002962248553320474,0.002962248553320474,0.000519932058456601,1.0,0.6872670254003663,1.3812332742746911,5.697376234336845,1.0,1.0,0,REFUTED,,BH family=PRIMARY+ARM(14)
SARS2-RBD_ACE2_deltaKd_6M0J,raw,sigma,14516,0.0,1.02852223792018,4.039109401893872,7.611760764306953,TR2,3.927099729084645,3.0926294591200727,3.1374644007793577,2.978857204855369,40.571464828401176,0.09826160186530826,0.06902633450839916,0.13648034541749576,0.811264540620319,2.8245080102016082,3.4816115690720295,-3902.30917730715,3921.475190843812,1433.895270377973,8.0,2.213127148233214,True,13,0.0008955635161201433,0.0001624219050451016,0.0008955635161201433,0.0008955635161201433,0.00014881837858306862,1.0,0.4472486991313301,1.7294023390434927,6.017828742975119,1.0,1.0,0,REFUTED,,BH family=PRIMARY+ARM(14)
SARS2-RBD_ACE2_deltaKd_6M0J,raw,MAD,14516,0.0,1.4520083997925601,8.287405978238485,19.872860286237845,TR2,5.707546856769188,3.1343491986364924,3.180985376573367,3.0413507959079826,39.526739919925426,0.19300512189481914,0.16248557293777388,0.22453606985400187,0.9311326358686954,4.568203172693295,4.9060713766427195,-9152.303357741905,9171.469371278567,1630.602970271777,2.0,0.473323517915805,True,2400,0.16533480297602646,0.10538376116378419,0.16533480297602643,0.16533480297602646,0.10555539450770772,1.0000000000000002,0.8883873669311507,1.1040954507835534,1.5663321021831207,1.0,1.0,0,REFUTED,,BH family=PRIMARY+ARM(14)
SARS2-RBD_ACE2_deltaKd_6M0J,raw,MAD,14516,0.0,1.4520083997925601,8.287405978238485,19.872860286237845,TR2,5.707546856769188,3.1343491986364924,3.180985376573367,3.0413507959079826,39.526739919925426,0.19300512189481914,0.16248557293777388,0.22453606985400187,0.9311326358686954,4.568203172693295,4.9060713766427195,-9152.303357741905,9171.469371278567,1630.602970271777,3.0,0.7099852768737075,True,1287,0.08866078809589419,0.0296103296261376,0.0886607880958942,0.08866078809589419,0.02977763176239601,0.9999999999999999,0.8716514169360952,1.1316559107394315,2.9774291254369465,1.0,1.0,0,REFUTED,,BH family=PRIMARY+ARM(14)
SARS2-RBD_ACE2_deltaKd_6M0J,raw,MAD,14516,0.0,1.4520083997925601,8.287405978238485,19.872860286237845,TR2,5.707546856769188,3.1343491986364924,3.180985376573367,3.0413507959079826,39.526739919925426,0.19300512189481914,0.16248557293777388,0.22453606985400187,0.9311326358686954,4.568203172693295,4.9060713766427195,-9152.303357741905,9171.469371278567,1630.602970271777,4.0,0.94664703583161,True,764,0.05263157894736842,0.008871666903305288,0.05263157894736842,0.05263157894736842,0.008894512318743789,1.0,0.8599503038097719,1.1566825256103033,5.917309129636667,1.0,1.0,0,REFUTED,,BH family=PRIMARY+ARM(14)
SARS2-RBD_ACE2_deltaKd_6M0J,raw,MAD,14516,0.0,1.4520083997925601,8.287405978238485,19.872860286237845,TR2,5.707546856769188,3.1343491986364924,3.180985376573367,3.0413507959079826,39.526739919925426,0.19300512189481914,0.16248557293777388,0.22453606985400187,0.9311326358686954,4.568203172693295,4.9060713766427195,-9152.303357741905,9171.469371278567,1630.602970271777,5.0,1.1833087947895125,True,483,0.033273629098925325,0.003591224689153062,0.03327362909892534,0.033273629098925325,0.0035003732779019968,0.9999999999999996,0.8490251528749002,1.1663288380312267,9.505737376348728,1.0,1.0,0,REFUTED,,BH family=PRIMARY+ARM(14)
SARS2-RBD_ACE2_deltaKd_6M0J,raw,MAD,14516,0.0,1.4520083997925601,8.287405978238485,19.872860286237845,TR2,5.707546856769188,3.1343491986364924,3.180985376573367,3.0413507959079826,39.526739919925426,0.19300512189481914,0.16248557293777388,0.22453606985400187,0.9311326358686954,4.568203172693295,4.9060713766427195,-9152.303357741905,9171.469371278567,1630.602970271777,6.0,1.419970553747415,True,323,0.02225130890052356,0.0017676528610829803,0.022251308900523563,0.02225130890052356,0.0017202054822908369,0.9999999999999999,0.8408360140746771,1.1818760928490193,12.935262170476857,1.0,1.0,0,REFUTED,,BH family=PRIMARY+ARM(14)
SARS2-RBD_ACE2_deltaKd_6M0J,raw,MAD,14516,0.0,1.4520083997925601,8.287405978238485,19.872860286237845,TR2,5.707546856769188,3.1343491986364924,3.180985376573367,3.0413507959079826,39.526739919925426,0.19300512189481914,0.16248557293777388,0.22453606985400187,0.9311326358686954,4.568203172693295,4.9060713766427195,-9152.303357741905,9171.469371278567,1630.602970271777,8.0,1.89329407166322,True,163,0.011228988702121797,0.00047909590638451743,0.011228988702121799,0.011228988702121797,0.00047329403043749733,0.9999999999999999,0.8031792697075485,1.216421445307687,23.725185571730307,1.0,1.0,0,REFUTED,,BH family=PRIMARY+ARM(14)
Z-domain_ZSPA-1_LL1_fitness_1LP1,latent,sigma,67329,0.0,1.0830334992287551,3.0670372784998783,4.455070991366432,TR1,4.113511719202552,7.2409961817607975,8.372526128199652,4.756886378284893,4.529132405931933,0.41071850262880333,0.34830318483925665,0.4999813838534955,0.6778203335814303,1.3504231128939297,1.9923024524192674,-3119.608882738219,3141.8435753966332,34568.0513017937,2.0,0.06991241137653251,True,3715,0.05517681831008926,0.1099710377400526,0.08082111720061193,0.08293677315866863,0.052197344383549435,0.6827029892834926,0.5545689690706227,0.8420721342034401,1.0570809484989594,1.0,1.0,0,REFUTED,refuted_by:C2.TR<N1_p95,BH family=CONTROL(3)
Z-domain_ZSPA-1_LL1_fitness_1LP1,latent,sigma,67329,0.0,1.0830334992287551,3.0670372784998783,4.455070991366432,TR1,4.113511719202552,7.2409961817607975,8.372526128199652,4.756886378284893,4.529132405931933,0.41071850262880333,0.34830318483925665,0.4999813838534955,0.6778203335814303,1.3504231128939297,1.9923024524192674,-3119.608882738219,3141.8435753966332,34568.0513017937,3.0,0.10486861706479876,True,756,0.011228445395000668,0.035734527469589626,0.01681964680895305,0.017778371875417726,0.01168010812577047,0.6675791425670007,0.5824313058760064,0.7746332085102969,0.9613306036291501,1.0,1.0,0,REFUTED,refuted_by:C2.TR<N1_p95,BH family=CONTROL(3)
Z-domain_ZSPA-1_LL1_fitness_1LP1,latent,sigma,67329,0.0,1.0830334992287551,3.0670372784998783,4.455070991366432,TR1,4.113511719202552,7.2409961817607975,8.372526128199652,4.756886378284893,4.529132405931933,0.41071850262880333,0.34830318483925665,0.4999813838534955,0.6778203335814303,1.3504231128939297,1.9923024524192674,-3119.608882738219,3141.8435753966332,34568.0513017937,4.0,0.13982482275306501,True,143,0.002123899062810973,0.01106090986053558,0.0026791575695465555,0.0030610880898275625,0.0037356859599875242,0.7927488427530003,0.510430934679151,1.2034661361640062,0.5685432569974553,0.9950248756218906,1.0,0,REFUTED,refuted_by:C2.TR<N1_p95,BH family=CONTROL(3)
Z-domain_ZSPA-1_LL1_fitness_1LP1,latent,sigma,67329,0.0,1.0830334992287551,3.0670372784998783,4.455070991366432,TR1,4.113511719202552,7.2409961817607975,8.372526128199652,4.756886378284893,4.529132405931933,0.41071850262880333,0.34830318483925665,0.4999813838534955,0.6778203335814303,1.3504231128939297,1.9923024524192674,-3119.608882738219,3141.8435753966332,34568.0513017937,5.0,0.17478102844133125,True,17,0.0002524914969775283,0.004761247010946249,0.00029192472782901867,0.00040175852901424327,0.0019285894636783558,0.864919867718138,0.1889243801348098,1.8439904788144648,0.13092029264536004,0.7412935323383084,1.0,0,REFUTED,refuted_by:C2.TR<N1_p95,BH family=CONTROL(3)
Z-domain_ZSPA-1_LL1_fitness_1LP1,latent,sigma,67329,0.0,1.0830334992287551,3.0670372784998783,4.455070991366432,TR1,4.113511719202552,7.2409961817607975,8.372526128199652,4.756886378284893,4.529132405931933,0.41071850262880333,0.34830318483925665,0.4999813838534955,0.6778203335814303,1.3504231128939297,1.9923024524192674,-3119.608882738219,3141.8435753966332,34568.0513017937,6.0,0.20973723412959752,True,0,0.0,0.003223276745533128,8.243104754266365e-06,2.9704881997356266e-05,0.0012624574848876411,0.0,0.0,0.0,0.0,1.0,1.0,0,REFUTED,refuted_by:C2.TR<N1_p95,BH family=CONTROL(3)
Z-domain_ZSPA-1_LL1_fitness_1LP1,latent,sigma,67329,0.0,1.0830334992287551,3.0670372784998783,4.455070991366432,TR1,4.113511719202552,7.2409961817607975,8.372526128199652,4.756886378284893,4.529132405931933,0.41071850262880333,0.34830318483925665,0.4999813838534955,0.6778203335814303,1.3504231128939297,1.9923024524192674,-3119.608882738219,3141.8435753966332,34568.0513017937,8.0,0.27964964550613003,True,0,0.0,0.00140348141217009,0.0,0.0,0.0005991474698866759,,,,0.0,1.0,1.0,0,REFUTED,refuted_by:C2.TR<N1_p95,BH family=CONTROL(3)
Z-domain_ZSPA-1_LL1_fitness_1LP1,latent,MAD,67329,0.0,1.2625045062409075,3.3655883966932114,4.270251770442586,TR1,3.382365567278022,7.567256160996233,8.0532787919998,4.358979213221574,3.797101446828626,0.6757783262008337,0.5962030616289262,0.7541676348343874,0.5171647286495008,1.4126329691389832,2.7314951907641984,-3578.4675918471185,3600.7022845055326,39936.65476469506,2.0,0.065964651114174,True,7191,0.10680390322149445,0.0690180308633724,0.09924958041854179,0.10243877081198294,0.09354223291597975,1.0761144054322003,0.9394958493224118,1.2651324715931456,1.1417720091995924,0.004975124378109453,0.004975124378109453,2,REFUTED,refuted_by:C2.TR<N1_p95,BH family=CONTROL(3)
Z-domain_ZSPA-1_LL1_fitness_1LP1,latent,MAD,67329,0.0,1.2625045062409075,3.3655883966932114,4.270251770442586,TR1,3.382365567278022,7.567256160996233,8.0532787919998,4.358979213221574,3.797101446828626,0.6757783262008337,0.5962030616289262,0.7541676348343874,0.5171647286495008,1.4126329691389832,2.7314951907641984,-3578.4675918471185,3600.7022845055326,39936.65476469506,3.0,0.09894697667126101,True,1360,0.02019931975820226,0.010754206953912875,0.009153633649690327,0.010086292682202319,0.023895275438518323,2.206699604903416,1.6489974237001481,2.9442431688851314,0.845326927081229,0.004975124378109453,0.004975124378109453,2,REFUTED,refuted_by:C2.TR<N1_p95,BH family=CONTROL(3)
Z-domain_ZSPA-1_LL1_fitness_1LP1,latent,MAD,67329,0.0,1.2625045062409075,3.3655883966932114,4.270251770442586,TR1,3.382365567278022,7.567256160996233,8.0532787919998,4.358979213221574,3.797101446828626,0.6757783262008337,0.5962030616289262,0.7541676348343874,0.5171647286495008,1.4126329691389832,2.7314951907641984,-3578.4675918471185,3600.7022845055326,39936.65476469506,4.0,0.131929302228348,True,135,0.002005079534821548,0.003931589656760089,0.00031323798066212183,0.000445573229960344,0.003763534286860045,6.401137980085348,2.7597804754238697,11.122117080968664,0.5327650506126799,0.004975124378109453,0.007462686567164179,2,REFUTED,refuted_by:C2.TR<N1_p95,BH family=CONTROL(3)
Z-domain_ZSPA-1_LL1_fitness_1LP1,latent,MAD,67329,0.0,1.2625045062409075,3.3655883966932114,4.270251770442586,TR1,3.382365567278022,7.567256160996233,8.0532787919998,4.358979213221574,3.797101446828626,0.6757783262008337,0.5962030616289262,0.7541676348343874,0.5171647286495008,1.4126329691389832,2.7314951907641984,-3578.4675918471185,3600.7022845055326,39936.65476469506,5.0,0.164911627785435,True,0,0.0,0.00302729878655557,4.307207889616659e-06,1.4852440998678133e-05,0.00044483060791041,0.0,0.0,0.0,0.0,1.0,1.0,2,REFUTED,refuted_by:C2.TR<N1_p95,BH family=CONTROL(3)
Z-domain_ZSPA-1_LL1_fitness_1LP1,latent,MAD,67329,0.0,1.2625045062409075,3.3655883966932114,4.270251770442586,TR1,3.382365567278022,7.567256160996233,8.0532787919998,4.358979213221574,3.797101446828626,0.6757783262008337,0.5962030616289262,0.7541676348343874,0.5171647286495008,1.4126329691389832,2.7314951907641984,-3578.4675918471185,3600.7022845055326,39936.65476469506,6.0,0.19789395334252202,True,0,0.0,0.002634451722140534,1.4852440998678133e-07,0.0,0.0002021417219920094,0.0,0.0,0.0,0.0,1.0,1.0,2,REFUTED,refuted_by:C2.TR<N1_p95,BH family=CONTROL(3)
Z-domain_ZSPA-1_LL1_fitness_1LP1,latent,MAD,67329,0.0,1.2625045062409075,3.3655883966932114,4.270251770442586,TR1,3.382365567278022,7.567256160996233,8.0532787919998,4.358979213221574,3.797101446828626,0.6757783262008337,0.5962030616289262,0.7541676348343874,0.5171647286495008,1.4126329691389832,2.7314951907641984,-3578.4675918471185,3600.7022845055326,39936.65476469506,8.0,0.263858604456696,True,0,0.0,0.0006529133063018907,0.0,0.0,0.00018580403689346343,,,,0.0,1.0,1.0,2,REFUTED,refuted_by:C2.TR<N1_p95,BH family=CONTROL(3)
Z-domain_ZSPA-1_LL1_fitness_1LP1,raw,sigma,67329,0.0,1.326466348818667,10.14321058911474,16.913132387814727,TR1,12.75051749550777,37.51614642854439,39.42511042699311,32.58545836174075,16.974443768670106,0.19532861679105978,0.12875664301279194,0.2928499369223658,0.8400770161181716,5.045431678879612,6.005915626871385,-56269.18419578695,56291.41888844536,115000.56909400587,2.0,0.09664963634645787,True,10366,0.15396040339229752,0.2109035482481546,0.1539604033922975,0.15396040339229752,0.1926709144647923,1.0000000000000002,0.7010037803168281,1.4153479698556153,0.7990848220136074,1.0,1.0,0,REFUTED,,BH family=CONTROL(3)
Z-domain_ZSPA-1_LL1_fitness_1LP1,raw,sigma,67329,0.0,1.326466348818667,10.14321058911474,16.913132387814727,TR1,12.75051749550777,37.51614642854439,39.42511042699311,32.58545836174075,16.974443768670106,0.19532861679105978,0.12875664301279194,0.2928499369223658,0.8400770161181716,5.045431678879612,6.005915626871385,-56269.18419578695,56291.41888844536,115000.56909400587,3.0,0.14497445451968682,True,6724,0.09986781327511177,0.13264915563872923,0.09986781327511177,0.09986781327511177,0.10586597157242794,1.0,0.5746385347884116,1.5830498464209974,0.9433419614610296,1.0,1.0,0,REFUTED,,BH family=CONTROL(3)
Z-domain_ZSPA-1_LL1_fitness_1LP1,raw,sigma,67329,0.0,1.326466348818667,10.14321058911474,16.913132387814727,TR1,12.75051749550777,37.51614642854439,39.42511042699311,32.58545836174075,16.974443768670106,0.19532861679105978,0.12875664301279194,0.2928499369223658,0.8400770161181716,5.045431678879612,6.005915626871385,-56269.18419578695,56291.41888844536,115000.56909400587,4.0,0.19329927269291575,True,4910,0.07292548530350963,0.09472545262813943,0.07292548530350963,0.07292548530350963,0.06750664646734691,1.0,0.5055782292805228,1.67005494726959,1.0802711898714124,1.0,1.0,0,REFUTED,,BH family=CONTROL(3)
Z-domain_ZSPA-1_LL1_fitness_1LP1,raw,sigma,67329,0.0,1.326466348818667,10.14321058911474,16.913132387814727,TR1,12.75051749550777,37.51614642854439,39.42511042699311,32.58545836174075,16.974443768670106,0.19532861679105978,0.12875664301279194,0.2928499369223658,0.8400770161181716,5.045431678879612,6.005915626871385,-56269.18419578695,56291.41888844536,115000.56909400587,5.0,0.24162409086614467,True,3613,0.053661869328224095,0.07166429027610688,0.0536618693282241,0.053661869328224095,0.050530603454677775,0.9999999999999999,0.4693089157570125,1.709967148990073,1.061967711831402,1.0,1.0,0,REFUTED,,BH family=CONTROL(3)
Z-domain_ZSPA-1_LL1_fitness_1LP1,raw,sigma,67329,0.0,1.326466348818667,10.14321058911474,16.913132387814727,TR1,12.75051749550777,37.51614642854439,39.42511042699311,32.58545836174075,16.974443768670106,0.19532861679105978,0.12875664301279194,0.2928499369223658,0.8400770161181716,5.045431678879612,6.005915626871385,-56269.18419578695,56291.41888844536,115000.56909400587,6.0,0.28994890903937365,True,2673,0.03970057478946665,0.05106566264165515,0.03970057478946665,0.03970057478946665,0.040129958858738435,1.0,0.44335308793592626,1.7310534332036354,0.9893001617374375,1.0,1.0,0,REFUTED,,BH family=CONTROL(3)
Z-domain_ZSPA-1_LL1_fitness_1LP1,raw,sigma,67329,0.0,1.326466348818667,10.14321058911474,16.913132387814727,TR1,12.75051749550777,37.51614642854439,39.42511042699311,32.58545836174075,16.974443768670106,0.19532861679105978,0.12875664301279194,0.2928499369223658,0.8400770161181716,5.045431678879612,6.005915626871385,-56269.18419578695,56291.41888844536,115000.56909400587,8.0,0.3865985453858315,True,1373,0.020392401491185076,0.02801816453534138,0.020392401491185073,0.020392401491185076,0.026310059558288405,1.0000000000000002,0.4429940086287302,1.7080046322921674,0.7750800200967579,1.0,1.0,0,REFUTED,,BH family=CONTROL(3)
Z-domain_ZSPA-1_LL1_fitness_1LP1,raw,MAD,67329,0.0,1.5181106543684424,26.08799656580224,62.004774599279536,TR1,40.843382806686435,14.713938405872993,14.855523916926098,14.405012236397415,46.894754116777925,0.20332026810099957,0.1390408899430905,0.29400479445684113,0.8447550181233998,12.810444710417332,15.164686134538018,-135261.6221499932,135283.8568426516,114116.2670844942,2.0,0.1054570197895105,True,13624,0.20234965616599088,0.24909808552035528,0.2023496561659908,0.20234965616599088,0.21328565699772756,1.0000000000000004,0.7437873421154283,1.352007360987658,0.948726037251285,1.0,1.0,0,REFUTED,,BH family=CONTROL(3)
Z-domain_ZSPA-1_LL1_fitness_1LP1,raw,MAD,67329,0.0,1.5181106543684424,26.08799656580224,62.004774599279536,TR1,40.843382806686435,14.713938405872993,14.855523916926098,14.405012236397415,46.894754116777925,0.20332026810099957,0.1390408899430905,0.29400479445684113,0.8447550181233998,12.810444710417332,15.164686134538018,-135261.6221499932,135283.8568426516,114116.2670844942,3.0,0.15818552968426575,True,10501,0.15596548292711906,0.1551450340863521,0.1559654829271191,0.15596548292711906,0.14241820018119977,0.9999999999999998,0.6668048357162363,1.4728956211616582,1.0951232548135208,1.0,1.0,0,REFUTED,,BH family=CONTROL(3)
Z-domain_ZSPA-1_LL1_fitness_1LP1,raw,MAD,67329,0.0,1.5181106543684424,26.08799656580224,62.004774599279536,TR1,40.843382806686435,14.713938405872993,14.855523916926098,14.405012236397415,46.894754116777925,0.20332026810099957,0.1390408899430905,0.29400479445684113,0.8447550181233998,12.810444710417332,15.164686134538018,-135261.6221499932,135283.8568426516,114116.2670844942,4.0,0.210914039579021,True,8699,0.12920138424750108,0.11403221494452613,0.12920138424750108,0.12920138424750108,0.09681719615618828,1.0,0.6200684963950582,1.5390086186424947,1.334487977105531,1.0,1.0,0,REFUTED,,BH family=CONTROL(3)
Z-domain_ZSPA-1_LL1_fitness_1LP1,raw,MAD,67329,0.0,1.5181106543684424,26.08799656580224,62.004774599279536,TR1,40.843382806686435,14.713938405872993,14.855523916926098,14.405012236397415,46.894754116777925,0.20332026810099957,0.1390408899430905,0.29400479445684113,0.8447550181233998,12.810444710417332,15.164686134538018,-135261.6221499932,135283.8568426516,114116.2670844942,5.0,0.26364254947377624,True,7424,0.11026452197418646,0.08303212582988014,0.11026452197418646,0.11026452197418646,0.06955301578814478,1.0,0.5823982558746903,1.5919174329491765,1.5853305672617706,1.0,1.0,0,REFUTED,,BH family=CONTROL(3)
Z-domain_ZSPA-1_LL1_fitness_1LP1,raw,MAD,67329,0.0,1.5181106543684424,26.08799656580224,62.004774599279536,TR1,40.843382806686435,14.713938405872993,14.855523916926098,14.405012236397415,46.894754116777925,0.20332026810099957,0.1390408899430905,0.29400479445684113,0.8447550181233998,12.810444710417332,15.164686134538018,-135261.6221499932,135283.8568426516,114116.2670844942,6.0,0.3163710593685315,True,6404,0.09511503215553477,0.06403503690831588,0.09511503215553475,0.09511503215553477,0.05692643585973355,1.0000000000000002,0.5575604248912029,1.6169334656007959,1.670841160509288,1.0,1.0,0,REFUTED,,BH family=CONTROL(3)
Z-domain_ZSPA-1_LL1_fitness_1LP1,raw,MAD,67329,0.0,1.5181106543684424,26.08799656580224,62.004774599279536,TR1,40.843382806686435,14.713938405872993,14.855523916926098,14.405012236397415,46.894754116777925,0.20332026810099957,0.1390408899430905,0.29400479445684113,0.8447550181233998,12.810444710417332,15.164686134538018,-135261.6221499932,135283.8568426516,114116.2670844942,8.0,0.421828079158042,True,4830,0.07173729002361538,0.0500472307623758,0.07173729002361538,0.07173729002361538,0.03508941169481204,1.0,0.5298403951263834,1.6544529812561213,2.0444141568273064,1.0,1.0,0,REFUTED,,BH family=CONTROL(3)
Z-domain_ZSPA-1_LL2_fitness_1LP1,latent,sigma,8550,0.0,0.9616308010130273,3.0050067063070296,4.555271328190222,TR2,3.12490688020955,2.913680867656187,3.1905726219951998,2.592904672371036,5.928262548675364,0.3215904798913678,0.1878249923577518,0.448589439181055,0.6245003558721843,1.4137057466981116,2.2637388968717462,-736.9163724446807,755.0237455685419,1154.0901323143505,2.0,0.14454745743430333,True,384,0.04491228070175438,0.0630719298245614,0.08071052631578947,0.08561988304093567,0.03178362573099415,0.5564612542114987,0.39295167272449166,0.6818269964980981,1.4130634774609014,1.0,1.0,0,INCONCLUSIVE,support_failed:C2.1_TR>N1_p99.5+C2.2_tau_run_sigma+C2.2_tau_run_MAD+C2.3_mixture,BH family=CONTROL(3)
Z-domain_ZSPA-1_LL2_fitness_1LP1,latent,sigma,8550,0.0,0.9616308010130273,3.0050067063070296,4.555271328190222,TR2,3.12490688020955,2.913680867656187,3.1905726219951998,2.592904672371036,5.928262548675364,0.3215904798913678,0.1878249923577518,0.448589439181055,0.6245003558721843,1.4137057466981116,2.2637388968717462,-736.9163724446807,755.0237455685419,1154.0901323143505,3.0,0.21682118615145501,True,86,0.010058479532163742,0.010273684210526317,0.021121637426900586,0.024099415204678364,0.0028233918128654973,0.476216844786533,0.3112814210869054,0.6023594853676053,3.5625517812758902,1.0,1.0,0,INCONCLUSIVE,support_failed:C2.1_TR>N1_p99.5+C2.2_tau_run_sigma+C2.2_tau_run_MAD+C2.3_mixture,BH family=CONTROL(3)
Z-domain_ZSPA-1_LL2_fitness_1LP1,latent,sigma,8550,0.0,0.9616308010130273,3.0050067063070296,4.555271328190222,TR2,3.12490688020955,2.913680867656187,3.1905726219951998,2.592904672371036,5.928262548675364,0.3215904798913678,0.1878249923577518,0.448589439181055,0.6245003558721843,1.4137057466981116,2.2637388968717462,-736.9163724446807,755.0237455685419,1154.0901323143505,4.0,0.28909491486860667,True,21,0.002456140350877193,0.0024719298245614034,0.007966666666666667,0.010058479532163742,0.00022748538011695908,0.3083021360933715,0.19240515215568316,0.44133788733776064,10.796915167095115,1.0,1.0,0,INCONCLUSIVE,support_failed:C2.1_TR>N1_p99.5+C2.2_tau_run_sigma+C2.2_tau_run_MAD+C2.3_mixture,BH family=CONTROL(3)
Z-domain_ZSPA-1_LL2_fitness_1LP1,latent,sigma,8550,0.0,0.9616308010130273,3.0050067063070296,4.555271328190222,TR2,3.12490688020955,2.913680867656187,3.1905726219951998,2.592904672371036,5.928262548675364,0.3215904798913678,0.1878249923577518,0.448589439181055,0.6245003558721843,1.4137057466981116,2.2637388968717462,-736.9163724446807,755.0237455685419,1154.0901323143505,5.0,0.3613686435857583,True,7,0.0008187134502923977,0.0007865497076023392,0.0036456140350877185,0.005263157894736842,1.345029239766082e-05,0.22457491177414185,0.05654775320437384,0.43880028174480773,60.8695652173913,1.0,1.0,0,INCONCLUSIVE,support_failed:C2.1_TR>N1_p99.5+C2.2_tau_run_sigma+C2.2_tau_run_MAD+C2.3_mixture,BH family=CONTROL(3)
Z-domain_ZSPA-1_LL2_fitness_1LP1,latent,sigma,8550,0.0,0.9616308010130273,3.0050067063070296,4.555271328190222,TR2,3.12490688020955,2.913680867656187,3.1905726219951998,2.592904672371036,5.928262548675364,0.3215904798913678,0.1878249923577518,0.448589439181055,0.6245003558721843,1.4137057466981116,2.2637388968717462,-736.9163724446807,755.0237455685419,1154.0901323143505,6.0,0.43364237230291003,True,3,0.0003508771929824561,0.00027602339181286554,0.00151812865497076,0.0025730994152046785,1.1695906432748538e-06,0.23112480739599386,0.0,0.48983388032417485,300.0,1.0,1.0,0,INCONCLUSIVE,support_failed:C2.1_TR>N1_p99.5+C2.2_tau_run_sigma+C2.2_tau_run_MAD+C2.3_mixture,BH family=CONTROL(3)
Z-domain_ZSPA-1_LL2_fitness_1LP1,latent,sigma,8550,0.0,0.9616308010130273,3.0050067063070296,4.555271328190222,TR2,3.12490688020955,2.913680867656187,3.1905726219951998,2.592904672371036,5.928262548675364,0.3215904798913678,0.1878249923577518,0.448589439181055,0.6245003558721843,1.4137057466981116,2.2637388968717462,-736.9163724446807,755.0237455685419,1154.0901323143505,8.0,0.5781898297372133,True,0,0.0,4.093567251461989e-05,8.187134502923979e-05,0.00023976608187134305,0.0,0.0,0.0,0.0,,1.0,1.0,0,INCONCLUSIVE,support_failed:C2.1_TR>N1_p99.5+C2.2_tau_run_sigma+C2.2_tau_run_MAD+C2.3_mixture,BH family=CONTROL(3)
Z-domain_ZSPA-1_LL2_fitness_1LP1,latent,MAD,8550,0.0,1.2876434730964743,3.7817750585217795,6.749077320671018,TR2,2.936973733441537,2.406413041575742,2.4794997618279493,2.3242469738192284,6.6894731528928535,0.25659445980569373,0.11314161807447357,0.3487726155904583,0.8829192208939941,1.9894044101829955,2.2532122566871258,-749.929744377816,768.0371175016771,100.94750757442733,2.0,0.10858936387791264,True,866,0.10128654970760234,0.058223391812865496,0.07529356725146198,0.08050292397660817,0.053125730994152055,1.3452218217969432,1.0138662790991873,1.6351735388460829,1.9065441136000878,0.004975124378109453,0.004975124378109453,1,INCONCLUSIVE,support_failed:C2.1_TR>N1_p99.5+C2.2_tau_run_sigma+C2.2_tau_run_MAD+C2.3_mixture,BH family=CONTROL(3)
Z-domain_ZSPA-1_LL2_fitness_1LP1,latent,MAD,8550,0.0,1.2876434730964743,3.7817750585217795,6.749077320671018,TR2,2.936973733441537,2.406413041575742,2.4794997618279493,2.3242469738192284,6.6894731528928535,0.25659445980569373,0.11314161807447357,0.3487726155904583,0.8829192208939941,1.9894044101829955,2.2532122566871258,-749.929744377816,768.0371175016771,100.94750757442733,3.0,0.16288404581686897,True,268,0.03134502923976608,0.0044918128654970755,0.019092397660818713,0.022105263157894735,0.005202339181286549,1.6417544719431512,1.213030989604465,1.9653259421638938,6.025179856115107,0.004975124378109453,0.004975124378109453,1,INCONCLUSIVE,support_failed:C2.1_TR>N1_p99.5+C2.2_tau_run_sigma+C2.2_tau_run_MAD+C2.3_mixture,BH family=CONTROL(3)
Z-domain_ZSPA-1_LL2_fitness_1LP1,latent,MAD,8550,0.0,1.2876434730964743,3.7817750585217795,6.749077320671018,TR2,2.936973733441537,2.406413041575742,2.4794997618279493,2.3242469738192284,6.6894731528928535,0.25659445980569373,0.11314161807447357,0.3487726155904583,0.8829192208939941,1.9894044101829955,2.2532122566871258,-749.929744377816,768.0371175016771,100.94750757442733,4.0,0.21717872775582528,True,77,0.009005847953216375,0.00018070175438596493,0.007334502923976609,0.009473684210526316,0.0004602339181286549,1.2278743422101737,0.8272638158088204,1.7544279451275766,19.567979669631516,0.11940298507462686,0.11940298507462686,1,INCONCLUSIVE,support_failed:C2.1_TR>N1_p99.5+C2.2_tau_run_sigma+C2.2_tau_run_MAD+C2.3_mixture,BH family=CONTROL(3)
Z-domain_ZSPA-1_LL2_fitness_1LP1,latent,MAD,8550,0.0,1.2876434730964743,3.7817750585217795,6.749077320671018,TR2,2.936973733441537,2.406413041575742,2.4794997618279493,2.3242469738192284,6.6894731528928535,0.25659445980569373,0.11314161807447357,0.3487726155904583,0.8829192208939941,1.9894044101829955,2.2532122566871258,-749.929744377816,768.0371175016771,100.94750757442733,5.0,0.2714734096947816,True,32,0.0037426900584795323,1.9883040935672518e-05,0.003623391812865497,0.005263157894736842,4.3859649122807014e-05,1.0329244673983216,0.6364881883522108,1.6022904768635855,85.33333333333334,0.4427860696517413,0.664179104477612,1,INCONCLUSIVE,support_failed:C2.1_TR>N1_p99.5+C2.2_tau_run_sigma+C2.2_tau_run_MAD+C2.3_mixture,BH family=CONTROL(3)
Z-domain_ZSPA-1_LL2_fitness_1LP1,latent,MAD,8550,0.0,1.2876434730964743,3.7817750585217795,6.749077320671018,TR2,2.936973733441537,2.406413041575742,2.4794997618279493,2.3242469738192284,6.6894731528928535,0.25659445980569373,0.11314161807447357,0.3487726155904583,0.8829192208939941,1.9894044101829955,2.2532122566871258,-749.929744377816,768.0371175016771,100.94750757442733,6.0,0.32576809163373793,True,15,0.0017543859649122807,1.7543859649122807e-06,0.0016438596491228068,0.002690058479532164,5.847953216374269e-06,1.0672358591248667,0.5487160310265833,1.675831380799138,300.0,0.4577114427860697,0.6865671641791045,1,INCONCLUSIVE,support_failed:C2.1_TR>N1_p99.5+C2.2_tau_run_sigma+C2.2_tau_run_MAD+C2.3_mixture,BH family=CONTROL(3)
Z-domain_ZSPA-1_LL2_fitness_1LP1,latent,MAD,8550,0.0,1.2876434730964743,3.7817750585217795,6.749077320671018,TR2,2.936973733441537,2.406413041575742,2.4794997618279493,2.3242469738192284,6.6894731528928535,0.25659445980569373,0.11314161807447357,0.3487726155904583,0.8829192208939941,1.9894044101829955,2.2532122566871258,-749.929744377816,768.0371175016771,100.94750757442733,8.0,0.43435745551165056,True,4,0.00046783625730994154,0.0,3.450292397660819e-05,0.00011695906432748539,0.0,13.559322033898303,3.4323840416221723,33.857020306039374,,0.004975124378109453,0.007462686567164179,1,INCONCLUSIVE,support_failed:C2.1_TR>N1_p99.5+C2.2_tau_run_sigma+C2.2_tau_run_MAD+C2.3_mixture,BH family=CONTROL(3)
Z-domain_ZSPA-1_LL2_fitness_1LP1,raw,sigma,8550,0.0,1.3401854268019304,7.322387486500721,11.492229081229532,TR2,5.4637122147896,7.194259208206461,7.715803295524513,6.248088593525805,56.51448525473106,0.25108899484499864,0.1703743645560064,0.34176175969506006,0.7665239497511339,3.9409339057182042,5.141305639566384,-5462.9291423436625,5481.036515467527,6858.362040801814,2.0,0.25321130380409806,True,1392,0.16280701754385965,0.16009707602339185,0.16280701754385965,0.16280701754385965,0.15677602339181287,1.0,0.8314405504761575,1.309134723383731,1.038468855259673,1.0,1.0,0,REFUTED,,BH family=CONTROL(3)
Z-domain_ZSPA-1_LL2_fitness_1LP1,raw,sigma,8550,0.0,1.3401854268019304,7.322387486500721,11.492229081229532,TR2,5.4637122147896,7.194259208206461,7.715803295524513,6.248088593525805,56.51448525473106,0.25108899484499864,0.1703743645560064,0.34176175969506006,0.7665239497511339,3.9409339057182042,5.141305639566384,-5462.9291423436625,5481.036515467527,6858.362040801814,3.0,0.3798169557061471,True,825,0.09649122807017543,0.08799649122807018,0.09649122807017543,0.09649122807017543,0.08431228070175438,1.0,0.6972564208599558,1.4524450859088525,1.1444504556993633,1.0,1.0,0,REFUTED,,BH family=CONTROL(3)
Z-domain_ZSPA-1_LL2_fitness_1LP1,raw,sigma,8550,0.0,1.3401854268019304,7.322387486500721,11.492229081229532,TR2,5.4637122147896,7.194259208206461,7.715803295524513,6.248088593525805,56.51448525473106,0.25108899484499864,0.1703743645560064,0.34176175969506006,0.7665239497511339,3.9409339057182042,5.141305639566384,-5462.9291423436625,5481.036515467527,6858.362040801814,4.0,0.5064226076081961,True,507,0.059298245614035086,0.05656900584795322,0.059298245614035086,0.059298245614035086,0.051178362573099406,1.0,0.6207602514232242,1.5867182381597507,1.158658515683026,1.0,1.0,0,REFUTED,,BH family=CONTROL(3)
Z-domain_ZSPA-1_LL2_fitness_1LP1,raw,sigma,8550,0.0,1.3401854268019304,7.322387486500721,11.492229081229532,TR2,5.4637122147896,7.194259208206461,7.715803295524513,6.248088593525805,56.51448525473106,0.25108899484499864,0.1703743645560064,0.34176175969506006,0.7665239497511339,3.9409339057182042,5.141305639566384,-5462.9291423436625,5481.036515467527,6858.362040801814,5.0,0.6330282595102452,True,308,0.0360233918128655,0.038629239766081874,0.036023391812865506,0.0360233918128655,0.03270175438596491,0.9999999999999998,0.5433313501430115,1.7336154931539627,1.101573676680973,1.0,1.0,0,REFUTED,,BH family=CONTROL(3)
Z-domain_ZSPA-1_LL2_fitness_1LP1,raw,sigma,8550,0.0,1.3401854268019304,7.322387486500721,11.492229081229532,TR2,5.4637122147896,7.194259208206461,7.715803295524513,6.248088593525805,56.51448525473106,0.25108899484499864,0.1703743645560064,0.34176175969506006,0.7665239497511339,3.9409339057182042,5.141305639566384,-5462.9291423436625,5481.036515467527,6858.362040801814,6.0,0.7596339114122942,True,199,0.02327485380116959,0.026685380116959062,0.023274853801169594,0.02327485380116959,0.021281286549707606,0.9999999999999999,0.5131211956738322,1.7671907093307149,1.093677008051441,1.0,1.0,0,REFUTED,,BH family=CONTROL(3)
Z-domain_ZSPA-1_LL2_fitness_1LP1,raw,sigma,8550,0.0,1.3401854268019304,7.322387486500721,11.492229081229532,TR2,5.4637122147896,7.194259208206461,7.715803295524513,6.248088593525805,56.51448525473106,0.25108899484499864,0.1703743645560064,0.34176175969506006,0.7665239497511339,3.9409339057182042,5.141305639566384,-5462.9291423436625,5481.036515467527,6858.362040801814,8.0,1.0128452152163923,True,50,0.005847953216374269,0.013269590643274853,0.005847953216374269,0.005847953216374269,0.008901754385964912,1.0,0.370946768351483,1.950952717007763,0.6569438969911969,1.0,1.0,0,REFUTED,,BH family=CONTROL(3)
Z-domain_ZSPA-1_LL2_fitness_1LP1,raw,MAD,8550,0.0,2.1327441609609137,30.028770684514996,41.0673729176312,TR2,14.07987476143667,2.865466807530509,2.927005895790839,2.75952376682902,21.737368776886207,0.2782768266908781,0.2206810166033333,0.37309052511793733,0.8231266357664749,10.86751851115404,13.202729736760952,-13983.051034799195,14001.15840792306,3150.0954060129156,2.0,0.21772542503559367,True,2234,0.26128654970760234,0.22128713450292403,0.2612865497076023,0.26128654970760234,0.2499859649122807,1.0000000000000002,0.7755193896735898,1.4217794481079733,1.0452048769989426,1.0,1.0,0,REFUTED,,BH family=CONTROL(3)
Z-domain_ZSPA-1_LL2_fitness_1LP1,raw,MAD,8550,0.0,2.1327441609609137,30.028770684514996,41.0673729176312,TR2,14.07987476143667,2.865466807530509,2.927005895790839,2.75952376682902,21.737368776886207,0.2782768266908781,0.2206810166033333,0.37309052511793733,0.8231266357664749,10.86751851115404,13.202729736760952,-13983.051034799195,14001.15840792306,3150.0954060129156,3.0,0.3265881375533905,True,1638,0.19157894736842104,0.1116859649122807,0.19157894736842102,0.19157894736842104,0.16284853801169588,1.0000000000000002,0.7501349198048574,1.4960544684212742,1.17642411597617,1.0,1.0,0,REFUTED,,BH family=CONTROL(3)
Z-domain_ZSPA-1_LL2_fitness_1LP1,raw,MAD,8550,0.0,2.1327441609609137,30.028770684514996,41.0673729176312,TR2,14.07987476143667,2.865466807530509,2.927005895790839,2.75952376682902,21.737368776886207,0.2782768266908781,0.2206810166033333,0.37309052511793733,0.8231266357664749,10.86751851115404,13.202729736760952,-13983.051034799195,14001.15840792306,3150.0954060129156,4.0,0.43545085007118733,True,1317,0.15403508771929825,0.05451345029239766,0.15403508771929822,0.15403508771929825,0.10304385964912281,1.0000000000000002,0.7434614984058487,1.544094656580545,1.4948497488720525,1.0,1.0,0,REFUTED,,BH family=CONTROL(3)
Z-domain_ZSPA-1_LL2_fitness_1LP1,raw,MAD,8550,0.0,2.1327441609609137,30.028770684514996,41.0673729176312,TR2,14.07987476143667,2.865466807530509,2.927005895790839,2.75952376682902,21.737368776886207,0.2782768266908781,0.2206810166033333,0.37309052511793733,0.8231266357664749,10.86751851115404,13.202729736760952,-13983.051034799195,14001.15840792306,3150.0954060129156,5.0,0.5443135625889841,True,1101,0.1287719298245614,0.011363157894736842,0.12877192982456137,0.1287719298245614,0.06551929824561403,1.0000000000000002,0.7349509546614211,1.5929517445096968,1.9654045948695977,1.0,1.0,0,REFUTED,,BH family=CONTROL(3)
Z-domain_ZSPA-1_LL2_fitness_1LP1,raw,MAD,8550,0.0,2.1327441609609137,30.028770684514996,41.0673729176312,TR2,14.07987476143667,2.865466807530509,2.927005895790839,2.75952376682902,21.737368776886207,0.2782768266908781,0.2206810166033333,0.37309052511793733,0.8231266357664749,10.86751851115404,13.202729736760952,-13983.051034799195,14001.15840792306,3150.0954060129156,6.0,0.653176275106781,True,914,0.10690058479532163,0.0011362573099415205,0.10690058479532166,0.10690058479532163,0.04414912280701754,0.9999999999999998,0.7277276498185967,1.5628818210550397,2.4213524074442017,1.0,1.0,0,REFUTED,,BH family=CONTROL(3)
Z-domain_ZSPA-1_LL2_fitness_1LP1,raw,MAD,8550,0.0,2.1327441609609137,30.028770684514996,41.0673729176312,TR2,14.07987476143667,2.865466807530509,2.927005895790839,2.75952376682902,21.737368776886207,0.2782768266908781,0.2206810166033333,0.37309052511793733,0.8231266357664749,10.86751851115404,13.202729736760952,-13983.051034799195,14001.15840792306,3150.0954060129156,8.0,0.8709017001423747,True,676,0.07906432748538011,9.35672514619883e-06,0.07906432748538013,0.07906432748538011,0.01376374269005848,0.9999999999999998,0.7054184926407163,1.5881178827778337,5.744391570360299,1.0,1.0,0,REFUTED,,BH family=CONTROL(3)
Z-domain_ZpA963_HL1_fitness_2M5A,latent,sigma,9712,0.0,1.182692797373349,3.2011158851710166,4.420347626685421,TR2,2.7066334489229984,2.5855116151010606,2.666346158393326,2.4442324026568243,3.86172797455508,0.2221070775229282,0.16011870008699372,0.2763994330832454,0.90156220504003,1.5906515458792527,1.7643281151172778,-213.31096510806674,231.6732001346645,225.28014518250174,2.0,0.4594225650876424,True,626,0.06445634266886326,0.06898527594728171,0.06950782537067546,0.07384678747940691,0.055498867380560125,0.9273249785204277,0.6273387702278207,1.182207283940117,1.1613992449049637,0.9850746268656716,1.0,0,REFUTED,refuted_by:C2.maxT<1.5&CIhi<2,BH family=PRIMARY+ARM(14)
Z-domain_ZpA963_HL1_fitness_2M5A,latent,sigma,9712,0.0,1.182692797373349,3.2011158851710166,4.420347626685421,TR2,2.7066334489229984,2.5855116151010606,2.666346158393326,2.4442324026568243,3.86172797455508,0.2221070775229282,0.16011870008699372,0.2763994330832454,0.90156220504003,1.5906515458792527,1.7643281151172778,-213.31096510806674,231.6732001346645,225.28014518250174,3.0,0.6891338476314636,True,147,0.015135914332784184,0.009887252883031302,0.01595654859967051,0.018127059308072485,0.008462726523887973,0.9485706911015036,0.6652471445079025,1.2912533205805894,1.788538751672953,0.7661691542288557,1.0,0,REFUTED,refuted_by:C2.maxT<1.5&CIhi<2,BH family=PRIMARY+ARM(14)
Z-domain_ZpA963_HL1_fitness_2M5A,latent,sigma,9712,0.0,1.182692797373349,3.2011158851710166,4.420347626685421,TR2,2.7066334489229984,2.5855116151010606,2.666346158393326,2.4442324026568243,3.86172797455508,0.2221070775229282,0.16011870008699372,0.2763994330832454,0.90156220504003,1.5906515458792527,1.7643281151172778,-213.31096510806674,231.6732001346645,225.28014518250174,4.0,0.9188451301752848,True,26,0.0026771004942339376,0.0011305601317957166,0.0032418657331136735,0.004015650741350906,0.0015434514003294891,0.8257900587581389,0.6091575615001196,1.1474832022742578,1.7344896597731825,0.8606965174129353,1.0,0,REFUTED,refuted_by:C2.maxT<1.5&CIhi<2,BH family=PRIMARY+ARM(14)
Z-domain_ZpA963_HL1_fitness_2M5A,latent,sigma,9712,0.0,1.182692797373349,3.2011158851710166,4.420347626685421,TR2,2.7066334489229984,2.5855116151010606,2.666346158393326,2.4442324026568243,3.86172797455508,0.2221070775229282,0.16011870008699372,0.2763994330832454,0.90156220504003,1.5906515458792527,1.7643281151172778,-213.31096510806674,231.6732001346645,225.28014518250174,5.0,1.148556412719106,True,3,0.0003088962108731466,0.00012407331136738054,0.0004376029654036243,0.0007259060955518928,0.0003063220757825371,0.7058823529411765,0.2182177683907788,1.311522124671347,1.0084033613445378,0.8009950248756219,1.0,0,REFUTED,refuted_by:C2.maxT<1.5&CIhi<2,BH family=PRIMARY+ARM(14)
Z-domain_ZpA963_HL1_fitness_2M5A,latent,sigma,9712,0.0,1.182692797373349,3.2011158851710166,4.420347626685421,TR2,2.7066334489229984,2.5855116151010606,2.666346158393326,2.4442324026568243,3.86172797455508,0.2221070775229282,0.16011870008699372,0.2763994330832454,0.90156220504003,1.5906515458792527,1.7643281151172778,-213.31096510806674,231.6732001346645,225.28014518250174,6.0,1.3782676952629271,True,0,0.0,1.2870675453047778e-05,2.4711696869851732e-05,0.00010296540362438221,4.6334431630972e-05,0.0,0.0,0.0,0.0,1.0,1.0,0,REFUTED,refuted_by:C2.maxT<1.5&CIhi<2,BH family=PRIMARY+ARM(14)
Z-domain_ZpA963_HL1_fitness_2M5A,latent,sigma,9712,0.0,1.182692797373349,3.2011158851710166,4.420347626685421,TR2,2.7066334489229984,2.5855116151010606,2.666346158393326,2.4442324026568243,3.86172797455508,0.2221070775229282,0.16011870008699372,0.2763994330832454,0.90156220504003,1.5906515458792527,1.7643281151172778,-213.31096510806674,231.6732001346645,225.28014518250174,8.0,1.8376902603505696,True,0,0.0,0.0,0.0,0.0,0.0,,,,,1.0,1.0,0,REFUTED,refuted_by:C2.maxT<1.5&CIhi<2,BH family=PRIMARY+ARM(14)
Z-domain_ZpA963_HL1_fitness_2M5A,latent,MAD,9712,0.0,1.2074905414182893,3.4085600655882953,4.30223351041982,TR2,2.8228461827822544,3.2959055328523066,3.4066757461377017,3.079102962395295,3.6682085385547425,0.48113863180720134,0.20257853746826035,0.6178314507491472,0.7366328025609876,1.4632405929226369,1.986390760546523,-352.45399064130834,370.8162256679061,1092.19849882833,2.0,0.48219684862363743,True,843,0.0867998352553542,0.08947384678747941,0.09197745057660626,0.09689559308072487,0.11010193574958813,0.9437077752341078,0.5872294082844717,1.2474286431987645,0.7883588482292321,0.9154228855721394,0.9651741293532339,0,REFUTED,refuted_by:C2.maxT<1.5&CIhi<2,BH family=PRIMARY+ARM(14)
Z-domain_ZpA963_HL1_fitness_2M5A,latent,MAD,9712,0.0,1.2074905414182893,3.4085600655882953,4.30223351041982,TR2,2.8228461827822544,3.2959055328523066,3.4066757461377017,3.079102962395295,3.6682085385547425,0.48113863180720134,0.20257853746826035,0.6178314507491472,0.7366328025609876,1.4632405929226369,1.986390760546523,-352.45399064130834,370.8162256679061,1092.19849882833,3.0,0.7232952729354561,True,197,0.020284184514003295,0.026176379736408566,0.02527234349258649,0.028830313014827018,0.0442246705107084,0.8026238057405936,0.5575853569444817,1.0099293188533265,0.45866219645642714,0.9950248756218906,1.0,0,REFUTED,refuted_by:C2.maxT<1.5&CIhi<2,BH family=PRIMARY+ARM(14)
Z-domain_ZpA963_HL1_fitness_2M5A,latent,MAD,9712,0.0,1.2074905414182893,3.4085600655882953,4.30223351041982,TR2,2.8228461827822544,3.2959055328523066,3.4066757461377017,3.079102962395295,3.6682085385547425,0.48113863180720134,0.20257853746826035,0.6178314507491472,0.7366328025609876,1.4632405929226369,1.986390760546523,-352.45399064130834,370.8162256679061,1092.19849882833,4.0,0.9643936972472749,True,26,0.0026771004942339376,0.0074608731466227355,0.0036485790774299838,0.004741556836902799,0.016459534596375617,0.7337378298292648,0.3605708624084159,1.2474530702654687,0.16264739920553004,0.9502487562189055,0.9502487562189055,0,REFUTED,refuted_by:C2.maxT<1.5&CIhi<2,BH family=PRIMARY+ARM(14)
Z-domain_ZpA963_HL1_fitness_2M5A,latent,MAD,9712,0.0,1.2074905414182893,3.4085600655882953,4.30223351041982,TR2,2.8228461827822544,3.2959055328523066,3.4066757461377017,3.079102962395295,3.6682085385547425,0.48113863180720134,0.20257853746826035,0.6178314507491472,0.7366328025609876,1.4632405929226369,1.986390760546523,-352.45399064130834,370.8162256679061,1092.19849882833,5.0,1.2054921215590935,True,0,0.0,0.001960461285008237,0.00013745881383855023,0.00031404448105436396,0.0049289538714991765,0.0,0.0,0.0,0.0,1.0,1.0,0,REFUTED,refuted_by:C2.maxT<1.5&CIhi<2,BH family=PRIMARY+ARM(14)
Z-domain_ZpA963_HL1_fitness_2M5A,latent,MAD,9712,0.0,1.2074905414182893,3.4085600655882953,4.30223351041982,TR2,2.8228461827822544,3.2959055328523066,3.4066757461377017,3.079102962395295,3.6682085385547425,0.48113863180720134,0.20257853746826035,0.6178314507491472,0.7366328025609876,1.4632405929226369,1.986390760546523,-352.45399064130834,370.8162256679061,1092.19849882833,6.0,1.4465905458709123,True,0,0.0,0.0004617998352553541,0.0,0.0,0.0012098434925864909,,,,0.0,1.0,1.0,0,REFUTED,refuted_by:C2.maxT<1.5&CIhi<2,BH family=PRIMARY+ARM(14)
Z-domain_ZpA963_HL1_fitness_2M5A,latent,MAD,9712,0.0,1.2074905414182893,3.4085600655882953,4.30223351041982,TR2,2.8228461827822544,3.2959055328523066,3.4066757461377017,3.079102962395295,3.6682085385547425,0.48113863180720134,0.20257853746826035,0.6178314507491472,0.7366328025609876,1.4632405929226369,1.986390760546523,-352.45399064130834,370.8162256679061,1092.19849882833,8.0,1.9287873944945497,True,0,0.0,7.722405271828668e-06,0.0,0.0,3.140444810543657e-05,,,,0.0,1.0,1.0,0,REFUTED,refuted_by:C2.maxT<1.5&CIhi<2,BH family=PRIMARY+ARM(14)
Z-domain_ZpA963_HL1_fitness_2M5A,raw,sigma,9712,0.0,1.248648635030467,3.842295041571428,5.554008930949022,TR2,3.0771627291913677,2.8885459240915417,3.01500857697961,2.753443623039902,4.688537355751128,0.12080280168168746,0.08556855582063368,0.16866200615681692,0.9791780992930359,2.144972205600531,2.190584335116559,-536.2120514773123,554.5742865039101,621.7916346398702,2.0,0.4326760408236237,True,748,0.07701812191103789,0.08624588138385501,0.07701812191103788,0.07701812191103789,0.07765135914332784,1.0000000000000002,0.6895576315959024,1.2576767445856203,0.9918451236491415,1.0,1.0,0,INCONCLUSIVE,,BH family=PRIMARY+ARM(14)
Z-domain_ZpA963_HL1_fitness_2M5A,raw,sigma,9712,0.0,1.248648635030467,3.842295041571428,5.554008930949022,TR2,3.0771627291913677,2.8885459240915417,3.01500857697961,2.753443623039902,4.688537355751128,0.12080280168168746,0.08556855582063368,0.16866200615681692,0.9791780992930359,2.144972205600531,2.190584335116559,-536.2120514773123,554.5742865039101,621.7916346398702,3.0,0.6490140612354356,True,206,0.021210873146622736,0.019804365733113675,0.021210873146622736,0.021210873146622736,0.01742895387149918,1.0,0.47926286036388943,1.604788125128077,1.2169906067229868,1.0,1.0,0,INCONCLUSIVE,,BH family=PRIMARY+ARM(14)
Z-domain_ZpA963_HL1_fitness_2M5A,raw,sigma,9712,0.0,1.248648635030467,3.842295041571428,5.554008930949022,TR2,3.0771627291913677,2.8885459240915417,3.01500857697961,2.753443623039902,4.688537355751128,0.12080280168168746,0.08556855582063368,0.16866200615681692,0.9791780992930359,2.144972205600531,2.190584335116559,-536.2120514773123,554.5742865039101,621.7916346398702,4.0,0.8653520816472474,True,77,0.00792833607907743,0.004338447281713345,0.007928336079077431,0.00792833607907743,0.0037695634266886324,0.9999999999999998,0.19079947688483892,1.9465189918676697,2.1032504780114722,1.0,1.0,0,INCONCLUSIVE,,BH family=PRIMARY+ARM(14)
Z-domain_ZpA963_HL1_fitness_2M5A,raw,sigma,9712,0.0,1.248648635030467,3.842295041571428,5.554008930949022,TR2,3.0771627291913677,2.8885459240915417,3.01500857697961,2.753443623039902,4.688537355751128,0.12080280168168746,0.08556855582063368,0.16866200615681692,0.9791780992930359,2.144972205600531,2.190584335116559,-536.2120514773123,554.5742865039101,621.7916346398702,5.0,1.0816901020590592,True,24,0.002471169686985173,0.0008844728171334431,0.002471169686985173,0.002471169686985173,0.0007990115321252058,1.0,0.040641424793277765,2.2132469833349058,3.0927835051546393,1.0,1.0,0,INCONCLUSIVE,,BH family=PRIMARY+ARM(14)
Z-domain_ZpA963_HL1_fitness_2M5A,raw,sigma,9712,0.0,1.248648635030467,3.842295041571428,5.554008930949022,TR2,3.0771627291913677,2.8885459240915417,3.01500857697961,2.753443623039902,4.688537355751128,0.12080280168168746,0.08556855582063368,0.16866200615681692,0.9791780992930359,2.144972205600531,2.190584335116559,-536.2120514773123,554.5742865039101,621.7916346398702,6.0,1.2980281224708712,True,2,0.00020593080724876442,0.00020335667215815484,0.0002059308072487644,0.00020593080724876442,0.00017452635914332783,1.0000000000000002,0.0,2.975490196078432,1.1799410029498525,1.0,1.0,0,INCONCLUSIVE,,BH family=PRIMARY+ARM(14)
Z-domain_ZpA963_HL1_fitness_2M5A,raw,sigma,9712,0.0,1.248648635030467,3.842295041571428,5.554008930949022,TR2,3.0771627291913677,2.8885459240915417,3.01500857697961,2.753443623039902,4.688537355751128,0.12080280168168746,0.08556855582063368,0.16866200615681692,0.9791780992930359,2.144972205600531,2.190584335116559,-536.2120514773123,554.5742865039101,621.7916346398702,8.0,1.7307041632944948,True,0,0.0,1.029654036243822e-05,0.0,0.0,1.0296540362438222e-05,,,,0.0,1.0,1.0,0,INCONCLUSIVE,,BH family=PRIMARY+ARM(14)
Z-domain_ZpA963_HL1_fitness_2M5A,raw,MAD,9712,0.0,1.2715360196133612,4.595769976925273,6.091159895276126,TR2,3.6143450960380337,3.6516588026320833,3.8291476501112194,3.432430039184816,4.945828032988626,0.37139174948030346,0.1794818705235121,0.590110031554463,0.7192097512341186,2.115569185039149,2.9415190511654856,-1717.9004072848766,1736.262642311478,1835.805431471714,2.0,0.5232089169183264,True,1284,0.13220757825370674,0.12044069192751236,0.13220757825370671,0.13220757825370674,0.11001544481054366,1.0000000000000002,0.6062749476287375,1.3848451831049322,1.2017183449231141,1.0,1.0,0,INCONCLUSIVE,,BH family=PRIMARY+ARM(14)
Z-domain_ZpA963_HL1_fitness_2M5A,raw,MAD,9712,0.0,1.2715360196133612,4.595769976925273,6.091159895276126,TR2,3.6143450960380337,3.6516588026320833,3.8291476501112194,3.432430039184816,4.945828032988626,0.37139174948030346,0.1794818705235121,0.590110031554463,0.7192097512341186,2.115569185039149,2.9415190511654856,-1717.9004072848766,1736.262642311478,1835.805431471714,3.0,0.7848133753774895,True,594,0.06116144975288303,0.04550967874794069,0.06116144975288304,0.06116144975288303,0.03480436573311367,0.9999999999999999,0.661901913645071,1.276545145814324,1.7572924679013078,1.0,1.0,0,INCONCLUSIVE,,BH family=PRIMARY+ARM(14)
Z-domain_ZpA963_HL1_fitness_2M5A,raw,MAD,9712,0.0,1.2715360196133612,4.595769976925273,6.091159895276126,TR2,3.6143450960380337,3.6516588026320833,3.8291476501112194,3.432430039184816,4.945828032988626,0.37139174948030346,0.1794818705235121,0.590110031554463,0.7192097512341186,2.115569185039149,2.9415190511654856,-1717.9004072848766,1736.262642311478,1835.805431471714,4.0,1.0464178338366528,True,188,0.019357495881383854,0.01711439456342669,0.019357495881383854,0.019357495881383854,0.011325164744645799,1.0,0.7209856878028689,1.3790871338430322,1.7092462951177378,1.0,1.0,0,INCONCLUSIVE,,BH family=PRIMARY+ARM(14)
Z-domain_ZpA963_HL1_fitness_2M5A,raw,MAD,9712,0.0,1.2715360196133612,4.595769976925273,6.091159895276126,TR2,3.6143450960380337,3.6516588026320833,3.8291476501112194,3.432430039184816,4.945828032988626,0.37139174948030346,0.1794818705235121,0.590110031554463,0.7192097512341186,2.115569185039149,2.9415190511654856,-1717.9004072848766,1736.262642311478,1835.805431471714,5.0,1.308022292295816,True,62,0.006383855024711697,0.006058484349258649,0.006383855024711698,0.006383855024711697,0.0032964373970345963,0.9999999999999999,0.3990280147889064,1.605225051651418,1.9365922223957521,1.0,1.0,0,INCONCLUSIVE,,BH family=PRIMARY+ARM(14)
Z-domain_ZpA963_HL1_fitness_2M5A,raw,MAD,9712,0.0,1.2715360196133612,4.595769976925273,6.091159895276126,TR2,3.6143450960380337,3.6516588026320833,3.8291476501112194,3.432430039184816,4.945828032988626,0.37139174948030346,0.1794818705235121,0.590110031554463,0.7192097512341186,2.115569185039149,2.9415190511654856,-1717.9004072848766,1736.262642311478,1835.805431471714,6.0,1.569626750754979,True,14,0.001441515650741351,0.0019259678747940692,0.0014415156507413508,0.001441515650741351,0.0008798393739703459,1.0000000000000002,0.07177476291689269,1.9750118323791628,1.638385020479813,1.0,1.0,0,INCONCLUSIVE,,BH family=PRIMARY+ARM(14)
Z-domain_ZpA963_HL1_fitness_2M5A,raw,MAD,9712,0.0,1.2715360196133612,4.595769976925273,6.091159895276126,TR2,3.6143450960380337,3.6516588026320833,3.8291476501112194,3.432430039184816,4.945828032988626,0.37139174948030346,0.1794818705235121,0.590110031554463,0.7192097512341186,2.115569185039149,2.9415190511654856,-1717.9004072848766,1736.262642311478,1835.805431471714,8.0,2.0928356676733055,True,0,0.0,0.00012252883031301483,0.0,0.0,4.478995057660627e-05,,,,0.0,1.0,1.0,0,INCONCLUSIVE,,BH family=PRIMARY+ARM(14)
hYAP65_peptide_FunctioncalScore_1JMQ,latent,sigma,29356,0.0,1.2850938507515988,3.7946136093770315,5.6431316746419435,TR1,4.391221443742421,4.58453194008912,4.915064702129779,3.908994132677185,5.524739315346768,0.138486953168958,0.12078125745834457,0.1615965007826428,1.0522810387856834,2.1453247223235423,2.038737412582493,-1231.3907679479744,1251.9652724152984,4152.116608074341,2.0,0.6245797139340376,True,2792,0.09510832538492983,0.13421975064722713,0.10564296906935551,0.10965560703093064,0.13428890175773264,0.9002806928162953,0.7893543562742577,1.056988656265569,0.7082366758536194,1.0,1.0,0,REFUTED,refuted_by:C2.TR<N1_p95,BH family=PRIMARY+ARM(14)
hYAP65_peptide_FunctioncalScore_1JMQ,latent,sigma,29356,0.0,1.2850938507515988,3.7946136093770315,5.6431316746419435,TR1,4.391221443742421,4.58453194008912,4.915064702129779,3.908994132677185,5.524739315346768,0.138486953168958,0.12078125745834457,0.1615965007826428,1.0522810387856834,2.1453247223235423,2.038737412582493,-1231.3907679479744,1251.9652724152984,4152.116608074341,3.0,0.9368695709010564,True,803,0.027353862924104102,0.04723259299632103,0.03344818776400055,0.035122291865376756,0.044570956533587676,0.817798055820064,0.6880297156517996,1.0252074810940532,0.6137149626459294,1.0,1.0,0,REFUTED,refuted_by:C2.TR<N1_p95,BH family=PRIMARY+ARM(14)
hYAP65_peptide_FunctioncalScore_1JMQ,latent,sigma,29356,0.0,1.2850938507515988,3.7946136093770315,5.6431316746419435,TR1,4.391221443742421,4.58453194008912,4.915064702129779,3.908994132677185,5.524739315346768,0.138486953168958,0.12078125745834457,0.1615965007826428,1.0522810387856834,2.1453247223235423,2.038737412582493,-1231.3907679479744,1251.9652724152984,4152.116608074341,4.0,1.249159427868075,True,233,0.007937048644229458,0.014134418858155062,0.009535870009538084,0.010491892628423491,0.015114967979288732,0.8323360780181113,0.583307758111534,1.217360734951424,0.5251118398070833,0.9900497512437811,1.0,0,REFUTED,refuted_by:C2.TR<N1_p95,BH family=PRIMARY+ARM(14)
hYAP65_peptide_FunctioncalScore_1JMQ,latent,sigma,29356,0.0,1.2850938507515988,3.7946136093770315,5.6431316746419435,TR1,4.391221443742421,4.58453194008912,4.915064702129779,3.908994132677185,5.524739315346768,0.138486953168958,0.12078125745834457,0.1615965007826428,1.0522810387856834,2.1453247223235423,2.038737412582493,-1231.3907679479744,1251.9652724152984,4152.116608074341,5.0,1.5614492848350938,True,68,0.0023163918790025887,0.0035474860335195533,0.0029380705818231366,0.003440523232047963,0.0049335740564109545,0.7884057971014492,0.4987771093750917,1.2302263471355936,0.46951598425740526,0.9900497512437811,1.0,0,REFUTED,refuted_by:C2.TR<N1_p95,BH family=PRIMARY+ARM(14)
hYAP65_peptide_FunctioncalScore_1JMQ,latent,sigma,29356,0.0,1.2850938507515988,3.7946136093770315,5.6431316746419435,TR1,4.391221443742421,4.58453194008912,4.915064702129779,3.908994132677185,5.524739315346768,0.138486953168958,0.12078125745834457,0.1615965007826428,1.0522810387856834,2.1453247223235423,2.038737412582493,-1231.3907679479744,1251.9652724152984,4152.116608074341,6.0,1.8737391418021128,True,21,0.0007153563155743289,0.0007884248535222782,0.0010023504564654585,0.0012603896988690557,0.001608700095380842,0.713678844519966,0.3706289322165581,1.2978844835613579,0.44467972472207523,0.9701492537313433,1.0,0,REFUTED,refuted_by:C2.TR<N1_p95,BH family=PRIMARY+ARM(14)
hYAP65_peptide_FunctioncalScore_1JMQ,latent,sigma,29356,0.0,1.2850938507515988,3.7946136093770315,5.6431316746419435,TR1,4.391221443742421,4.58453194008912,4.915064702129779,3.908994132677185,5.524739315346768,0.138486953168958,0.12078125745834457,0.1615965007826428,1.0522810387856834,2.1453247223235423,2.038737412582493,-1231.3907679479744,1251.9652724152984,4152.116608074341,8.0,2.49831885573615,True,3,0.00010219375936776127,3.1339419539446795e-05,0.0001285938138710996,0.00023845210519144299,0.00014494481536994142,0.794701986754967,0.0,1.879331174412961,0.7050528789659224,0.7114427860696517,1.0,0,REFUTED,refuted_by:C2.TR<N1_p95,BH family=PRIMARY+ARM(14)
hYAP65_peptide_FunctioncalScore_1JMQ,latent,MAD,29356,0.0,1.4537305643877514,3.5905467245491076,4.368002813878626,TR1,3.004685270353548,3.4680562129618995,3.6053240998074276,3.2950273054327988,3.522836857056163,0.6493508582183926,0.6397836040701252,0.6637373484351109,1.1117535328160597,1.4734063395450114,1.3252994445746342,-11.680599318089662,32.25510378541367,1619.0413370046413,2.0,0.5763151955734309,True,3851,0.13118272244174956,0.09093064450197573,0.11970244583730753,0.12537811690966072,0.0845408093745742,1.0959067838935,1.0000902810230767,1.244491772657465,1.5517088541288913,0.004975124378109453,0.011608623548922057,0,REFUTED,refuted_by:C2.TR<N1_p95,BH family=PRIMARY+ARM(14)
hYAP65_peptide_FunctioncalScore_1JMQ,latent,MAD,29356,0.0,1.4537305643877514,3.5905467245491076,4.368002813878626,TR1,3.004685270353548,3.4680562129618995,3.6053240998074276,3.2950273054327988,3.522836857056163,0.6493508582183926,0.6397836040701252,0.6637373484351109,1.1117535328160597,1.4734063395450114,1.3252994445746342,-11.680599318089662,32.25510378541367,1619.0413370046413,3.0,0.8644727933601464,True,1041,0.03546123450061316,0.01873773674887587,0.023091190897942503,0.02613775718762774,0.02093336966889222,1.5357040118607685,1.2522659374074512,1.9856709114491806,1.6940050771333723,0.004975124378109453,0.013930348258706468,0,REFUTED,refuted_by:C2.TR<N1_p95,BH family=PRIMARY+ARM(14)
hYAP65_peptide_FunctioncalScore_1JMQ,latent,MAD,29356,0.0,1.4537305643877514,3.5905467245491076,4.368002813878626,TR1,3.004685270353548,3.4680562129618995,3.6053240998074276,3.2950273054327988,3.522836857056163,0.6493508582183926,0.6397836040701252,0.6637373484351109,1.1117535328160597,1.4734063395450114,1.3252994445746342,-11.680599318089662,32.25510378541367,1619.0413370046413,4.0,1.1526303911468618,True,81,0.0027592315029295543,0.0010921106417768089,0.002235318163237498,0.0028290639051641907,0.0036076100286142527,1.2343797622676014,0.9375020845121114,1.654792904135105,0.7648364099900854,0.09950248756218906,0.13930348258706468,0,REFUTED,refuted_by:C2.TR<N1_p95,BH family=PRIMARY+ARM(14)
hYAP65_peptide_FunctioncalScore_1JMQ,latent,MAD,29356,0.0,1.4537305643877514,3.5905467245491076,4.368002813878626,TR1,3.004685270353548,3.4680562129618995,3.6053240998074276,3.2950273054327988,3.522836857056163,0.6493508582183926,0.6397836040701252,0.6637373484351109,1.1117535328160597,1.4734063395450114,1.3252994445746342,-11.680599318089662,32.25510378541367,1619.0413370046413,5.0,1.4407879889335773,True,5,0.00017032293227960214,6.046464095925875e-05,0.0002679179724758141,0.00044283962392696553,0.00030113094427033655,0.6357279084551812,0.13890748202511702,1.245349940501586,0.5656108597285069,0.8756218905472637,1.0,0,REFUTED,refuted_by:C2.TR<N1_p95,BH family=PRIMARY+ARM(14)
hYAP65_peptide_FunctioncalScore_1JMQ,latent,MAD,29356,0.0,1.4537305643877514,3.5905467245491076,4.368002813878626,TR1,3.004685270353548,3.4680562129618995,3.6053240998074276,3.2950273054327988,3.522836857056163,0.6493508582183926,0.6397836040701252,0.6637373484351109,1.1117535328160597,1.4734063395450114,1.3252994445746342,-11.680599318089662,32.25510378541367,1619.0413370046413,6.0,1.7289455867202927,True,0,0.0,9.708407139937321e-06,4.258073306990053e-06,3.4064586455920425e-05,2.5378116909660717e-05,0.0,0.0,0.0,0.0,1.0,1.0,0,REFUTED,refuted_by:C2.TR<N1_p95,BH family=PRIMARY+ARM(14)
hYAP65_peptide_FunctioncalScore_1JMQ,latent,MAD,29356,0.0,1.4537305643877514,3.5905467245491076,4.368002813878626,TR1,3.004685270353548,3.4680562129618995,3.6053240998074276,3.2950273054327988,3.522836857056163,0.6493508582183926,0.6397836040701252,0.6637373484351109,1.1117535328160597,1.4734063395450114,1.3252994445746342,-11.680599318089662,32.25510378541367,1619.0413370046413,8.0,2.3052607822937237,True,0,0.0,1.7032293227960214e-07,0.0,0.0,1.8735522550756234e-06,,,,0.0,1.0,1.0,0,REFUTED,refuted_by:C2.TR<N1_p95,BH family=PRIMARY+ARM(14)
hYAP65_peptide_FunctioncalScore_1JMQ,raw,sigma,29356,0.0,1.8608546938643695,3.602450920845749,5.186093534768146,TR1,2.7869416950543155,4.086941705313669,4.177966966304199,3.8639708071804635,3.1674833349838964,0.960630691973912,0.9444453115672932,0.9810632911655004,0.32371053983787546,1.526407182117719,4.715345947284238,-62.73393793345895,83.30844240078295,3664.2015378551455,2.0,0.5989307530099752,True,6253,0.2130058591088704,0.16119004632783757,0.21300585910887043,0.2130058591088704,0.17937440386973702,0.9999999999999999,0.9004851074204785,1.115934099262485,1.1874930564985002,1.0,1.0,0,REFUTED,,BH family=PRIMARY+ARM(14)
hYAP65_peptide_FunctioncalScore_1JMQ,raw,sigma,29356,0.0,1.8608546938643695,3.602450920845749,5.186093534768146,TR1,2.7869416950543155,4.086941705313669,4.177966966304199,3.8639708071804635,3.1674833349838964,0.960630691973912,0.9444453115672932,0.9810632911655004,0.32371053983787546,1.526407182117719,4.715345947284238,-62.73393793345895,83.30844240078295,3664.2015378551455,3.0,0.8983961295149628,True,853,0.02905709224690012,0.06033093745741926,0.02905709224690012,0.02905709224690012,0.0845966752963619,1.0,0.7702421123919235,1.3458085903891608,0.34347794573612195,1.0,1.0,0,REFUTED,,BH family=PRIMARY+ARM(14)
hYAP65_peptide_FunctioncalScore_1JMQ,raw,sigma,29356,0.0,1.8608546938643695,3.602450920845749,5.186093534768146,TR1,2.7869416950543155,4.086941705313669,4.177966966304199,3.8639708071804635,3.1674833349838964,0.960630691973912,0.9444453115672932,0.9810632911655004,0.32371053983787546,1.526407182117719,4.715345947284238,-62.73393793345895,83.30844240078295,3664.2015378551455,4.0,1.1978615060199505,True,160,0.005450333832947268,0.019736510423763457,0.005450333832947268,0.005450333832947268,0.03369174955716037,1.0,0.7068961689910687,1.4191141926176911,0.1617705789870129,1.0,1.0,0,REFUTED,,BH family=PRIMARY+ARM(14)
hYAP65_peptide_FunctioncalScore_1JMQ,raw,sigma,29356,0.0,1.8608546938643695,3.602450920845749,5.186093534768146,TR1,2.7869416950543155,4.086941705313669,4.177966966304199,3.8639708071804635,3.1674833349838964,0.960630691973912,0.9444453115672932,0.9810632911655004,0.32371053983787546,1.526407182117719,4.715345947284238,-62.73393793345895,83.30844240078295,3664.2015378551455,5.0,1.4973268825249382,True,37,0.0012603896988690557,0.005283417359313258,0.0012603896988690555,0.0012603896988690557,0.011163135304537403,1.0000000000000002,0.6388955642237455,1.4896601613063083,0.1129064249858867,1.0,1.0,0,REFUTED,,BH family=PRIMARY+ARM(14)
hYAP65_peptide_FunctioncalScore_1JMQ,raw,sigma,29356,0.0,1.8608546938643695,3.602450920845749,5.186093534768146,TR1,2.7869416950543155,4.086941705313669,4.177966966304199,3.8639708071804635,3.1674833349838964,0.960630691973912,0.9444453115672932,0.9810632911655004,0.32371053983787546,1.526407182117719,4.715345947284238,-62.73393793345895,83.30844240078295,3664.2015378551455,6.0,1.7967922590299257,True,7,0.00023845210519144299,0.00040502793296089384,0.00023845210519144296,0.00023845210519144299,0.003105668347186265,1.0000000000000002,0.3563227450539562,2.052454993922842,0.07677964242623671,1.0,1.0,0,REFUTED,,BH family=PRIMARY+ARM(14)
hYAP65_peptide_FunctioncalScore_1JMQ,raw,sigma,29356,0.0,1.8608546938643695,3.602450920845749,5.186093534768146,TR1,2.7869416950543155,4.086941705313669,4.177966966304199,3.8639708071804635,3.1674833349838964,0.960630691973912,0.9444453115672932,0.9810632911655004,0.32371053983787546,1.526407182117719,4.715345947284238,-62.73393793345895,83.30844240078295,3664.2015378551455,8.0,2.395723012039901,True,0,0.0,1.2263251124131356e-05,0.0,0.0,7.374982967706773e-05,,,,0.0,1.0,1.0,0,REFUTED,,BH family=PRIMARY+ARM(14)
hYAP65_peptide_FunctioncalScore_1JMQ,raw,MAD,29356,0.0,1.488132989654425,3.0552439052004696,4.085136702045185,TR1,2.7451422221301858,3.240056925563309,3.3118206909751073,3.1073377226204557,3.461499863868795,0.8169839239096162,0.7963857969799236,0.8495184386174465,0.2977123737116599,1.2930580493657706,4.343313088552114,-1374.5049033873947,1395.0794078547187,2792.792105846431,2.0,0.8657251358927912,True,2524,0.08597901621474316,0.1303314484262161,0.08597901621474315,0.08597901621474316,0.14876124131353047,1.0000000000000002,0.7735369488964309,1.3387602119526611,0.5779665150382353,1.0,1.0,0,REFUTED,,BH family=PRIMARY+ARM(14)
hYAP65_peptide_FunctioncalScore_1JMQ,raw,MAD,29356,0.0,1.488132989654425,3.0552439052004696,4.085136702045185,TR1,2.7451422221301858,3.240056925563309,3.3118206909751073,3.1073377226204557,3.461499863868795,0.8169839239096162,0.7963857969799236,0.8495184386174465,0.2977123737116599,1.2930580493657706,4.343313088552114,-1374.5049033873947,1395.0794078547187,2792.792105846431,3.0,1.2985877038391869,True,321,0.010934732252350457,0.032003508652404956,0.01093473225235046,0.010934732252350457,0.05571671889903256,0.9999999999999997,0.6417075414763111,1.5795327930170635,0.19625585404922907,1.0,1.0,0,REFUTED,,BH family=PRIMARY+ARM(14)
hYAP65_peptide_FunctioncalScore_1JMQ,raw,MAD,29356,0.0,1.488132989654425,3.0552439052004696,4.085136702045185,TR1,2.7451422221301858,3.240056925563309,3.3118206909751073,3.1073377226204557,3.461499863868795,0.8169839239096162,0.7963857969799236,0.8495184386174465,0.2977123737116599,1.2930580493657706,4.343313088552114,-1374.5049033873947,1395.0794078547187,2792.792105846431,4.0,1.7314502717855824,True,40,0.001362583458236817,0.0022896511786346914,0.001362583458236817,0.001362583458236817,0.012885951764545576,1.0,0.5428185570977343,1.7213259718732534,0.10574177857671568,1.0,1.0,0,REFUTED,,BH family=PRIMARY+ARM(14)
hYAP65_peptide_FunctioncalScore_1JMQ,raw,MAD,29356,0.0,1.488132989654425,3.0552439052004696,4.085136702045185,TR1,2.7451422221301858,3.240056925563309,3.3118206909751073,3.1073377226204557,3.461499863868795,0.8169839239096162,0.7963857969799236,0.8495184386174465,0.2977123737116599,1.2930580493657706,4.343313088552114,-1374.5049033873947,1395.0794078547187,2792.792105846431,5.0,2.164312839731978,True,1,3.4064586455920425e-05,0.00013029704319389562,3.406458645592044e-05,3.4064586455920425e-05,0.0012183199345959942,0.9999999999999996,0.0,3.3955654714829304,0.027960296379141613,1.0,1.0,0,REFUTED,,BH family=PRIMARY+ARM(14)
hYAP65_peptide_FunctioncalScore_1JMQ,raw,MAD,29356,0.0,1.488132989654425,3.0552439052004696,4.085136702045185,TR1,2.7451422221301858,3.240056925563309,3.3118206909751073,3.1073377226204557,3.461499863868795,0.8169839239096162,0.7963857969799236,0.8495184386174465,0.2977123737116599,1.2930580493657706,4.343313088552114,-1374.5049033873947,1395.0794078547187,2792.792105846431,6.0,2.5971754076783737,True,0,0.0,1.9927783076713446e-05,0.0,0.0,0.00012535767815778718,,,,0.0,1.0,1.0,0,REFUTED,,BH family=PRIMARY+ARM(14)
hYAP65_peptide_FunctioncalScore_1JMQ,raw,MAD,29356,0.0,1.488132989654425,3.0552439052004696,4.085136702045185,TR1,2.7451422221301858,3.240056925563309,3.3118206909751073,3.1073377226204557,3.461499863868795,0.8169839239096162,0.7963857969799236,0.8495184386174465,0.2977123737116599,1.2930580493657706,4.343313088552114,-1374.5049033873947,1395.0794078547187,2792.792105846431,8.0,3.462900543571165,True,0,0.0,6.812917291184085e-07,0.0,0.0,5.961302629786074e-06,,,,0.0,1.0,1.0,0,REFUTED,,BH family=PRIMARY+ARM(14)
