DMS_id,route,feasible,n_units,beta_sibling,se_hc3,beta_N2_p995,beta_in_N2_band,ICC,ICC_lo95,ICC_hi95,ICC_N2_mean,dR2_oos,dR2_lo95,dR2_hi95,top1pct_share,ridge_lambda,AUROC_L5,AUROC_lo95,p_NS2,depth_spearman,best_struct_covariate,density_q1_rate,density_q5_rate,density_monotone,floor_mask_invariant,latent_raw_consistent,verdict_C3L,verdict_C3A,failing_criterion,tier,family_id,route_name,infeasible_reason,gate_statistic,gate_value,gate_threshold,n_units_all,n_groups,n_groups_ge2,kbar,beta_sibling_raw_num,beta_t_hc3,beta_p_hc3,beta_boot_lo95,beta_boot_hi95,beta_N2_mean,beta_N2_sd,beta_N2_p025,beta_N2_p975,p_N2,beta_raw_scale,beta_unmasked,icc_addcol_obs,icc_addcol_N2_mean,icc_addcol_N2_p995,icc_addcol_N1_p995,icc_addcol_N2c_p995,icc_addcol_in_N2_band,ICC_perm_mean,ICC_perm_p995,ICC_perm_p,icc_n2_is_identity,ICC_raw_scale,ICC_unmasked,ICC_boot_B,ICC_null_used,dR2_r2_add,dR2_r2_pair,n_Z_cols,mean_obs_per_Z_col,dR2_oos_raw_scale,dR2_top1_abs,n_top1_cols,AUROC_hi95,AUROC_NS2_mean,AUROC_NS2_p995,n_cliff_L5,n_noncliff_L5,sigma_eps_used,sigma_provenance,AUROC_all_backgrounds,AUROC_raw_scale,R_L3,sign_agreement_L3,n_shared_L3,depth_spearman_tau3,best_struct_covariate_name,struct_covariate_json,density_rates_json,density_spearman,density_enriched_q1,density_enriched_q5,density_null_used,floor_note,scale_note,sigma_grid_json,density_tau_used,depth_tau_used,p_N2_qBH,B_null,nproc,wall_s,seed,notes
5A12_VEGF_fitness_4ZFF,L1,True,1669,0.585967573487688,0.03602896267576523,0.17907314334509528,False,,,,,,,,,,,,,0.11666666666666665,0.65,0.021808268968650613,0.003181095205635083,False,True,True,SUPPORTED,SUPPORTED,,PRIMARY,F4,sibling_corroboration,,n_edges_with_|S|>=3_in_P_a,1669.0,1000.0,1703,,,,0.7202233654875446,16.263792514954567,1.7834841719854633e-59,0.5132537703663521,0.6531921602955436,-0.0027523530953033216,0.08060969499692608,-0.16679513834066742,0.14889037395985663,0.004975124378109453,0.9574598106703566,0.585967573487688,0.05471628628275096,0.0015658032639371533,0.005074069190482668,0.009582063299083923,0.010873201219082773,False,,,,,,,,,,,,,,,,,,,,,,,,,,,,-0.15,cb_dist,"{""cb_dist"": 0.65, ""dsasa"": null, ""min_heavy_dist"": 0.516667}","{""degree_hi"": [5.0, 8.0, 12.0, 20.0, 77.0], ""degree_lo"": [2.0, 5.0, 8.0, 12.0, 20.0], ""n"": [4402, 4402, 4402, 4401, 4401], ""n_bins"": 5, ""n_cliff"": [96, 106, 107, 64, 14], ""n_cliff_by_tau"": {""2.0"": 1339, ""3.0"": 387, ""4.0"": 79}, ""n_cliff_by_tau_by_quintile"": {""2.0"": [334, 384, 344, 219, 58], ""3.0"": [96, 106, 107, 64, 14], ""4.0"": [23, 19, 31, 5, 1]}, ""rate"": [0.02180827, 0.02407996, 0.02430713, 0.01454215, 0.0031811], ""rate_N2_mean"": [0.02846888, 0.02830191, 0.02945706, 0.0161077, 0.0037287], ""rate_N2_p95"": [0.03158791, 0.03225806, 0.03454112, 0.02068848, 0.00636219], ""rate_by_tau"": {""2.0"": [0.0758746, 0.08723308, 0.0781463, 0.04976142, 0.01317882], ""3.0"": [0.02180827, 0.02407996, 0.02430713, 0.01454215, 0.0031811], ""4.0"": [0.0052249, 0.00431622, 0.00704225, 0.00113611, 0.00022722]}, ""tau"": 3.0, ""underpowered"": false}",-0.6,False,False,"N2 (B=200) per-quintile rate at tau=3; tau is the largest of (4,3,2) with >= 100 cliffs (20 per bin) so a per-quintile rate is estimable","0 censored rows: the masked and unmasked P_a are the same 22008 edges, so the clause holds by construction","raw = identity-link additive fit (stats_c2.raw_bundle); eps routes on the y scale with a MAD-matched sigma.  Clause 4 is asymmetric: a raw-only positive is discarded (latent is primary) and does NOT fail the clause; a LATENT_ONLY_POSITIVE does.  Per route: {""L1"": ""agree"", ""L2"": ""raw_only_positive_discarded"", ""L4"": ""agree""}",,3.0,3.0,0.004975124378109453,200,12,123.62,"[20266002, 2]","{""n_eps"": 6452, ""n_eps_bg0"": 166, ""sigma_eps_used"": 1.095572, ""sigma_provenance"": ""sqrt(3)*sigma_y [internal_residual]"", ""spec_expected_routes"": [""L1"", ""L2"", ""L4""], ""structurally_unidentified"": false, ""tau_used"": 3.0}"
5A12_VEGF_fitness_4ZFF,L2,True,6452,,,,,0.21133179098970487,0.14573130257816716,0.28549738974180927,,,,,,,,,,0.11666666666666665,0.65,0.021808268968650613,0.003181095205635083,False,True,True,SUPPORTED,SUPPORTED,,PRIMARY,F4,sitepair_ICC_across_backgrounds,,sub_pairs: n_groups(>=2 members)>=200 OR n_groups(>=200 members)>=2,695.0,200.0,6452,993,695,6.497482376636455,,,,,,,,,,,,,,,,,,,0.0002619386615087041,0.01872687137502651,0.004975124378109453,True,0.478670413852645,0.21133179098970487,1000,label permutation (N2 cannot move an ICC of eps: N2 permutes e and never touches y),,,,,,,,,,,,,,,,,,,,-0.15,cb_dist,"{""cb_dist"": 0.65, ""dsasa"": null, ""min_heavy_dist"": 0.516667}","{""degree_hi"": [5.0, 8.0, 12.0, 20.0, 77.0], ""degree_lo"": [2.0, 5.0, 8.0, 12.0, 20.0], ""n"": [4402, 4402, 4402, 4401, 4401], ""n_bins"": 5, ""n_cliff"": [96, 106, 107, 64, 14], ""n_cliff_by_tau"": {""2.0"": 1339, ""3.0"": 387, ""4.0"": 79}, ""n_cliff_by_tau_by_quintile"": {""2.0"": [334, 384, 344, 219, 58], ""3.0"": [96, 106, 107, 64, 14], ""4.0"": [23, 19, 31, 5, 1]}, ""rate"": [0.02180827, 0.02407996, 0.02430713, 0.01454215, 0.0031811], ""rate_N2_mean"": [0.02846888, 0.02830191, 0.02945706, 0.0161077, 0.0037287], ""rate_N2_p95"": [0.03158791, 0.03225806, 0.03454112, 0.02068848, 0.00636219], ""rate_by_tau"": {""2.0"": [0.0758746, 0.08723308, 0.0781463, 0.04976142, 0.01317882], ""3.0"": [0.02180827, 0.02407996, 0.02430713, 0.01454215, 0.0031811], ""4.0"": [0.0052249, 0.00431622, 0.00704225, 0.00113611, 0.00022722]}, ""tau"": 3.0, ""underpowered"": false}",-0.6,False,False,"N2 (B=200) per-quintile rate at tau=3; tau is the largest of (4,3,2) with >= 100 cliffs (20 per bin) so a per-quintile rate is estimable","0 censored rows: the masked and unmasked P_a are the same 22008 edges, so the clause holds by construction","raw = identity-link additive fit (stats_c2.raw_bundle); eps routes on the y scale with a MAD-matched sigma.  Clause 4 is asymmetric: a raw-only positive is discarded (latent is primary) and does NOT fail the clause; a LATENT_ONLY_POSITIVE does.  Per route: {""L1"": ""agree"", ""L2"": ""raw_only_positive_discarded"", ""L4"": ""agree""}",,3.0,3.0,,,,123.62,"[20266002, 2]","{""n_eps"": 6452, ""n_eps_bg0"": 166, ""sigma_eps_used"": 1.095572, ""sigma_provenance"": ""sqrt(3)*sigma_y [internal_residual]"", ""spec_expected_routes"": [""L1"", ""L2"", ""L4""], ""structurally_unidentified"": false, ""tau_used"": 3.0}"
5A12_VEGF_fitness_4ZFF,L2',False,166,,,,,,,,,,,,,,,,,0.11666666666666665,0.65,0.021808268968650613,0.003181095205635083,False,True,True,SUPPORTED,SUPPORTED,,PRIMARY,F4,sitepair_ICC_across_aa_combinations,"median 4.5 amino-acid combinations per site pair (gate >= 5) over 20 site pairs, 17 with >= 2 -- the design does not repeat a site pair with different amino acids",median_aa_combos_per_site_pair >= 5 AND n_site_pairs(>=2 combos) >= 20,4.5,5.0,166,20,17,8.3,,,,,,,,,,,,,,,,,,,,,,True,0.478670413852645,0.21133179098970487,,label permutation (N2 cannot move an ICC of eps: N2 permutes e and never touches y),,,,,,,,,,,,,,,,,,,,-0.15,cb_dist,"{""cb_dist"": 0.65, ""dsasa"": null, ""min_heavy_dist"": 0.516667}","{""degree_hi"": [5.0, 8.0, 12.0, 20.0, 77.0], ""degree_lo"": [2.0, 5.0, 8.0, 12.0, 20.0], ""n"": [4402, 4402, 4402, 4401, 4401], ""n_bins"": 5, ""n_cliff"": [96, 106, 107, 64, 14], ""n_cliff_by_tau"": {""2.0"": 1339, ""3.0"": 387, ""4.0"": 79}, ""n_cliff_by_tau_by_quintile"": {""2.0"": [334, 384, 344, 219, 58], ""3.0"": [96, 106, 107, 64, 14], ""4.0"": [23, 19, 31, 5, 1]}, ""rate"": [0.02180827, 0.02407996, 0.02430713, 0.01454215, 0.0031811], ""rate_N2_mean"": [0.02846888, 0.02830191, 0.02945706, 0.0161077, 0.0037287], ""rate_N2_p95"": [0.03158791, 0.03225806, 0.03454112, 0.02068848, 0.00636219], ""rate_by_tau"": {""2.0"": [0.0758746, 0.08723308, 0.0781463, 0.04976142, 0.01317882], ""3.0"": [0.02180827, 0.02407996, 0.02430713, 0.01454215, 0.0031811], ""4.0"": [0.0052249, 0.00431622, 0.00704225, 0.00113611, 0.00022722]}, ""tau"": 3.0, ""underpowered"": false}",-0.6,False,False,"N2 (B=200) per-quintile rate at tau=3; tau is the largest of (4,3,2) with >= 100 cliffs (20 per bin) so a per-quintile rate is estimable","0 censored rows: the masked and unmasked P_a are the same 22008 edges, so the clause holds by construction","raw = identity-link additive fit (stats_c2.raw_bundle); eps routes on the y scale with a MAD-matched sigma.  Clause 4 is asymmetric: a raw-only positive is discarded (latent is primary) and does NOT fail the clause; a LATENT_ONLY_POSITIVE does.  Per route: {""L1"": ""agree"", ""L2"": ""raw_only_positive_discarded"", ""L4"": ""agree""}",,3.0,3.0,,,,123.62,"[20266002, 2]","{""n_eps"": 6452, ""n_eps_bg0"": 166, ""sigma_eps_used"": 1.095572, ""sigma_provenance"": ""sqrt(3)*sigma_y [internal_residual]"", ""spec_expected_routes"": [""L1"", ""L2"", ""L4""], ""structurally_unidentified"": false, ""tau_used"": 3.0}"
5A12_VEGF_fitness_4ZFF,L3,False,0,,,,,,,,,,,,,,,,,0.11666666666666665,0.65,0.021808268968650613,0.003181095205635083,False,True,True,SUPPORTED,SUPPORTED,,PRIMARY,F4,cross_measurement_eps_replication,no independent measurement of the same site pair exists for this assay (the KRAS RAF1 / RAF1-RBD twin is the only one in the benchmark),n_shared_substitution_pairs_twice_measured,0.0,1.0,,,,,,,,,,,,,,,,,,,,,,,,,,,,,,,,,,,,,,,,,,,,,,,,,,-0.15,cb_dist,"{""cb_dist"": 0.65, ""dsasa"": null, ""min_heavy_dist"": 0.516667}","{""degree_hi"": [5.0, 8.0, 12.0, 20.0, 77.0], ""degree_lo"": [2.0, 5.0, 8.0, 12.0, 20.0], ""n"": [4402, 4402, 4402, 4401, 4401], ""n_bins"": 5, ""n_cliff"": [96, 106, 107, 64, 14], ""n_cliff_by_tau"": {""2.0"": 1339, ""3.0"": 387, ""4.0"": 79}, ""n_cliff_by_tau_by_quintile"": {""2.0"": [334, 384, 344, 219, 58], ""3.0"": [96, 106, 107, 64, 14], ""4.0"": [23, 19, 31, 5, 1]}, ""rate"": [0.02180827, 0.02407996, 0.02430713, 0.01454215, 0.0031811], ""rate_N2_mean"": [0.02846888, 0.02830191, 0.02945706, 0.0161077, 0.0037287], ""rate_N2_p95"": [0.03158791, 0.03225806, 0.03454112, 0.02068848, 0.00636219], ""rate_by_tau"": {""2.0"": [0.0758746, 0.08723308, 0.0781463, 0.04976142, 0.01317882], ""3.0"": [0.02180827, 0.02407996, 0.02430713, 0.01454215, 0.0031811], ""4.0"": [0.0052249, 0.00431622, 0.00704225, 0.00113611, 0.00022722]}, ""tau"": 3.0, ""underpowered"": false}",-0.6,False,False,"N2 (B=200) per-quintile rate at tau=3; tau is the largest of (4,3,2) with >= 100 cliffs (20 per bin) so a per-quintile rate is estimable","0 censored rows: the masked and unmasked P_a are the same 22008 edges, so the clause holds by construction","raw = identity-link additive fit (stats_c2.raw_bundle); eps routes on the y scale with a MAD-matched sigma.  Clause 4 is asymmetric: a raw-only positive is discarded (latent is primary) and does NOT fail the clause; a LATENT_ONLY_POSITIVE does.  Per route: {""L1"": ""agree"", ""L2"": ""raw_only_positive_discarded"", ""L4"": ""agree""}",,3.0,3.0,,,,123.62,"[20266002, 2]","{""n_eps"": 6452, ""n_eps_bg0"": 166, ""sigma_eps_used"": 1.095572, ""sigma_provenance"": ""sqrt(3)*sigma_y [internal_residual]"", ""spec_expected_routes"": [""L1"", ""L2"", ""L4""], ""structurally_unidentified"": false, ""tau_used"": 3.0}"
5A12_VEGF_fitness_4ZFF,L4,True,29981,,,,,,,,,0.06648562817857051,0.040571939915931415,0.07736491669428368,0.07139210807915594,0.03177372843874392,,,,0.11666666666666665,0.65,0.021808268968650613,0.003181095205635083,False,True,True,SUPPORTED,SUPPORTED,,PRIMARY,F4,out_of_sample_pairwise_predictability,,mean_obs_per_Z_col,211.86874211190576,5.0,,,,,,,,,,,,,,,,,,,,,,,,,,,,,,,0.6474702109036625,0.7139558390822331,2177,211.86874211190576,0.06801070595853377,0.004746549152635082,22,,,,,,,,,,,,,-0.15,cb_dist,"{""cb_dist"": 0.65, ""dsasa"": null, ""min_heavy_dist"": 0.516667}","{""degree_hi"": [5.0, 8.0, 12.0, 20.0, 77.0], ""degree_lo"": [2.0, 5.0, 8.0, 12.0, 20.0], ""n"": [4402, 4402, 4402, 4401, 4401], ""n_bins"": 5, ""n_cliff"": [96, 106, 107, 64, 14], ""n_cliff_by_tau"": {""2.0"": 1339, ""3.0"": 387, ""4.0"": 79}, ""n_cliff_by_tau_by_quintile"": {""2.0"": [334, 384, 344, 219, 58], ""3.0"": [96, 106, 107, 64, 14], ""4.0"": [23, 19, 31, 5, 1]}, ""rate"": [0.02180827, 0.02407996, 0.02430713, 0.01454215, 0.0031811], ""rate_N2_mean"": [0.02846888, 0.02830191, 0.02945706, 0.0161077, 0.0037287], ""rate_N2_p95"": [0.03158791, 0.03225806, 0.03454112, 0.02068848, 0.00636219], ""rate_by_tau"": {""2.0"": [0.0758746, 0.08723308, 0.0781463, 0.04976142, 0.01317882], ""3.0"": [0.02180827, 0.02407996, 0.02430713, 0.01454215, 0.0031811], ""4.0"": [0.0052249, 0.00431622, 0.00704225, 0.00113611, 0.00022722]}, ""tau"": 3.0, ""underpowered"": false}",-0.6,False,False,"N2 (B=200) per-quintile rate at tau=3; tau is the largest of (4,3,2) with >= 100 cliffs (20 per bin) so a per-quintile rate is estimable","0 censored rows: the masked and unmasked P_a are the same 22008 edges, so the clause holds by construction","raw = identity-link additive fit (stats_c2.raw_bundle); eps routes on the y scale with a MAD-matched sigma.  Clause 4 is asymmetric: a raw-only positive is discarded (latent is primary) and does NOT fail the clause; a LATENT_ONLY_POSITIVE does.  Per route: {""L1"": ""agree"", ""L2"": ""raw_only_positive_discarded"", ""L4"": ""agree""}",,3.0,3.0,,,,123.62,"[20266002, 2]","{""n_eps"": 6452, ""n_eps_bg0"": 166, ""sigma_eps_used"": 1.095572, ""sigma_provenance"": ""sqrt(3)*sigma_y [internal_residual]"", ""spec_expected_routes"": [""L1"", ""L2"", ""L4""], ""structurally_unidentified"": false, ""tau_used"": 3.0}"
5A12_VEGF_fitness_4ZFF,L5,False,113,,,,,,,,,,,,,,,,,0.11666666666666665,0.65,0.021808268968650613,0.003181095205635083,False,True,True,SUPPORTED,SUPPORTED,,PRIMARY,F4,eps_3D_localisation,"only 166 eps have both sites structurally annotated (gate >= 500), with 0 at |eps| >= 3 sigma and 113 at < 1 sigma (>= 10 of each needed for an AUROC)",n_eps_with_both_sites_annotated,166.0,500.0,6452,,,,,,,,,,,,,,,,,,,,,,,,,,,,,,,,,,,,,,,,0,113,1.0955723652607343,sqrt(3)*sigma_y [internal_residual],,,,,,-0.15,cb_dist,"{""cb_dist"": 0.65, ""dsasa"": null, ""min_heavy_dist"": 0.516667}","{""degree_hi"": [5.0, 8.0, 12.0, 20.0, 77.0], ""degree_lo"": [2.0, 5.0, 8.0, 12.0, 20.0], ""n"": [4402, 4402, 4402, 4401, 4401], ""n_bins"": 5, ""n_cliff"": [96, 106, 107, 64, 14], ""n_cliff_by_tau"": {""2.0"": 1339, ""3.0"": 387, ""4.0"": 79}, ""n_cliff_by_tau_by_quintile"": {""2.0"": [334, 384, 344, 219, 58], ""3.0"": [96, 106, 107, 64, 14], ""4.0"": [23, 19, 31, 5, 1]}, ""rate"": [0.02180827, 0.02407996, 0.02430713, 0.01454215, 0.0031811], ""rate_N2_mean"": [0.02846888, 0.02830191, 0.02945706, 0.0161077, 0.0037287], ""rate_N2_p95"": [0.03158791, 0.03225806, 0.03454112, 0.02068848, 0.00636219], ""rate_by_tau"": {""2.0"": [0.0758746, 0.08723308, 0.0781463, 0.04976142, 0.01317882], ""3.0"": [0.02180827, 0.02407996, 0.02430713, 0.01454215, 0.0031811], ""4.0"": [0.0052249, 0.00431622, 0.00704225, 0.00113611, 0.00022722]}, ""tau"": 3.0, ""underpowered"": false}",-0.6,False,False,"N2 (B=200) per-quintile rate at tau=3; tau is the largest of (4,3,2) with >= 100 cliffs (20 per bin) so a per-quintile rate is estimable","0 censored rows: the masked and unmasked P_a are the same 22008 edges, so the clause holds by construction","raw = identity-link additive fit (stats_c2.raw_bundle); eps routes on the y scale with a MAD-matched sigma.  Clause 4 is asymmetric: a raw-only positive is discarded (latent is primary) and does NOT fail the clause; a LATENT_ONLY_POSITIVE does.  Per route: {""L1"": ""agree"", ""L2"": ""raw_only_positive_discarded"", ""L4"": ""agree""}","{""sigma_x0.5"": {""AUROC"": null, ""feasible"": false, ""n_cliff"": 24, ""n_noncliff"": 86, ""sigma"": 0.547786}, ""sigma_x1"": {""AUROC"": null, ""feasible"": false, ""n_cliff"": 0, ""n_noncliff"": 113, ""sigma"": 1.095572}, ""sigma_x2"": {""AUROC"": null, ""feasible"": false, ""n_cliff"": 0, ""n_noncliff"": 166, ""sigma"": 2.191145}}",3.0,3.0,,,,123.62,"[20266002, 2]","{""n_eps"": 6452, ""n_eps_bg0"": 166, ""sigma_eps_used"": 1.095572, ""sigma_provenance"": ""sqrt(3)*sigma_y [internal_residual]"", ""spec_expected_routes"": [""L1"", ""L2"", ""L4""], ""structurally_unidentified"": false, ""tau_used"": 3.0}"
CD19_FMC63_Fitness_7URV,L1,False,271,,,1.205306541094881,,,,,,,,,,,,,,-0.22924485915286777,0.171284,0.1663778162911612,0.057291666666666664,False,True,True,INCONCLUSIVE,SUPPORTED,support_failed:C3L.recurs(ICC|dR2|AUROC),PRIMARY,F7,sibling_corroboration,only 271 edges in P_a have |S| >= 3 (gate: >= 1000) -- the nested backgrounds are too shallow for a sibling to exist,n_edges_with_|S|>=3_in_P_a,271.0,1000.0,344,,,,,,,,,-0.04432822010144163,0.5316422918332123,-1.196226694758891,0.8666263856828922,,,,0.33398508577714764,0.3770374230494315,0.5391045486524467,0.7960461980496049,0.8479890536091411,True,,,,,,,,,,,,,,,,,,,,,,,,,,,,-0.33002290184352173,min_heavy_dist,"{""cb_dist"": 0.158502, ""dsasa"": null, ""min_heavy_dist"": 0.171284}","{""degree_hi"": [8.0, 12.0, 15.0, 18.0, 44.0], ""degree_lo"": [2.0, 8.0, 12.0, 15.0, 18.0], ""n"": [577, 577, 577, 576, 576], ""n_bins"": 5, ""n_cliff"": [96, 34, 21, 11, 33], ""n_cliff_by_tau"": {""2.0"": 685, ""3.0"": 332, ""4.0"": 195}, ""n_cliff_by_tau_by_quintile"": {""2.0"": [194, 137, 138, 79, 137], ""3.0"": [121, 62, 51, 29, 69], ""4.0"": [96, 34, 21, 11, 33]}, ""rate"": [0.16637782, 0.05892548, 0.03639515, 0.01909722, 0.05729167], ""rate_N2_mean"": [0.15990468, 0.07311092, 0.05799827, 0.04087674, 0.15233507], ""rate_N2_p95"": [0.17677643, 0.09020797, 0.0797227, 0.0625, 0.19626736], ""rate_by_tau"": {""2.0"": [0.33622184, 0.23743501, 0.23916811, 0.13715278, 0.23784722], ""3.0"": [0.20970537, 0.10745234, 0.08838821, 0.05034722, 0.11979167], ""4.0"": [0.16637782, 0.05892548, 0.03639515, 0.01909722, 0.05729167]}, ""tau"": 4.0, ""underpowered"": false}",-0.7,False,False,"N2 (B=200) per-quintile rate at tau=4; tau is the largest of (4,3,2) with >= 100 cliffs (20 per bin) so a per-quintile rate is estimable","0 censored rows: the masked and unmasked P_a are the same 2883 edges, so the clause holds by construction","raw = identity-link additive fit (stats_c2.raw_bundle); eps routes on the y scale with a MAD-matched sigma.  Clause 4 is asymmetric: a raw-only positive is discarded (latent is primary) and does NOT fail the clause; a LATENT_ONLY_POSITIVE does.  Per route: {""L2"": ""agree""}",,4.0,4.0,,200,12,1.41,"[20266002, 6]","{""n_eps"": 1235, ""n_eps_bg0"": 325, ""sigma_eps_used"": 3.260395, ""sigma_provenance"": ""sqrt(3)*sigma_y [internal_residual]"", ""spec_expected_routes"": [""L5""], ""structurally_unidentified"": true, ""tau_used"": 4.0}"
CD19_FMC63_Fitness_7URV,L2,True,1235,,,,,0.024980044509236136,-0.10054444220225768,0.3743742797102901,,,,,,,,,,-0.22924485915286777,0.171284,0.1663778162911612,0.057291666666666664,False,True,True,INCONCLUSIVE,SUPPORTED,support_failed:C3L.recurs(ICC|dR2|AUROC),PRIMARY,F7,sitepair_ICC_across_backgrounds,,sub_pairs: n_groups(>=2 members)>=200 OR n_groups(>=200 members)>=2,259.0,200.0,1235,729,259,1.6941015089163238,,,,,,,,,,,,,,,,,,,0.003142796308898477,0.11611847488937783,0.35323383084577115,True,0.0779260825024686,0.024980044509236136,1000,label permutation (N2 cannot move an ICC of eps: N2 permutes e and never touches y),,,,,,,,,,,,,,,,,,,,-0.33002290184352173,min_heavy_dist,"{""cb_dist"": 0.158502, ""dsasa"": null, ""min_heavy_dist"": 0.171284}","{""degree_hi"": [8.0, 12.0, 15.0, 18.0, 44.0], ""degree_lo"": [2.0, 8.0, 12.0, 15.0, 18.0], ""n"": [577, 577, 577, 576, 576], ""n_bins"": 5, ""n_cliff"": [96, 34, 21, 11, 33], ""n_cliff_by_tau"": {""2.0"": 685, ""3.0"": 332, ""4.0"": 195}, ""n_cliff_by_tau_by_quintile"": {""2.0"": [194, 137, 138, 79, 137], ""3.0"": [121, 62, 51, 29, 69], ""4.0"": [96, 34, 21, 11, 33]}, ""rate"": [0.16637782, 0.05892548, 0.03639515, 0.01909722, 0.05729167], ""rate_N2_mean"": [0.15990468, 0.07311092, 0.05799827, 0.04087674, 0.15233507], ""rate_N2_p95"": [0.17677643, 0.09020797, 0.0797227, 0.0625, 0.19626736], ""rate_by_tau"": {""2.0"": [0.33622184, 0.23743501, 0.23916811, 0.13715278, 0.23784722], ""3.0"": [0.20970537, 0.10745234, 0.08838821, 0.05034722, 0.11979167], ""4.0"": [0.16637782, 0.05892548, 0.03639515, 0.01909722, 0.05729167]}, ""tau"": 4.0, ""underpowered"": false}",-0.7,False,False,"N2 (B=200) per-quintile rate at tau=4; tau is the largest of (4,3,2) with >= 100 cliffs (20 per bin) so a per-quintile rate is estimable","0 censored rows: the masked and unmasked P_a are the same 2883 edges, so the clause holds by construction","raw = identity-link additive fit (stats_c2.raw_bundle); eps routes on the y scale with a MAD-matched sigma.  Clause 4 is asymmetric: a raw-only positive is discarded (latent is primary) and does NOT fail the clause; a LATENT_ONLY_POSITIVE does.  Per route: {""L2"": ""agree""}",,4.0,4.0,,,,1.41,"[20266002, 6]","{""n_eps"": 1235, ""n_eps_bg0"": 325, ""sigma_eps_used"": 3.260395, ""sigma_provenance"": ""sqrt(3)*sigma_y [internal_residual]"", ""spec_expected_routes"": [""L5""], ""structurally_unidentified"": true, ""tau_used"": 4.0}"
CD19_FMC63_Fitness_7URV,L2',False,325,,,,,,,,,,,,,,,,,-0.22924485915286777,0.171284,0.1663778162911612,0.057291666666666664,False,True,True,INCONCLUSIVE,SUPPORTED,support_failed:C3L.recurs(ICC|dR2|AUROC),PRIMARY,F7,sitepair_ICC_across_aa_combinations,"median 3 amino-acid combinations per site pair (gate >= 5) over 31 site pairs, 22 with >= 2 -- the design does not repeat a site pair with different amino acids",median_aa_combos_per_site_pair >= 5 AND n_site_pairs(>=2 combos) >= 20,3.0,5.0,325,31,22,10.483870967741936,,,,,,,,,,,,,,,,,,,,,,True,0.0779260825024686,0.024980044509236136,,label permutation (N2 cannot move an ICC of eps: N2 permutes e and never touches y),,,,,,,,,,,,,,,,,,,,-0.33002290184352173,min_heavy_dist,"{""cb_dist"": 0.158502, ""dsasa"": null, ""min_heavy_dist"": 0.171284}","{""degree_hi"": [8.0, 12.0, 15.0, 18.0, 44.0], ""degree_lo"": [2.0, 8.0, 12.0, 15.0, 18.0], ""n"": [577, 577, 577, 576, 576], ""n_bins"": 5, ""n_cliff"": [96, 34, 21, 11, 33], ""n_cliff_by_tau"": {""2.0"": 685, ""3.0"": 332, ""4.0"": 195}, ""n_cliff_by_tau_by_quintile"": {""2.0"": [194, 137, 138, 79, 137], ""3.0"": [121, 62, 51, 29, 69], ""4.0"": [96, 34, 21, 11, 33]}, ""rate"": [0.16637782, 0.05892548, 0.03639515, 0.01909722, 0.05729167], ""rate_N2_mean"": [0.15990468, 0.07311092, 0.05799827, 0.04087674, 0.15233507], ""rate_N2_p95"": [0.17677643, 0.09020797, 0.0797227, 0.0625, 0.19626736], ""rate_by_tau"": {""2.0"": [0.33622184, 0.23743501, 0.23916811, 0.13715278, 0.23784722], ""3.0"": [0.20970537, 0.10745234, 0.08838821, 0.05034722, 0.11979167], ""4.0"": [0.16637782, 0.05892548, 0.03639515, 0.01909722, 0.05729167]}, ""tau"": 4.0, ""underpowered"": false}",-0.7,False,False,"N2 (B=200) per-quintile rate at tau=4; tau is the largest of (4,3,2) with >= 100 cliffs (20 per bin) so a per-quintile rate is estimable","0 censored rows: the masked and unmasked P_a are the same 2883 edges, so the clause holds by construction","raw = identity-link additive fit (stats_c2.raw_bundle); eps routes on the y scale with a MAD-matched sigma.  Clause 4 is asymmetric: a raw-only positive is discarded (latent is primary) and does NOT fail the clause; a LATENT_ONLY_POSITIVE does.  Per route: {""L2"": ""agree""}",,4.0,4.0,,,,1.41,"[20266002, 6]","{""n_eps"": 1235, ""n_eps_bg0"": 325, ""sigma_eps_used"": 3.260395, ""sigma_provenance"": ""sqrt(3)*sigma_y [internal_residual]"", ""spec_expected_routes"": [""L5""], ""structurally_unidentified"": true, ""tau_used"": 4.0}"
CD19_FMC63_Fitness_7URV,L3,False,0,,,,,,,,,,,,,,,,,-0.22924485915286777,0.171284,0.1663778162911612,0.057291666666666664,False,True,True,INCONCLUSIVE,SUPPORTED,support_failed:C3L.recurs(ICC|dR2|AUROC),PRIMARY,F7,cross_measurement_eps_replication,no independent measurement of the same site pair exists for this assay (the KRAS RAF1 / RAF1-RBD twin is the only one in the benchmark),n_shared_substitution_pairs_twice_measured,0.0,1.0,,,,,,,,,,,,,,,,,,,,,,,,,,,,,,,,,,,,,,,,,,,,,,,,,,-0.33002290184352173,min_heavy_dist,"{""cb_dist"": 0.158502, ""dsasa"": null, ""min_heavy_dist"": 0.171284}","{""degree_hi"": [8.0, 12.0, 15.0, 18.0, 44.0], ""degree_lo"": [2.0, 8.0, 12.0, 15.0, 18.0], ""n"": [577, 577, 577, 576, 576], ""n_bins"": 5, ""n_cliff"": [96, 34, 21, 11, 33], ""n_cliff_by_tau"": {""2.0"": 685, ""3.0"": 332, ""4.0"": 195}, ""n_cliff_by_tau_by_quintile"": {""2.0"": [194, 137, 138, 79, 137], ""3.0"": [121, 62, 51, 29, 69], ""4.0"": [96, 34, 21, 11, 33]}, ""rate"": [0.16637782, 0.05892548, 0.03639515, 0.01909722, 0.05729167], ""rate_N2_mean"": [0.15990468, 0.07311092, 0.05799827, 0.04087674, 0.15233507], ""rate_N2_p95"": [0.17677643, 0.09020797, 0.0797227, 0.0625, 0.19626736], ""rate_by_tau"": {""2.0"": [0.33622184, 0.23743501, 0.23916811, 0.13715278, 0.23784722], ""3.0"": [0.20970537, 0.10745234, 0.08838821, 0.05034722, 0.11979167], ""4.0"": [0.16637782, 0.05892548, 0.03639515, 0.01909722, 0.05729167]}, ""tau"": 4.0, ""underpowered"": false}",-0.7,False,False,"N2 (B=200) per-quintile rate at tau=4; tau is the largest of (4,3,2) with >= 100 cliffs (20 per bin) so a per-quintile rate is estimable","0 censored rows: the masked and unmasked P_a are the same 2883 edges, so the clause holds by construction","raw = identity-link additive fit (stats_c2.raw_bundle); eps routes on the y scale with a MAD-matched sigma.  Clause 4 is asymmetric: a raw-only positive is discarded (latent is primary) and does NOT fail the clause; a LATENT_ONLY_POSITIVE does.  Per route: {""L2"": ""agree""}",,4.0,4.0,,,,1.41,"[20266002, 6]","{""n_eps"": 1235, ""n_eps_bg0"": 325, ""sigma_eps_used"": 3.260395, ""sigma_provenance"": ""sqrt(3)*sigma_y [internal_residual]"", ""spec_expected_routes"": [""L5""], ""structurally_unidentified"": true, ""tau_used"": 4.0}"
CD19_FMC63_Fitness_7URV,L4,False,3886,,,,,,,,,,,,,,,,,-0.22924485915286777,0.171284,0.1663778162911612,0.057291666666666664,False,True,True,INCONCLUSIVE,SUPPORTED,support_failed:C3L.recurs(ICC|dR2|AUROC),PRIMARY,F7,out_of_sample_pairwise_predictability,"mean 3.367 observations per Z column (gate >= 5): every interaction is seen once, so dR2_oos is identically 0 by construction and reporting it as ""no epistasis"" would be false",mean_obs_per_Z_col,3.3669354838709675,5.0,,,,,,,,,,,,,,,,,,,,,,,,,,,,,,,,,0,3.3669354838709675,,,0,,,,,,,,,,,,,-0.33002290184352173,min_heavy_dist,"{""cb_dist"": 0.158502, ""dsasa"": null, ""min_heavy_dist"": 0.171284}","{""degree_hi"": [8.0, 12.0, 15.0, 18.0, 44.0], ""degree_lo"": [2.0, 8.0, 12.0, 15.0, 18.0], ""n"": [577, 577, 577, 576, 576], ""n_bins"": 5, ""n_cliff"": [96, 34, 21, 11, 33], ""n_cliff_by_tau"": {""2.0"": 685, ""3.0"": 332, ""4.0"": 195}, ""n_cliff_by_tau_by_quintile"": {""2.0"": [194, 137, 138, 79, 137], ""3.0"": [121, 62, 51, 29, 69], ""4.0"": [96, 34, 21, 11, 33]}, ""rate"": [0.16637782, 0.05892548, 0.03639515, 0.01909722, 0.05729167], ""rate_N2_mean"": [0.15990468, 0.07311092, 0.05799827, 0.04087674, 0.15233507], ""rate_N2_p95"": [0.17677643, 0.09020797, 0.0797227, 0.0625, 0.19626736], ""rate_by_tau"": {""2.0"": [0.33622184, 0.23743501, 0.23916811, 0.13715278, 0.23784722], ""3.0"": [0.20970537, 0.10745234, 0.08838821, 0.05034722, 0.11979167], ""4.0"": [0.16637782, 0.05892548, 0.03639515, 0.01909722, 0.05729167]}, ""tau"": 4.0, ""underpowered"": false}",-0.7,False,False,"N2 (B=200) per-quintile rate at tau=4; tau is the largest of (4,3,2) with >= 100 cliffs (20 per bin) so a per-quintile rate is estimable","0 censored rows: the masked and unmasked P_a are the same 2883 edges, so the clause holds by construction","raw = identity-link additive fit (stats_c2.raw_bundle); eps routes on the y scale with a MAD-matched sigma.  Clause 4 is asymmetric: a raw-only positive is discarded (latent is primary) and does NOT fail the clause; a LATENT_ONLY_POSITIVE does.  Per route: {""L2"": ""agree""}",,4.0,4.0,,,,1.41,"[20266002, 6]","{""n_eps"": 1235, ""n_eps_bg0"": 325, ""sigma_eps_used"": 3.260395, ""sigma_provenance"": ""sqrt(3)*sigma_y [internal_residual]"", ""spec_expected_routes"": [""L5""], ""structurally_unidentified"": true, ""tau_used"": 4.0}"
CD19_FMC63_Fitness_7URV,L5,False,157,,,,,,,,,,,,,,,,,-0.22924485915286777,0.171284,0.1663778162911612,0.057291666666666664,False,True,True,INCONCLUSIVE,SUPPORTED,support_failed:C3L.recurs(ICC|dR2|AUROC),PRIMARY,F7,eps_3D_localisation,"only 325 eps have both sites structurally annotated (gate >= 500), with 28 at |eps| >= 3 sigma and 129 at < 1 sigma (>= 10 of each needed for an AUROC)",n_eps_with_both_sites_annotated,325.0,500.0,1235,,,,,,,,,,,,,,,,,,,,,,,,,,,,,,,,,,,,,,,,28,129,3.2603951196595786,sqrt(3)*sigma_y [internal_residual],,,,,,-0.33002290184352173,min_heavy_dist,"{""cb_dist"": 0.158502, ""dsasa"": null, ""min_heavy_dist"": 0.171284}","{""degree_hi"": [8.0, 12.0, 15.0, 18.0, 44.0], ""degree_lo"": [2.0, 8.0, 12.0, 15.0, 18.0], ""n"": [577, 577, 577, 576, 576], ""n_bins"": 5, ""n_cliff"": [96, 34, 21, 11, 33], ""n_cliff_by_tau"": {""2.0"": 685, ""3.0"": 332, ""4.0"": 195}, ""n_cliff_by_tau_by_quintile"": {""2.0"": [194, 137, 138, 79, 137], ""3.0"": [121, 62, 51, 29, 69], ""4.0"": [96, 34, 21, 11, 33]}, ""rate"": [0.16637782, 0.05892548, 0.03639515, 0.01909722, 0.05729167], ""rate_N2_mean"": [0.15990468, 0.07311092, 0.05799827, 0.04087674, 0.15233507], ""rate_N2_p95"": [0.17677643, 0.09020797, 0.0797227, 0.0625, 0.19626736], ""rate_by_tau"": {""2.0"": [0.33622184, 0.23743501, 0.23916811, 0.13715278, 0.23784722], ""3.0"": [0.20970537, 0.10745234, 0.08838821, 0.05034722, 0.11979167], ""4.0"": [0.16637782, 0.05892548, 0.03639515, 0.01909722, 0.05729167]}, ""tau"": 4.0, ""underpowered"": false}",-0.7,False,False,"N2 (B=200) per-quintile rate at tau=4; tau is the largest of (4,3,2) with >= 100 cliffs (20 per bin) so a per-quintile rate is estimable","0 censored rows: the masked and unmasked P_a are the same 2883 edges, so the clause holds by construction","raw = identity-link additive fit (stats_c2.raw_bundle); eps routes on the y scale with a MAD-matched sigma.  Clause 4 is asymmetric: a raw-only positive is discarded (latent is primary) and does NOT fail the clause; a LATENT_ONLY_POSITIVE does.  Per route: {""L2"": ""agree""}","{""sigma_x0.5"": {""AUROC"": null, ""feasible"": false, ""n_cliff"": 136, ""n_noncliff"": 66, ""sigma"": 1.630198}, ""sigma_x1"": {""AUROC"": null, ""feasible"": false, ""n_cliff"": 28, ""n_noncliff"": 129, ""sigma"": 3.260395}, ""sigma_x2"": {""AUROC"": null, ""feasible"": false, ""n_cliff"": 0, ""n_noncliff"": 236, ""sigma"": 6.52079}}",4.0,4.0,,,,1.41,"[20266002, 6]","{""n_eps"": 1235, ""n_eps_bg0"": 325, ""sigma_eps_used"": 3.260395, ""sigma_provenance"": ""sqrt(3)*sigma_y [internal_residual]"", ""spec_expected_routes"": [""L5""], ""structurally_unidentified"": true, ""tau_used"": 4.0}"
GB1_IgG-Fc_fitness_1FCC,L1,False,0,,,,,,,,,,,,,,,,,-0.06262626262626264,0.514646,0.04167347160977734,0.026593717676520225,False,True,True,INCONCLUSIVE,SUPPORTED,unevaluable:C3L.L1(unavailable),PRIMARY,F1,sibling_corroboration,only 0 edges in P_a have |S| >= 3 (gate: >= 1000) -- the nested backgrounds are too shallow for a sibling to exist,n_edges_with_|S|>=3_in_P_a,0.0,1000.0,1033,,,,,,,,,,,,,,,,0.08057919612073167,0.007719262853735213,0.01250900209371025,0.06598512130575573,0.06724842255156638,False,,,,,,,,,,,,,,,,,,,,,,,,,,,,-0.32878787878787885,cb_dist,"{""cb_dist"": 0.514646, ""dsasa"": 0.378021, ""min_heavy_dist"": 0.504257}","{""degree_hi"": [152.0, 261.0, 362.0, 495.0, 827.0], ""degree_lo"": [4.0, 152.0, 261.0, 362.0, 495.0], ""n"": [36738, 36738, 36738, 36738, 36738], ""n_bins"": 5, ""n_cliff"": [1531, 945, 766, 577, 977], ""n_cliff_by_tau"": {""2.0"": 32999, ""3.0"": 10487, ""4.0"": 4796}, ""n_cliff_by_tau_by_quintile"": {""2.0"": [5758, 5075, 6051, 7071, 9044], ""3.0"": [2528, 1751, 1918, 1557, 2733], ""4.0"": [1531, 945, 766, 577, 977]}, ""rate"": [0.04167347, 0.02572268, 0.02085035, 0.01570581, 0.02659372], ""rate_N2_mean"": [0.05589199, 0.05282541, 0.06225802, 0.03737139, 0.05149913], ""rate_N2_p95"": [0.06386167, 0.06694295, 0.07887201, 0.05666612, 0.07464206], ""rate_by_tau"": {""2.0"": [0.15673145, 0.13814035, 0.16470684, 0.19247101, 0.24617562], ""3.0"": [0.06881158, 0.04766182, 0.05220752, 0.04238119, 0.07439164], ""4.0"": [0.04167347, 0.02572268, 0.02085035, 0.01570581, 0.02659372]}, ""tau"": 4.0, ""underpowered"": false}",-0.39999999999999997,False,False,"N2 (B=200) per-quintile rate at tau=4; tau is the largest of (4,3,2) with >= 100 cliffs (20 per bin) so a per-quintile rate is estimable","0 censored rows: the masked and unmasked P_a are the same 183690 edges, so the clause holds by construction","raw = identity-link additive fit (stats_c2.raw_bundle); eps routes on the y scale with a MAD-matched sigma.  Clause 4 is asymmetric: a raw-only positive is discarded (latent is primary) and does NOT fail the clause; a LATENT_ONLY_POSITIVE does.  Per route: {""L2'"": ""agree"", ""L5"": ""agree""}",,4.0,4.0,,200,12,133.05,"[20266002, 11]","{""n_eps"": 91845, ""n_eps_bg0"": 91845, ""sigma_eps_used"": 0.221891, ""sigma_provenance"": ""sqrt(3)*sigma_y [cross_study_contaminated]"", ""spec_expected_routes"": [""L2p"", ""L5""], ""structurally_unidentified"": false, ""tau_used"": 4.0}"
GB1_IgG-Fc_fitness_1FCC,L2,False,91845,,,,,,,,,,,,,,,,,-0.06262626262626264,0.514646,0.04167347160977734,0.026593717676520225,False,True,True,INCONCLUSIVE,SUPPORTED,unevaluable:C3L.L1(unavailable),PRIMARY,F1,sitepair_ICC_across_backgrounds,only 0 substitution pairs carry >= 2 backgrounds and only 0 carry >= 200 (gate: either arm) -- the library has no background depth at this site pair,sub_pairs: n_groups(>=2 members)>=200 OR n_groups(>=200 members)>=2,0.0,200.0,91845,91845,0,1.0,,,,,,,,,,,,,,,,,,,,,,True,0.6060203479503865,0.492816294401325,,label permutation (N2 cannot move an ICC of eps: N2 permutes e and never touches y),,,,,,,,,,,,,,,,,,,,-0.32878787878787885,cb_dist,"{""cb_dist"": 0.514646, ""dsasa"": 0.378021, ""min_heavy_dist"": 0.504257}","{""degree_hi"": [152.0, 261.0, 362.0, 495.0, 827.0], ""degree_lo"": [4.0, 152.0, 261.0, 362.0, 495.0], ""n"": [36738, 36738, 36738, 36738, 36738], ""n_bins"": 5, ""n_cliff"": [1531, 945, 766, 577, 977], ""n_cliff_by_tau"": {""2.0"": 32999, ""3.0"": 10487, ""4.0"": 4796}, ""n_cliff_by_tau_by_quintile"": {""2.0"": [5758, 5075, 6051, 7071, 9044], ""3.0"": [2528, 1751, 1918, 1557, 2733], ""4.0"": [1531, 945, 766, 577, 977]}, ""rate"": [0.04167347, 0.02572268, 0.02085035, 0.01570581, 0.02659372], ""rate_N2_mean"": [0.05589199, 0.05282541, 0.06225802, 0.03737139, 0.05149913], ""rate_N2_p95"": [0.06386167, 0.06694295, 0.07887201, 0.05666612, 0.07464206], ""rate_by_tau"": {""2.0"": [0.15673145, 0.13814035, 0.16470684, 0.19247101, 0.24617562], ""3.0"": [0.06881158, 0.04766182, 0.05220752, 0.04238119, 0.07439164], ""4.0"": [0.04167347, 0.02572268, 0.02085035, 0.01570581, 0.02659372]}, ""tau"": 4.0, ""underpowered"": false}",-0.39999999999999997,False,False,"N2 (B=200) per-quintile rate at tau=4; tau is the largest of (4,3,2) with >= 100 cliffs (20 per bin) so a per-quintile rate is estimable","0 censored rows: the masked and unmasked P_a are the same 183690 edges, so the clause holds by construction","raw = identity-link additive fit (stats_c2.raw_bundle); eps routes on the y scale with a MAD-matched sigma.  Clause 4 is asymmetric: a raw-only positive is discarded (latent is primary) and does NOT fail the clause; a LATENT_ONLY_POSITIVE does.  Per route: {""L2'"": ""agree"", ""L5"": ""agree""}",,4.0,4.0,,,,133.05,"[20266002, 11]","{""n_eps"": 91845, ""n_eps_bg0"": 91845, ""sigma_eps_used"": 0.221891, ""sigma_provenance"": ""sqrt(3)*sigma_y [cross_study_contaminated]"", ""spec_expected_routes"": [""L2p"", ""L5""], ""structurally_unidentified"": false, ""tau_used"": 4.0}"
GB1_IgG-Fc_fitness_1FCC,L2',True,91845,,,,,0.492816294401325,0.39525485302977936,0.5757883909951563,,,,,,,,,,-0.06262626262626264,0.514646,0.04167347160977734,0.026593717676520225,False,True,True,INCONCLUSIVE,SUPPORTED,unevaluable:C3L.L1(unavailable),PRIMARY,F1,sitepair_ICC_across_aa_combinations,,median_aa_combos_per_site_pair >= 5 AND n_site_pairs(>=2 combos) >= 20,45.5,5.0,91845,1414,1385,64.95403111739745,,,,,,,,,,,,,,,,,,,4.1701102339161985e-05,0.0017066017710778056,0.004975124378109453,True,0.6060203479503865,0.492816294401325,1000,label permutation (N2 cannot move an ICC of eps: N2 permutes e and never touches y),,,,,,,,,,,,,,,,,,,,-0.32878787878787885,cb_dist,"{""cb_dist"": 0.514646, ""dsasa"": 0.378021, ""min_heavy_dist"": 0.504257}","{""degree_hi"": [152.0, 261.0, 362.0, 495.0, 827.0], ""degree_lo"": [4.0, 152.0, 261.0, 362.0, 495.0], ""n"": [36738, 36738, 36738, 36738, 36738], ""n_bins"": 5, ""n_cliff"": [1531, 945, 766, 577, 977], ""n_cliff_by_tau"": {""2.0"": 32999, ""3.0"": 10487, ""4.0"": 4796}, ""n_cliff_by_tau_by_quintile"": {""2.0"": [5758, 5075, 6051, 7071, 9044], ""3.0"": [2528, 1751, 1918, 1557, 2733], ""4.0"": [1531, 945, 766, 577, 977]}, ""rate"": [0.04167347, 0.02572268, 0.02085035, 0.01570581, 0.02659372], ""rate_N2_mean"": [0.05589199, 0.05282541, 0.06225802, 0.03737139, 0.05149913], ""rate_N2_p95"": [0.06386167, 0.06694295, 0.07887201, 0.05666612, 0.07464206], ""rate_by_tau"": {""2.0"": [0.15673145, 0.13814035, 0.16470684, 0.19247101, 0.24617562], ""3.0"": [0.06881158, 0.04766182, 0.05220752, 0.04238119, 0.07439164], ""4.0"": [0.04167347, 0.02572268, 0.02085035, 0.01570581, 0.02659372]}, ""tau"": 4.0, ""underpowered"": false}",-0.39999999999999997,False,False,"N2 (B=200) per-quintile rate at tau=4; tau is the largest of (4,3,2) with >= 100 cliffs (20 per bin) so a per-quintile rate is estimable","0 censored rows: the masked and unmasked P_a are the same 183690 edges, so the clause holds by construction","raw = identity-link additive fit (stats_c2.raw_bundle); eps routes on the y scale with a MAD-matched sigma.  Clause 4 is asymmetric: a raw-only positive is discarded (latent is primary) and does NOT fail the clause; a LATENT_ONLY_POSITIVE does.  Per route: {""L2'"": ""agree"", ""L5"": ""agree""}",,4.0,4.0,,,,133.05,"[20266002, 11]","{""n_eps"": 91845, ""n_eps_bg0"": 91845, ""sigma_eps_used"": 0.221891, ""sigma_provenance"": ""sqrt(3)*sigma_y [cross_study_contaminated]"", ""spec_expected_routes"": [""L2p"", ""L5""], ""structurally_unidentified"": false, ""tau_used"": 4.0}"
GB1_IgG-Fc_fitness_1FCC,L3,False,0,,,,,,,,,,,,,,,,,-0.06262626262626264,0.514646,0.04167347160977734,0.026593717676520225,False,True,True,INCONCLUSIVE,SUPPORTED,unevaluable:C3L.L1(unavailable),PRIMARY,F1,cross_measurement_eps_replication,no independent measurement of the same site pair exists for this assay (the KRAS RAF1 / RAF1-RBD twin is the only one in the benchmark),n_shared_substitution_pairs_twice_measured,0.0,1.0,,,,,,,,,,,,,,,,,,,,,,,,,,,,,,,,,,,,,,,,,,,,,,,,,,-0.32878787878787885,cb_dist,"{""cb_dist"": 0.514646, ""dsasa"": 0.378021, ""min_heavy_dist"": 0.504257}","{""degree_hi"": [152.0, 261.0, 362.0, 495.0, 827.0], ""degree_lo"": [4.0, 152.0, 261.0, 362.0, 495.0], ""n"": [36738, 36738, 36738, 36738, 36738], ""n_bins"": 5, ""n_cliff"": [1531, 945, 766, 577, 977], ""n_cliff_by_tau"": {""2.0"": 32999, ""3.0"": 10487, ""4.0"": 4796}, ""n_cliff_by_tau_by_quintile"": {""2.0"": [5758, 5075, 6051, 7071, 9044], ""3.0"": [2528, 1751, 1918, 1557, 2733], ""4.0"": [1531, 945, 766, 577, 977]}, ""rate"": [0.04167347, 0.02572268, 0.02085035, 0.01570581, 0.02659372], ""rate_N2_mean"": [0.05589199, 0.05282541, 0.06225802, 0.03737139, 0.05149913], ""rate_N2_p95"": [0.06386167, 0.06694295, 0.07887201, 0.05666612, 0.07464206], ""rate_by_tau"": {""2.0"": [0.15673145, 0.13814035, 0.16470684, 0.19247101, 0.24617562], ""3.0"": [0.06881158, 0.04766182, 0.05220752, 0.04238119, 0.07439164], ""4.0"": [0.04167347, 0.02572268, 0.02085035, 0.01570581, 0.02659372]}, ""tau"": 4.0, ""underpowered"": false}",-0.39999999999999997,False,False,"N2 (B=200) per-quintile rate at tau=4; tau is the largest of (4,3,2) with >= 100 cliffs (20 per bin) so a per-quintile rate is estimable","0 censored rows: the masked and unmasked P_a are the same 183690 edges, so the clause holds by construction","raw = identity-link additive fit (stats_c2.raw_bundle); eps routes on the y scale with a MAD-matched sigma.  Clause 4 is asymmetric: a raw-only positive is discarded (latent is primary) and does NOT fail the clause; a LATENT_ONLY_POSITIVE does.  Per route: {""L2'"": ""agree"", ""L5"": ""agree""}",,4.0,4.0,,,,133.05,"[20266002, 11]","{""n_eps"": 91845, ""n_eps_bg0"": 91845, ""sigma_eps_used"": 0.221891, ""sigma_provenance"": ""sqrt(3)*sigma_y [cross_study_contaminated]"", ""spec_expected_routes"": [""L2p"", ""L5""], ""structurally_unidentified"": false, ""tau_used"": 4.0}"
GB1_IgG-Fc_fitness_1FCC,L4,False,92891,,,,,,,,,,,,,,,,,-0.06262626262626264,0.514646,0.04167347160977734,0.026593717676520225,False,True,True,INCONCLUSIVE,SUPPORTED,unevaluable:C3L.L1(unavailable),PRIMARY,F1,out_of_sample_pairwise_predictability,"mean 1 observations per Z column (gate >= 5): every interaction is seen once, so dR2_oos is identically 0 by construction and reporting it as ""no epistasis"" would be false",mean_obs_per_Z_col,1.0,5.0,,,,,,,,,,,,,,,,,,,,,,,,,,,,,,,,,0,1.0,,,0,,,,,,,,,,,,,-0.32878787878787885,cb_dist,"{""cb_dist"": 0.514646, ""dsasa"": 0.378021, ""min_heavy_dist"": 0.504257}","{""degree_hi"": [152.0, 261.0, 362.0, 495.0, 827.0], ""degree_lo"": [4.0, 152.0, 261.0, 362.0, 495.0], ""n"": [36738, 36738, 36738, 36738, 36738], ""n_bins"": 5, ""n_cliff"": [1531, 945, 766, 577, 977], ""n_cliff_by_tau"": {""2.0"": 32999, ""3.0"": 10487, ""4.0"": 4796}, ""n_cliff_by_tau_by_quintile"": {""2.0"": [5758, 5075, 6051, 7071, 9044], ""3.0"": [2528, 1751, 1918, 1557, 2733], ""4.0"": [1531, 945, 766, 577, 977]}, ""rate"": [0.04167347, 0.02572268, 0.02085035, 0.01570581, 0.02659372], ""rate_N2_mean"": [0.05589199, 0.05282541, 0.06225802, 0.03737139, 0.05149913], ""rate_N2_p95"": [0.06386167, 0.06694295, 0.07887201, 0.05666612, 0.07464206], ""rate_by_tau"": {""2.0"": [0.15673145, 0.13814035, 0.16470684, 0.19247101, 0.24617562], ""3.0"": [0.06881158, 0.04766182, 0.05220752, 0.04238119, 0.07439164], ""4.0"": [0.04167347, 0.02572268, 0.02085035, 0.01570581, 0.02659372]}, ""tau"": 4.0, ""underpowered"": false}",-0.39999999999999997,False,False,"N2 (B=200) per-quintile rate at tau=4; tau is the largest of (4,3,2) with >= 100 cliffs (20 per bin) so a per-quintile rate is estimable","0 censored rows: the masked and unmasked P_a are the same 183690 edges, so the clause holds by construction","raw = identity-link additive fit (stats_c2.raw_bundle); eps routes on the y scale with a MAD-matched sigma.  Clause 4 is asymmetric: a raw-only positive is discarded (latent is primary) and does NOT fail the clause; a LATENT_ONLY_POSITIVE does.  Per route: {""L2'"": ""agree"", ""L5"": ""agree""}",,4.0,4.0,,,,133.05,"[20266002, 11]","{""n_eps"": 91845, ""n_eps_bg0"": 91845, ""sigma_eps_used"": 0.221891, ""sigma_provenance"": ""sqrt(3)*sigma_y [cross_study_contaminated]"", ""spec_expected_routes"": [""L2p"", ""L5""], ""structurally_unidentified"": false, ""tau_used"": 4.0}"
GB1_IgG-Fc_fitness_1FCC,L5,True,81361,,,,,,,,,,,,,,0.6555938655180397,0.6082408762169967,0.0004997501249375312,-0.06262626262626264,0.514646,0.04167347160977734,0.026593717676520225,False,True,True,INCONCLUSIVE,SUPPORTED,unevaluable:C3L.L1(unavailable),PRIMARY,F1,eps_3D_localisation,,n_eps_with_both_sites_annotated,91845.0,500.0,91845,,,,,,,,,,,,,,,,,,,,,,,,,,,,,,,,,,,,,0.6933422480002621,0.5854923512216621,0.5899057050108338,16776,64585,0.22189129690684128,sqrt(3)*sigma_y [cross_study_contaminated],0.6555938655180397,0.6909004688774812,,,,-0.32878787878787885,cb_dist,"{""cb_dist"": 0.514646, ""dsasa"": 0.378021, ""min_heavy_dist"": 0.504257}","{""degree_hi"": [152.0, 261.0, 362.0, 495.0, 827.0], ""degree_lo"": [4.0, 152.0, 261.0, 362.0, 495.0], ""n"": [36738, 36738, 36738, 36738, 36738], ""n_bins"": 5, ""n_cliff"": [1531, 945, 766, 577, 977], ""n_cliff_by_tau"": {""2.0"": 32999, ""3.0"": 10487, ""4.0"": 4796}, ""n_cliff_by_tau_by_quintile"": {""2.0"": [5758, 5075, 6051, 7071, 9044], ""3.0"": [2528, 1751, 1918, 1557, 2733], ""4.0"": [1531, 945, 766, 577, 977]}, ""rate"": [0.04167347, 0.02572268, 0.02085035, 0.01570581, 0.02659372], ""rate_N2_mean"": [0.05589199, 0.05282541, 0.06225802, 0.03737139, 0.05149913], ""rate_N2_p95"": [0.06386167, 0.06694295, 0.07887201, 0.05666612, 0.07464206], ""rate_by_tau"": {""2.0"": [0.15673145, 0.13814035, 0.16470684, 0.19247101, 0.24617562], ""3.0"": [0.06881158, 0.04766182, 0.05220752, 0.04238119, 0.07439164], ""4.0"": [0.04167347, 0.02572268, 0.02085035, 0.01570581, 0.02659372]}, ""tau"": 4.0, ""underpowered"": false}",-0.39999999999999997,False,False,"N2 (B=200) per-quintile rate at tau=4; tau is the largest of (4,3,2) with >= 100 cliffs (20 per bin) so a per-quintile rate is estimable","0 censored rows: the masked and unmasked P_a are the same 183690 edges, so the clause holds by construction","raw = identity-link additive fit (stats_c2.raw_bundle); eps routes on the y scale with a MAD-matched sigma.  Clause 4 is asymmetric: a raw-only positive is discarded (latent is primary) and does NOT fail the clause; a LATENT_ONLY_POSITIVE does.  Per route: {""L2'"": ""agree"", ""L5"": ""agree""}","{""sigma_x0.5"": {""AUROC"": 0.667153, ""feasible"": true, ""n_cliff"": 22571, ""n_noncliff"": 51910, ""sigma"": 0.110946}, ""sigma_x1"": {""AUROC"": 0.655594, ""feasible"": true, ""n_cliff"": 16776, ""n_noncliff"": 64585, ""sigma"": 0.221891}, ""sigma_x2"": {""AUROC"": 0.646931, ""feasible"": true, ""n_cliff"": 13238, ""n_noncliff"": 71849, ""sigma"": 0.443783}}",4.0,4.0,,2000,,133.05,"[20266002, 11]","{""n_eps"": 91845, ""n_eps_bg0"": 91845, ""sigma_eps_used"": 0.221891, ""sigma_provenance"": ""sqrt(3)*sigma_y [cross_study_contaminated]"", ""spec_expected_routes"": [""L2p"", ""L5""], ""structurally_unidentified"": false, ""tau_used"": 4.0}"
GB1_IgG-Fc_fitness_1FCC_2016,L1,True,10736,0.8909903407923259,0.01393873661888912,0.14568688987377046,False,,,,,,,,,,,,,1.0,0.8,0.0011505273250239693,0.0035477994055038834,False,True,True,SUPPORTED,SUPPORTED,,PRIMARY,F1,sibling_corroboration,,n_edges_with_|S|>=3_in_P_a,10736.0,1000.0,10762,,,,0.8625694282122341,63.92188654923701,0.0,0.535144495648778,1.0547023788791974,0.034251236329081614,0.04992069358636793,-0.0632034644380128,0.12833806337851797,0.004975124378109453,0.95402411177135,0.8909903407923259,0.01760770041811023,0.0045000615305418115,0.008337356935725218,0.0144452871914252,0.0156163130679201,False,,,,,,,,,,,,,,,,,,,,,,,,,,,,1.0,min_heavy_dist,"{""cb_dist"": 0.0, ""dsasa"": 0.0, ""min_heavy_dist"": 0.8}","{""degree_hi"": [12.0, 17.0, 21.0, 24.0, 95.0], ""degree_lo"": [2.0, 12.0, 17.0, 21.0, 24.0], ""n"": [10430, 10430, 10430, 10430, 10429], ""n_bins"": 5, ""n_cliff"": [12, 8, 19, 26, 37], ""n_cliff_by_tau"": {""2.0"": 3698, ""3.0"": 749, ""4.0"": 102}, ""n_cliff_by_tau_by_quintile"": {""2.0"": [553, 624, 743, 929, 849], ""3.0"": [98, 85, 140, 241, 185], ""4.0"": [12, 8, 19, 26, 37]}, ""rate"": [0.00115053, 0.00076702, 0.00182167, 0.00249281, 0.0035478], ""rate_N2_mean"": [0.00428428, 0.00413806, 0.00450671, 0.00467018, 0.00527184], ""rate_N2_p95"": [0.00527325, 0.00527804, 0.00575743, 0.00614094, 0.00671205], ""rate_by_tau"": {""2.0"": [0.05302013, 0.05982742, 0.07123682, 0.08906999, 0.08140761], ""3.0"": [0.00939597, 0.00814957, 0.01342282, 0.02310642, 0.017739], ""4.0"": [0.00115053, 0.00076702, 0.00182167, 0.00249281, 0.0035478]}, ""tau"": 4.0, ""underpowered"": false}",0.8999999999999998,False,False,"N2 (B=200) per-quintile rate at tau=4; tau is the largest of (4,3,2) with >= 100 cliffs (20 per bin) so a per-quintile rate is estimable","0 censored rows: the masked and unmasked P_a are the same 52149 edges, so the clause holds by construction","raw = identity-link additive fit (stats_c2.raw_bundle); eps routes on the y scale with a MAD-matched sigma.  Clause 4 is asymmetric: a raw-only positive is discarded (latent is primary) and does NOT fail the clause; a LATENT_ONLY_POSITIVE does.  Per route: {""L1"": ""agree"", ""L2"": ""raw_only_positive_discarded"", ""L4"": ""agree""}",,4.0,4.0,0.004975124378109453,200,12,62.31,"[20266002, 12]","{""n_eps"": 36536, ""n_eps_bg0"": 188, ""sigma_eps_used"": 0.221891, ""sigma_provenance"": ""sqrt(3)*sigma_y [cross_study_contaminated]"", ""spec_expected_routes"": [""L1"", ""L2"", ""L4""], ""structurally_unidentified"": false, ""tau_used"": 4.0}"
GB1_IgG-Fc_fitness_1FCC_2016,L2,True,36536,,,,,0.27441591096468326,0.1328475561216014,0.30053528433476545,,,,,,,,,,1.0,0.8,0.0011505273250239693,0.0035477994055038834,False,True,True,SUPPORTED,SUPPORTED,,PRIMARY,F1,sitepair_ICC_across_backgrounds,,sub_pairs: n_groups(>=2 members)>=200 OR n_groups(>=200 members)>=2,1598.0,200.0,36536,1671,1598,21.864751645721125,,,,,,,,,,,,,,,,,,,-0.00012866472434626072,0.0050820596994665,0.004975124378109453,True,0.40801153057521894,0.27441591096468326,1000,label permutation (N2 cannot move an ICC of eps: N2 permutes e and never touches y),,,,,,,,,,,,,,,,,,,,1.0,min_heavy_dist,"{""cb_dist"": 0.0, ""dsasa"": 0.0, ""min_heavy_dist"": 0.8}","{""degree_hi"": [12.0, 17.0, 21.0, 24.0, 95.0], ""degree_lo"": [2.0, 12.0, 17.0, 21.0, 24.0], ""n"": [10430, 10430, 10430, 10430, 10429], ""n_bins"": 5, ""n_cliff"": [12, 8, 19, 26, 37], ""n_cliff_by_tau"": {""2.0"": 3698, ""3.0"": 749, ""4.0"": 102}, ""n_cliff_by_tau_by_quintile"": {""2.0"": [553, 624, 743, 929, 849], ""3.0"": [98, 85, 140, 241, 185], ""4.0"": [12, 8, 19, 26, 37]}, ""rate"": [0.00115053, 0.00076702, 0.00182167, 0.00249281, 0.0035478], ""rate_N2_mean"": [0.00428428, 0.00413806, 0.00450671, 0.00467018, 0.00527184], ""rate_N2_p95"": [0.00527325, 0.00527804, 0.00575743, 0.00614094, 0.00671205], ""rate_by_tau"": {""2.0"": [0.05302013, 0.05982742, 0.07123682, 0.08906999, 0.08140761], ""3.0"": [0.00939597, 0.00814957, 0.01342282, 0.02310642, 0.017739], ""4.0"": [0.00115053, 0.00076702, 0.00182167, 0.00249281, 0.0035478]}, ""tau"": 4.0, ""underpowered"": false}",0.8999999999999998,False,False,"N2 (B=200) per-quintile rate at tau=4; tau is the largest of (4,3,2) with >= 100 cliffs (20 per bin) so a per-quintile rate is estimable","0 censored rows: the masked and unmasked P_a are the same 52149 edges, so the clause holds by construction","raw = identity-link additive fit (stats_c2.raw_bundle); eps routes on the y scale with a MAD-matched sigma.  Clause 4 is asymmetric: a raw-only positive is discarded (latent is primary) and does NOT fail the clause; a LATENT_ONLY_POSITIVE does.  Per route: {""L1"": ""agree"", ""L2"": ""raw_only_positive_discarded"", ""L4"": ""agree""}",,4.0,4.0,,,,62.31,"[20266002, 12]","{""n_eps"": 36536, ""n_eps_bg0"": 188, ""sigma_eps_used"": 0.221891, ""sigma_provenance"": ""sqrt(3)*sigma_y [cross_study_contaminated]"", ""spec_expected_routes"": [""L1"", ""L2"", ""L4""], ""structurally_unidentified"": false, ""tau_used"": 4.0}"
GB1_IgG-Fc_fitness_1FCC_2016,L2',False,188,,,,,,,,,,,,,,,,,1.0,0.8,0.0011505273250239693,0.0035477994055038834,False,True,True,SUPPORTED,SUPPORTED,,PRIMARY,F1,sitepair_ICC_across_aa_combinations,"median 77 amino-acid combinations per site pair (gate >= 5) over 3 site pairs, 3 with >= 2 -- the design does not repeat a site pair with different amino acids",median_aa_combos_per_site_pair >= 5 AND n_site_pairs(>=2 combos) >= 20,77.0,5.0,188,3,3,62.666666666666664,,,,,,,,,,,,,,,,,,,,,,True,0.40801153057521894,0.27441591096468326,,label permutation (N2 cannot move an ICC of eps: N2 permutes e and never touches y),,,,,,,,,,,,,,,,,,,,1.0,min_heavy_dist,"{""cb_dist"": 0.0, ""dsasa"": 0.0, ""min_heavy_dist"": 0.8}","{""degree_hi"": [12.0, 17.0, 21.0, 24.0, 95.0], ""degree_lo"": [2.0, 12.0, 17.0, 21.0, 24.0], ""n"": [10430, 10430, 10430, 10430, 10429], ""n_bins"": 5, ""n_cliff"": [12, 8, 19, 26, 37], ""n_cliff_by_tau"": {""2.0"": 3698, ""3.0"": 749, ""4.0"": 102}, ""n_cliff_by_tau_by_quintile"": {""2.0"": [553, 624, 743, 929, 849], ""3.0"": [98, 85, 140, 241, 185], ""4.0"": [12, 8, 19, 26, 37]}, ""rate"": [0.00115053, 0.00076702, 0.00182167, 0.00249281, 0.0035478], ""rate_N2_mean"": [0.00428428, 0.00413806, 0.00450671, 0.00467018, 0.00527184], ""rate_N2_p95"": [0.00527325, 0.00527804, 0.00575743, 0.00614094, 0.00671205], ""rate_by_tau"": {""2.0"": [0.05302013, 0.05982742, 0.07123682, 0.08906999, 0.08140761], ""3.0"": [0.00939597, 0.00814957, 0.01342282, 0.02310642, 0.017739], ""4.0"": [0.00115053, 0.00076702, 0.00182167, 0.00249281, 0.0035478]}, ""tau"": 4.0, ""underpowered"": false}",0.8999999999999998,False,False,"N2 (B=200) per-quintile rate at tau=4; tau is the largest of (4,3,2) with >= 100 cliffs (20 per bin) so a per-quintile rate is estimable","0 censored rows: the masked and unmasked P_a are the same 52149 edges, so the clause holds by construction","raw = identity-link additive fit (stats_c2.raw_bundle); eps routes on the y scale with a MAD-matched sigma.  Clause 4 is asymmetric: a raw-only positive is discarded (latent is primary) and does NOT fail the clause; a LATENT_ONLY_POSITIVE does.  Per route: {""L1"": ""agree"", ""L2"": ""raw_only_positive_discarded"", ""L4"": ""agree""}",,4.0,4.0,,,,62.31,"[20266002, 12]","{""n_eps"": 36536, ""n_eps_bg0"": 188, ""sigma_eps_used"": 0.221891, ""sigma_provenance"": ""sqrt(3)*sigma_y [cross_study_contaminated]"", ""spec_expected_routes"": [""L1"", ""L2"", ""L4""], ""structurally_unidentified"": false, ""tau_used"": 4.0}"
GB1_IgG-Fc_fitness_1FCC_2016,L3,False,0,,,,,,,,,,,,,,,,,1.0,0.8,0.0011505273250239693,0.0035477994055038834,False,True,True,SUPPORTED,SUPPORTED,,PRIMARY,F1,cross_measurement_eps_replication,no independent measurement of the same site pair exists for this assay (the KRAS RAF1 / RAF1-RBD twin is the only one in the benchmark),n_shared_substitution_pairs_twice_measured,0.0,1.0,,,,,,,,,,,,,,,,,,,,,,,,,,,,,,,,,,,,,,,,,,,,,,,,,,1.0,min_heavy_dist,"{""cb_dist"": 0.0, ""dsasa"": 0.0, ""min_heavy_dist"": 0.8}","{""degree_hi"": [12.0, 17.0, 21.0, 24.0, 95.0], ""degree_lo"": [2.0, 12.0, 17.0, 21.0, 24.0], ""n"": [10430, 10430, 10430, 10430, 10429], ""n_bins"": 5, ""n_cliff"": [12, 8, 19, 26, 37], ""n_cliff_by_tau"": {""2.0"": 3698, ""3.0"": 749, ""4.0"": 102}, ""n_cliff_by_tau_by_quintile"": {""2.0"": [553, 624, 743, 929, 849], ""3.0"": [98, 85, 140, 241, 185], ""4.0"": [12, 8, 19, 26, 37]}, ""rate"": [0.00115053, 0.00076702, 0.00182167, 0.00249281, 0.0035478], ""rate_N2_mean"": [0.00428428, 0.00413806, 0.00450671, 0.00467018, 0.00527184], ""rate_N2_p95"": [0.00527325, 0.00527804, 0.00575743, 0.00614094, 0.00671205], ""rate_by_tau"": {""2.0"": [0.05302013, 0.05982742, 0.07123682, 0.08906999, 0.08140761], ""3.0"": [0.00939597, 0.00814957, 0.01342282, 0.02310642, 0.017739], ""4.0"": [0.00115053, 0.00076702, 0.00182167, 0.00249281, 0.0035478]}, ""tau"": 4.0, ""underpowered"": false}",0.8999999999999998,False,False,"N2 (B=200) per-quintile rate at tau=4; tau is the largest of (4,3,2) with >= 100 cliffs (20 per bin) so a per-quintile rate is estimable","0 censored rows: the masked and unmasked P_a are the same 52149 edges, so the clause holds by construction","raw = identity-link additive fit (stats_c2.raw_bundle); eps routes on the y scale with a MAD-matched sigma.  Clause 4 is asymmetric: a raw-only positive is discarded (latent is primary) and does NOT fail the clause; a LATENT_ONLY_POSITIVE does.  Per route: {""L1"": ""agree"", ""L2"": ""raw_only_positive_discarded"", ""L4"": ""agree""}",,4.0,4.0,,,,62.31,"[20266002, 12]","{""n_eps"": 36536, ""n_eps_bg0"": 188, ""sigma_eps_used"": 0.221891, ""sigma_provenance"": ""sqrt(3)*sigma_y [cross_study_contaminated]"", ""spec_expected_routes"": [""L1"", ""L2"", ""L4""], ""structurally_unidentified"": false, ""tau_used"": 4.0}"
GB1_IgG-Fc_fitness_1FCC_2016,L4,True,22176,,,,,,,,,0.13524765393072577,0.05059283352658237,0.13773791714115852,0.0762657772446205,0.013023581560283689,,,,1.0,0.8,0.0011505273250239693,0.0035477994055038834,False,True,True,SUPPORTED,SUPPORTED,,PRIMARY,F1,out_of_sample_pairwise_predictability,,mean_obs_per_Z_col,65.88673875924871,5.0,,,,,,,,,,,,,,,,,,,,,,,,,,,,,,,0.7223080213926913,0.8575556753234171,1617,65.88673875924871,0.1860219934913728,0.010314767447538254,16,,,,,,,,,,,,,1.0,min_heavy_dist,"{""cb_dist"": 0.0, ""dsasa"": 0.0, ""min_heavy_dist"": 0.8}","{""degree_hi"": [12.0, 17.0, 21.0, 24.0, 95.0], ""degree_lo"": [2.0, 12.0, 17.0, 21.0, 24.0], ""n"": [10430, 10430, 10430, 10430, 10429], ""n_bins"": 5, ""n_cliff"": [12, 8, 19, 26, 37], ""n_cliff_by_tau"": {""2.0"": 3698, ""3.0"": 749, ""4.0"": 102}, ""n_cliff_by_tau_by_quintile"": {""2.0"": [553, 624, 743, 929, 849], ""3.0"": [98, 85, 140, 241, 185], ""4.0"": [12, 8, 19, 26, 37]}, ""rate"": [0.00115053, 0.00076702, 0.00182167, 0.00249281, 0.0035478], ""rate_N2_mean"": [0.00428428, 0.00413806, 0.00450671, 0.00467018, 0.00527184], ""rate_N2_p95"": [0.00527325, 0.00527804, 0.00575743, 0.00614094, 0.00671205], ""rate_by_tau"": {""2.0"": [0.05302013, 0.05982742, 0.07123682, 0.08906999, 0.08140761], ""3.0"": [0.00939597, 0.00814957, 0.01342282, 0.02310642, 0.017739], ""4.0"": [0.00115053, 0.00076702, 0.00182167, 0.00249281, 0.0035478]}, ""tau"": 4.0, ""underpowered"": false}",0.8999999999999998,False,False,"N2 (B=200) per-quintile rate at tau=4; tau is the largest of (4,3,2) with >= 100 cliffs (20 per bin) so a per-quintile rate is estimable","0 censored rows: the masked and unmasked P_a are the same 52149 edges, so the clause holds by construction","raw = identity-link additive fit (stats_c2.raw_bundle); eps routes on the y scale with a MAD-matched sigma.  Clause 4 is asymmetric: a raw-only positive is discarded (latent is primary) and does NOT fail the clause; a LATENT_ONLY_POSITIVE does.  Per route: {""L1"": ""agree"", ""L2"": ""raw_only_positive_discarded"", ""L4"": ""agree""}",,4.0,4.0,,,,62.31,"[20266002, 12]","{""n_eps"": 36536, ""n_eps_bg0"": 188, ""sigma_eps_used"": 0.221891, ""sigma_provenance"": ""sqrt(3)*sigma_y [cross_study_contaminated]"", ""spec_expected_routes"": [""L1"", ""L2"", ""L4""], ""structurally_unidentified"": false, ""tau_used"": 4.0}"
GB1_IgG-Fc_fitness_1FCC_2016,L5,False,133,,,,,,,,,,,,,,,,,1.0,0.8,0.0011505273250239693,0.0035477994055038834,False,True,True,SUPPORTED,SUPPORTED,,PRIMARY,F1,eps_3D_localisation,"only 188 eps have both sites structurally annotated (gate >= 500), with 33 at |eps| >= 3 sigma and 100 at < 1 sigma (>= 10 of each needed for an AUROC)",n_eps_with_both_sites_annotated,188.0,500.0,36536,,,,,,,,,,,,,,,,,,,,,,,,,,,,,,,,,,,,,,,,33,100,0.22189129690684128,sqrt(3)*sigma_y [cross_study_contaminated],,,,,,1.0,min_heavy_dist,"{""cb_dist"": 0.0, ""dsasa"": 0.0, ""min_heavy_dist"": 0.8}","{""degree_hi"": [12.0, 17.0, 21.0, 24.0, 95.0], ""degree_lo"": [2.0, 12.0, 17.0, 21.0, 24.0], ""n"": [10430, 10430, 10430, 10430, 10429], ""n_bins"": 5, ""n_cliff"": [12, 8, 19, 26, 37], ""n_cliff_by_tau"": {""2.0"": 3698, ""3.0"": 749, ""4.0"": 102}, ""n_cliff_by_tau_by_quintile"": {""2.0"": [553, 624, 743, 929, 849], ""3.0"": [98, 85, 140, 241, 185], ""4.0"": [12, 8, 19, 26, 37]}, ""rate"": [0.00115053, 0.00076702, 0.00182167, 0.00249281, 0.0035478], ""rate_N2_mean"": [0.00428428, 0.00413806, 0.00450671, 0.00467018, 0.00527184], ""rate_N2_p95"": [0.00527325, 0.00527804, 0.00575743, 0.00614094, 0.00671205], ""rate_by_tau"": {""2.0"": [0.05302013, 0.05982742, 0.07123682, 0.08906999, 0.08140761], ""3.0"": [0.00939597, 0.00814957, 0.01342282, 0.02310642, 0.017739], ""4.0"": [0.00115053, 0.00076702, 0.00182167, 0.00249281, 0.0035478]}, ""tau"": 4.0, ""underpowered"": false}",0.8999999999999998,False,False,"N2 (B=200) per-quintile rate at tau=4; tau is the largest of (4,3,2) with >= 100 cliffs (20 per bin) so a per-quintile rate is estimable","0 censored rows: the masked and unmasked P_a are the same 52149 edges, so the clause holds by construction","raw = identity-link additive fit (stats_c2.raw_bundle); eps routes on the y scale with a MAD-matched sigma.  Clause 4 is asymmetric: a raw-only positive is discarded (latent is primary) and does NOT fail the clause; a LATENT_ONLY_POSITIVE does.  Per route: {""L1"": ""agree"", ""L2"": ""raw_only_positive_discarded"", ""L4"": ""agree""}","{""sigma_x0.5"": {""AUROC"": null, ""feasible"": false, ""n_cliff"": 76, ""n_noncliff"": 56, ""sigma"": 0.110946}, ""sigma_x1"": {""AUROC"": null, ""feasible"": false, ""n_cliff"": 33, ""n_noncliff"": 100, ""sigma"": 0.221891}, ""sigma_x2"": {""AUROC"": null, ""feasible"": false, ""n_cliff"": 4, ""n_noncliff"": 123, ""sigma"": 0.443783}}",4.0,4.0,,,,62.31,"[20266002, 12]","{""n_eps"": 36536, ""n_eps_bg0"": 188, ""sigma_eps_used"": 0.221891, ""sigma_provenance"": ""sqrt(3)*sigma_y [cross_study_contaminated]"", ""spec_expected_routes"": [""L1"", ""L2"", ""L4""], ""structurally_unidentified"": false, ""tau_used"": 4.0}"
KRAS_PICK3CG-RBD_norfitness_1HE8,L1,False,0,,,,,,,,,,,,,,,,,0.29292223736726053,0.32019,0.022136817832436588,0.01522140221402214,False,True,True,INCONCLUSIVE,SUPPORTED,unevaluable:C3L.L1(unavailable)+C3L.beta_in_N2_band&ICChi<0.15&dR2hi<0.02,PRIMARY,F2,sibling_corroboration,only 0 edges in P_a have |S| >= 3 (gate: >= 1000) -- the nested backgrounds are too shallow for a sibling to exist,n_edges_with_|S|>=3_in_P_a,0.0,1000.0,2107,,,,,,,,,,,,,,,,0.04971679723212272,-0.006839396851064557,0.0657039462078759,0.021646285935028677,0.017636717349251364,True,,,,,,,,,,,,,,,,,,,,,,,,,,,,0.2500181416994718,min_heavy_dist,"{""cb_dist"": 0.318865, ""dsasa"": 0.075057, ""min_heavy_dist"": 0.32019}","{""degree_hi"": [11.0, 15.0, 544.0, 678.0, 1639.0], ""degree_lo"": [4.0, 11.0, 15.0, 544.0, 678.0], ""n"": [6505, 6505, 6505, 6505, 6504], ""n_bins"": 5, ""n_cliff"": [144, 71, 52, 124, 99], ""n_cliff_by_tau"": {""2.0"": 3712, ""3.0"": 1227, ""4.0"": 490}, ""n_cliff_by_tau_by_quintile"": {""2.0"": [846, 503, 540, 917, 906], ""3.0"": [322, 195, 132, 290, 288], ""4.0"": [144, 71, 52, 124, 99]}, ""rate"": [0.02213682, 0.01091468, 0.00799385, 0.01906226, 0.0152214], ""rate_N2_mean"": [0.03323059, 0.03181245, 0.03270945, 0.03395388, 0.03638607], ""rate_N2_p95"": [0.03705611, 0.03735588, 0.07348194, 0.10594158, 0.11956488], ""rate_by_tau"": {""2.0"": [0.1300538, 0.07732513, 0.08301307, 0.14096849, 0.13929889], ""3.0"": [0.04950038, 0.02997694, 0.02029208, 0.04458109, 0.04428044], ""4.0"": [0.02213682, 0.01091468, 0.00799385, 0.01906226, 0.0152214]}, ""tau"": 4.0, ""underpowered"": false}",-0.19999999999999998,False,False,"N2 (B=200) per-quintile rate at tau=4; tau is the largest of (4,3,2) with >= 100 cliffs (20 per bin) so a per-quintile rate is estimable","0 censored rows: the masked and unmasked P_a are the same 32524 edges, so the clause holds by construction","raw = identity-link additive fit (stats_c2.raw_bundle); eps routes on the y scale with a MAD-matched sigma.  Clause 4 is asymmetric: a raw-only positive is discarded (latent is primary) and does NOT fail the clause; a LATENT_ONLY_POSITIVE does.  Per route: {""L2'"": ""raw_only_positive_discarded"", ""L5"": ""agree""}",,4.0,4.0,,200,12,28.74,"[20266002, 15]","{""n_eps"": 16193, ""n_eps_bg0"": 16193, ""sigma_eps_used"": 0.124313, ""sigma_provenance"": ""measured_replicate (sigma_eps)"", ""spec_expected_routes"": [""L3"", ""L5""], ""structurally_unidentified"": false, ""tau_used"": 4.0}"
KRAS_PICK3CG-RBD_norfitness_1HE8,L2,False,16193,,,,,,,,,,,,,,,,,0.29292223736726053,0.32019,0.022136817832436588,0.01522140221402214,False,True,True,INCONCLUSIVE,SUPPORTED,unevaluable:C3L.L1(unavailable)+C3L.beta_in_N2_band&ICChi<0.15&dR2hi<0.02,PRIMARY,F2,sitepair_ICC_across_backgrounds,only 0 substitution pairs carry >= 2 backgrounds and only 0 carry >= 200 (gate: either arm) -- the library has no background depth at this site pair,sub_pairs: n_groups(>=2 members)>=200 OR n_groups(>=200 members)>=2,0.0,200.0,16193,16193,0,1.0,,,,,,,,,,,,,,,,,,,,,,True,0.5589302727317985,0.09815956552699008,,label permutation (N2 cannot move an ICC of eps: N2 permutes e and never touches y),,,,,,,,,,,,,,,,,,,,0.2500181416994718,min_heavy_dist,"{""cb_dist"": 0.318865, ""dsasa"": 0.075057, ""min_heavy_dist"": 0.32019}","{""degree_hi"": [11.0, 15.0, 544.0, 678.0, 1639.0], ""degree_lo"": [4.0, 11.0, 15.0, 544.0, 678.0], ""n"": [6505, 6505, 6505, 6505, 6504], ""n_bins"": 5, ""n_cliff"": [144, 71, 52, 124, 99], ""n_cliff_by_tau"": {""2.0"": 3712, ""3.0"": 1227, ""4.0"": 490}, ""n_cliff_by_tau_by_quintile"": {""2.0"": [846, 503, 540, 917, 906], ""3.0"": [322, 195, 132, 290, 288], ""4.0"": [144, 71, 52, 124, 99]}, ""rate"": [0.02213682, 0.01091468, 0.00799385, 0.01906226, 0.0152214], ""rate_N2_mean"": [0.03323059, 0.03181245, 0.03270945, 0.03395388, 0.03638607], ""rate_N2_p95"": [0.03705611, 0.03735588, 0.07348194, 0.10594158, 0.11956488], ""rate_by_tau"": {""2.0"": [0.1300538, 0.07732513, 0.08301307, 0.14096849, 0.13929889], ""3.0"": [0.04950038, 0.02997694, 0.02029208, 0.04458109, 0.04428044], ""4.0"": [0.02213682, 0.01091468, 0.00799385, 0.01906226, 0.0152214]}, ""tau"": 4.0, ""underpowered"": false}",-0.19999999999999998,False,False,"N2 (B=200) per-quintile rate at tau=4; tau is the largest of (4,3,2) with >= 100 cliffs (20 per bin) so a per-quintile rate is estimable","0 censored rows: the masked and unmasked P_a are the same 32524 edges, so the clause holds by construction","raw = identity-link additive fit (stats_c2.raw_bundle); eps routes on the y scale with a MAD-matched sigma.  Clause 4 is asymmetric: a raw-only positive is discarded (latent is primary) and does NOT fail the clause; a LATENT_ONLY_POSITIVE does.  Per route: {""L2'"": ""raw_only_positive_discarded"", ""L5"": ""agree""}",,4.0,4.0,,,,28.74,"[20266002, 15]","{""n_eps"": 16193, ""n_eps_bg0"": 16193, ""sigma_eps_used"": 0.124313, ""sigma_provenance"": ""measured_replicate (sigma_eps)"", ""spec_expected_routes"": [""L3"", ""L5""], ""structurally_unidentified"": false, ""tau_used"": 4.0}"
KRAS_PICK3CG-RBD_norfitness_1HE8,L2',True,16193,,,,,0.09815956552699008,0.07586243350656724,0.11913259723179015,,,,,,,,,,0.29292223736726053,0.32019,0.022136817832436588,0.01522140221402214,False,True,True,INCONCLUSIVE,SUPPORTED,unevaluable:C3L.L1(unavailable)+C3L.beta_in_N2_band&ICChi<0.15&dR2hi<0.02,PRIMARY,F2,sitepair_ICC_across_aa_combinations,,median_aa_combos_per_site_pair >= 5 AND n_site_pairs(>=2 combos) >= 20,14.0,5.0,16193,1221,1123,13.262080262080262,,,,,,,,,,,,,,,,,,,4.097504998673094e-05,0.00870481139652584,0.004975124378109453,True,0.5589302727317985,0.09815956552699008,1000,label permutation (N2 cannot move an ICC of eps: N2 permutes e and never touches y),,,,,,,,,,,,,,,,,,,,0.2500181416994718,min_heavy_dist,"{""cb_dist"": 0.318865, ""dsasa"": 0.075057, ""min_heavy_dist"": 0.32019}","{""degree_hi"": [11.0, 15.0, 544.0, 678.0, 1639.0], ""degree_lo"": [4.0, 11.0, 15.0, 544.0, 678.0], ""n"": [6505, 6505, 6505, 6505, 6504], ""n_bins"": 5, ""n_cliff"": [144, 71, 52, 124, 99], ""n_cliff_by_tau"": {""2.0"": 3712, ""3.0"": 1227, ""4.0"": 490}, ""n_cliff_by_tau_by_quintile"": {""2.0"": [846, 503, 540, 917, 906], ""3.0"": [322, 195, 132, 290, 288], ""4.0"": [144, 71, 52, 124, 99]}, ""rate"": [0.02213682, 0.01091468, 0.00799385, 0.01906226, 0.0152214], ""rate_N2_mean"": [0.03323059, 0.03181245, 0.03270945, 0.03395388, 0.03638607], ""rate_N2_p95"": [0.03705611, 0.03735588, 0.07348194, 0.10594158, 0.11956488], ""rate_by_tau"": {""2.0"": [0.1300538, 0.07732513, 0.08301307, 0.14096849, 0.13929889], ""3.0"": [0.04950038, 0.02997694, 0.02029208, 0.04458109, 0.04428044], ""4.0"": [0.02213682, 0.01091468, 0.00799385, 0.01906226, 0.0152214]}, ""tau"": 4.0, ""underpowered"": false}",-0.19999999999999998,False,False,"N2 (B=200) per-quintile rate at tau=4; tau is the largest of (4,3,2) with >= 100 cliffs (20 per bin) so a per-quintile rate is estimable","0 censored rows: the masked and unmasked P_a are the same 32524 edges, so the clause holds by construction","raw = identity-link additive fit (stats_c2.raw_bundle); eps routes on the y scale with a MAD-matched sigma.  Clause 4 is asymmetric: a raw-only positive is discarded (latent is primary) and does NOT fail the clause; a LATENT_ONLY_POSITIVE does.  Per route: {""L2'"": ""raw_only_positive_discarded"", ""L5"": ""agree""}",,4.0,4.0,,,,28.74,"[20266002, 15]","{""n_eps"": 16193, ""n_eps_bg0"": 16193, ""sigma_eps_used"": 0.124313, ""sigma_provenance"": ""measured_replicate (sigma_eps)"", ""spec_expected_routes"": [""L3"", ""L5""], ""structurally_unidentified"": false, ""tau_used"": 4.0}"
KRAS_PICK3CG-RBD_norfitness_1HE8,L3,False,0,,,,,,,,,,,,,,,,,0.29292223736726053,0.32019,0.022136817832436588,0.01522140221402214,False,True,True,INCONCLUSIVE,SUPPORTED,unevaluable:C3L.L1(unavailable)+C3L.beta_in_N2_band&ICChi<0.15&dR2hi<0.02,PRIMARY,F2,cross_measurement_eps_replication,no independent measurement of the same site pair exists for this assay (the KRAS RAF1 / RAF1-RBD twin is the only one in the benchmark),n_shared_substitution_pairs_twice_measured,0.0,1.0,,,,,,,,,,,,,,,,,,,,,,,,,,,,,,,,,,,,,,,,,,,,,,,,,,0.2500181416994718,min_heavy_dist,"{""cb_dist"": 0.318865, ""dsasa"": 0.075057, ""min_heavy_dist"": 0.32019}","{""degree_hi"": [11.0, 15.0, 544.0, 678.0, 1639.0], ""degree_lo"": [4.0, 11.0, 15.0, 544.0, 678.0], ""n"": [6505, 6505, 6505, 6505, 6504], ""n_bins"": 5, ""n_cliff"": [144, 71, 52, 124, 99], ""n_cliff_by_tau"": {""2.0"": 3712, ""3.0"": 1227, ""4.0"": 490}, ""n_cliff_by_tau_by_quintile"": {""2.0"": [846, 503, 540, 917, 906], ""3.0"": [322, 195, 132, 290, 288], ""4.0"": [144, 71, 52, 124, 99]}, ""rate"": [0.02213682, 0.01091468, 0.00799385, 0.01906226, 0.0152214], ""rate_N2_mean"": [0.03323059, 0.03181245, 0.03270945, 0.03395388, 0.03638607], ""rate_N2_p95"": [0.03705611, 0.03735588, 0.07348194, 0.10594158, 0.11956488], ""rate_by_tau"": {""2.0"": [0.1300538, 0.07732513, 0.08301307, 0.14096849, 0.13929889], ""3.0"": [0.04950038, 0.02997694, 0.02029208, 0.04458109, 0.04428044], ""4.0"": [0.02213682, 0.01091468, 0.00799385, 0.01906226, 0.0152214]}, ""tau"": 4.0, ""underpowered"": false}",-0.19999999999999998,False,False,"N2 (B=200) per-quintile rate at tau=4; tau is the largest of (4,3,2) with >= 100 cliffs (20 per bin) so a per-quintile rate is estimable","0 censored rows: the masked and unmasked P_a are the same 32524 edges, so the clause holds by construction","raw = identity-link additive fit (stats_c2.raw_bundle); eps routes on the y scale with a MAD-matched sigma.  Clause 4 is asymmetric: a raw-only positive is discarded (latent is primary) and does NOT fail the clause; a LATENT_ONLY_POSITIVE does.  Per route: {""L2'"": ""raw_only_positive_discarded"", ""L5"": ""agree""}",,4.0,4.0,,,,28.74,"[20266002, 15]","{""n_eps"": 16193, ""n_eps_bg0"": 16193, ""sigma_eps_used"": 0.124313, ""sigma_provenance"": ""measured_replicate (sigma_eps)"", ""spec_expected_routes"": [""L3"", ""L5""], ""structurally_unidentified"": false, ""tau_used"": 4.0}"
KRAS_PICK3CG-RBD_norfitness_1HE8,L4,False,19203,,,,,,,,,,,,,,,,,0.29292223736726053,0.32019,0.022136817832436588,0.01522140221402214,False,True,True,INCONCLUSIVE,SUPPORTED,unevaluable:C3L.L1(unavailable)+C3L.beta_in_N2_band&ICChi<0.15&dR2hi<0.02,PRIMARY,F2,out_of_sample_pairwise_predictability,"mean 1 observations per Z column (gate >= 5): every interaction is seen once, so dR2_oos is identically 0 by construction and reporting it as ""no epistasis"" would be false",mean_obs_per_Z_col,1.0,5.0,,,,,,,,,,,,,,,,,,,,,,,,,,,,,,,,,0,1.0,,,0,,,,,,,,,,,,,0.2500181416994718,min_heavy_dist,"{""cb_dist"": 0.318865, ""dsasa"": 0.075057, ""min_heavy_dist"": 0.32019}","{""degree_hi"": [11.0, 15.0, 544.0, 678.0, 1639.0], ""degree_lo"": [4.0, 11.0, 15.0, 544.0, 678.0], ""n"": [6505, 6505, 6505, 6505, 6504], ""n_bins"": 5, ""n_cliff"": [144, 71, 52, 124, 99], ""n_cliff_by_tau"": {""2.0"": 3712, ""3.0"": 1227, ""4.0"": 490}, ""n_cliff_by_tau_by_quintile"": {""2.0"": [846, 503, 540, 917, 906], ""3.0"": [322, 195, 132, 290, 288], ""4.0"": [144, 71, 52, 124, 99]}, ""rate"": [0.02213682, 0.01091468, 0.00799385, 0.01906226, 0.0152214], ""rate_N2_mean"": [0.03323059, 0.03181245, 0.03270945, 0.03395388, 0.03638607], ""rate_N2_p95"": [0.03705611, 0.03735588, 0.07348194, 0.10594158, 0.11956488], ""rate_by_tau"": {""2.0"": [0.1300538, 0.07732513, 0.08301307, 0.14096849, 0.13929889], ""3.0"": [0.04950038, 0.02997694, 0.02029208, 0.04458109, 0.04428044], ""4.0"": [0.02213682, 0.01091468, 0.00799385, 0.01906226, 0.0152214]}, ""tau"": 4.0, ""underpowered"": false}",-0.19999999999999998,False,False,"N2 (B=200) per-quintile rate at tau=4; tau is the largest of (4,3,2) with >= 100 cliffs (20 per bin) so a per-quintile rate is estimable","0 censored rows: the masked and unmasked P_a are the same 32524 edges, so the clause holds by construction","raw = identity-link additive fit (stats_c2.raw_bundle); eps routes on the y scale with a MAD-matched sigma.  Clause 4 is asymmetric: a raw-only positive is discarded (latent is primary) and does NOT fail the clause; a LATENT_ONLY_POSITIVE does.  Per route: {""L2'"": ""raw_only_positive_discarded"", ""L5"": ""agree""}",,4.0,4.0,,,,28.74,"[20266002, 15]","{""n_eps"": 16193, ""n_eps_bg0"": 16193, ""sigma_eps_used"": 0.124313, ""sigma_provenance"": ""measured_replicate (sigma_eps)"", ""spec_expected_routes"": [""L3"", ""L5""], ""structurally_unidentified"": false, ""tau_used"": 4.0}"
KRAS_PICK3CG-RBD_norfitness_1HE8,L5,True,12641,,,,,,,,,,,,,,0.6718017806162502,0.6299804301371116,0.0004997501249375312,0.29292223736726053,0.32019,0.022136817832436588,0.01522140221402214,False,True,True,INCONCLUSIVE,SUPPORTED,unevaluable:C3L.L1(unavailable)+C3L.beta_in_N2_band&ICChi<0.15&dR2hi<0.02,PRIMARY,F2,eps_3D_localisation,,n_eps_with_both_sites_annotated,16193.0,500.0,16193,,,,,,,,,,,,,,,,,,,,,,,,,,,,,,,,,,,,,0.7111522704196683,0.5622150180269642,0.5754353674834777,2555,10086,0.124313,measured_replicate (sigma_eps),0.6718017806162502,0.7248216490307156,,,,0.2500181416994718,min_heavy_dist,"{""cb_dist"": 0.318865, ""dsasa"": 0.075057, ""min_heavy_dist"": 0.32019}","{""degree_hi"": [11.0, 15.0, 544.0, 678.0, 1639.0], ""degree_lo"": [4.0, 11.0, 15.0, 544.0, 678.0], ""n"": [6505, 6505, 6505, 6505, 6504], ""n_bins"": 5, ""n_cliff"": [144, 71, 52, 124, 99], ""n_cliff_by_tau"": {""2.0"": 3712, ""3.0"": 1227, ""4.0"": 490}, ""n_cliff_by_tau_by_quintile"": {""2.0"": [846, 503, 540, 917, 906], ""3.0"": [322, 195, 132, 290, 288], ""4.0"": [144, 71, 52, 124, 99]}, ""rate"": [0.02213682, 0.01091468, 0.00799385, 0.01906226, 0.0152214], ""rate_N2_mean"": [0.03323059, 0.03181245, 0.03270945, 0.03395388, 0.03638607], ""rate_N2_p95"": [0.03705611, 0.03735588, 0.07348194, 0.10594158, 0.11956488], ""rate_by_tau"": {""2.0"": [0.1300538, 0.07732513, 0.08301307, 0.14096849, 0.13929889], ""3.0"": [0.04950038, 0.02997694, 0.02029208, 0.04458109, 0.04428044], ""4.0"": [0.02213682, 0.01091468, 0.00799385, 0.01906226, 0.0152214]}, ""tau"": 4.0, ""underpowered"": false}",-0.19999999999999998,False,False,"N2 (B=200) per-quintile rate at tau=4; tau is the largest of (4,3,2) with >= 100 cliffs (20 per bin) so a per-quintile rate is estimable","0 censored rows: the masked and unmasked P_a are the same 32524 edges, so the clause holds by construction","raw = identity-link additive fit (stats_c2.raw_bundle); eps routes on the y scale with a MAD-matched sigma.  Clause 4 is asymmetric: a raw-only positive is discarded (latent is primary) and does NOT fail the clause; a LATENT_ONLY_POSITIVE does.  Per route: {""L2'"": ""raw_only_positive_discarded"", ""L5"": ""agree""}","{""sigma_x0.5"": {""AUROC"": 0.668558, ""feasible"": true, ""n_cliff"": 4561, ""n_noncliff"": 6872, ""sigma"": 0.062157}, ""sigma_x1"": {""AUROC"": 0.671802, ""feasible"": true, ""n_cliff"": 2555, ""n_noncliff"": 10086, ""sigma"": 0.124313}, ""sigma_x2"": {""AUROC"": 0.653307, ""feasible"": true, ""n_cliff"": 1138, ""n_noncliff"": 12547, ""sigma"": 0.248626}}",4.0,4.0,,2000,,28.74,"[20266002, 15]","{""n_eps"": 16193, ""n_eps_bg0"": 16193, ""sigma_eps_used"": 0.124313, ""sigma_provenance"": ""measured_replicate (sigma_eps)"", ""spec_expected_routes"": [""L3"", ""L5""], ""structurally_unidentified"": false, ""tau_used"": 4.0}"
KRAS_RAF1-RBD_norfitness_6VJJ,L1,False,0,,,,,,,,,,,,,,,,,0.3463177792680377,0.362397,0.022727272727272728,0.019128058626257608,False,True,True,INCONCLUSIVE,SUPPORTED,unevaluable:C3L.L1(unavailable),PRIMARY,F2,sibling_corroboration,only 0 edges in P_a have |S| >= 3 (gate: >= 1000) -- the nested backgrounds are too shallow for a sibling to exist,n_edges_with_|S|>=3_in_P_a,0.0,1000.0,2461,,,,,,,,,,,,,,,,0.07670153991797447,-0.005592139448770084,0.03994424723072245,0.03442948060521691,0.033246860435595695,False,,,,,,,,,,,,,,,,,,,,,,,,,,,,0.332537739184924,cb_dist,"{""cb_dist"": 0.362397, ""dsasa"": 0.135287, ""min_heavy_dist"": 0.332868}","{""degree_hi"": [11.0, 16.0, 605.0, 850.0, 1872.0], ""degree_lo"": [4.0, 11.0, 16.0, 605.0, 850.0], ""n"": [8052, 8052, 8051, 8051, 8051], ""n_bins"": 5, ""n_cliff"": [183, 197, 121, 127, 154], ""n_cliff_by_tau"": {""2.0"": 4055, ""3.0"": 1493, ""4.0"": 782}, ""n_cliff_by_tau_by_quintile"": {""2.0"": [909, 727, 589, 903, 927], ""3.0"": [361, 351, 220, 278, 283], ""4.0"": [183, 197, 121, 127, 154]}, ""rate"": [0.02272727, 0.02446597, 0.01502919, 0.01577444, 0.01912806], ""rate_N2_mean"": [0.03834513, 0.04545765, 0.03837536, 0.04343249, 0.0417445], ""rate_N2_p95"": [0.04260432, 0.05031669, 0.0869954, 0.10078872, 0.11701652], ""rate_by_tau"": {""2.0"": [0.11289121, 0.09028813, 0.07315861, 0.11215998, 0.11514098], ""3.0"": [0.04483358, 0.04359165, 0.0273258, 0.03452987, 0.03515091], ""4.0"": [0.02272727, 0.02446597, 0.01502919, 0.01577444, 0.01912806]}, ""tau"": 4.0, ""underpowered"": false}",-0.49999999999999994,False,False,"N2 (B=200) per-quintile rate at tau=4; tau is the largest of (4,3,2) with >= 100 cliffs (20 per bin) so a per-quintile rate is estimable","0 censored rows: the masked and unmasked P_a are the same 40257 edges, so the clause holds by construction","raw = identity-link additive fit (stats_c2.raw_bundle); eps routes on the y scale with a MAD-matched sigma.  Clause 4 is asymmetric: a raw-only positive is discarded (latent is primary) and does NOT fail the clause; a LATENT_ONLY_POSITIVE does.  Per route: {""L2'"": ""raw_only_positive_discarded"", ""L5"": ""agree""}",,4.0,4.0,,200,12,39.13,"[20266002, 16]","{""n_eps"": 20041, ""n_eps_bg0"": 20041, ""sigma_eps_used"": 0.124313, ""sigma_provenance"": ""measured_replicate (sigma_eps)"", ""spec_expected_routes"": [""L3"", ""L5""], ""structurally_unidentified"": false, ""tau_used"": 4.0}"
KRAS_RAF1-RBD_norfitness_6VJJ,L2,False,20041,,,,,,,,,,,,,,,,,0.3463177792680377,0.362397,0.022727272727272728,0.019128058626257608,False,True,True,INCONCLUSIVE,SUPPORTED,unevaluable:C3L.L1(unavailable),PRIMARY,F2,sitepair_ICC_across_backgrounds,only 0 substitution pairs carry >= 2 backgrounds and only 0 carry >= 200 (gate: either arm) -- the library has no background depth at this site pair,sub_pairs: n_groups(>=2 members)>=200 OR n_groups(>=200 members)>=2,0.0,200.0,20041,20041,0,1.0,,,,,,,,,,,,,,,,,,,,,,True,0.5960407418130825,0.24089223668663373,,label permutation (N2 cannot move an ICC of eps: N2 permutes e and never touches y),,,,,,,,,,,,,,,,,,,,0.332537739184924,cb_dist,"{""cb_dist"": 0.362397, ""dsasa"": 0.135287, ""min_heavy_dist"": 0.332868}","{""degree_hi"": [11.0, 16.0, 605.0, 850.0, 1872.0], ""degree_lo"": [4.0, 11.0, 16.0, 605.0, 850.0], ""n"": [8052, 8052, 8051, 8051, 8051], ""n_bins"": 5, ""n_cliff"": [183, 197, 121, 127, 154], ""n_cliff_by_tau"": {""2.0"": 4055, ""3.0"": 1493, ""4.0"": 782}, ""n_cliff_by_tau_by_quintile"": {""2.0"": [909, 727, 589, 903, 927], ""3.0"": [361, 351, 220, 278, 283], ""4.0"": [183, 197, 121, 127, 154]}, ""rate"": [0.02272727, 0.02446597, 0.01502919, 0.01577444, 0.01912806], ""rate_N2_mean"": [0.03834513, 0.04545765, 0.03837536, 0.04343249, 0.0417445], ""rate_N2_p95"": [0.04260432, 0.05031669, 0.0869954, 0.10078872, 0.11701652], ""rate_by_tau"": {""2.0"": [0.11289121, 0.09028813, 0.07315861, 0.11215998, 0.11514098], ""3.0"": [0.04483358, 0.04359165, 0.0273258, 0.03452987, 0.03515091], ""4.0"": [0.02272727, 0.02446597, 0.01502919, 0.01577444, 0.01912806]}, ""tau"": 4.0, ""underpowered"": false}",-0.49999999999999994,False,False,"N2 (B=200) per-quintile rate at tau=4; tau is the largest of (4,3,2) with >= 100 cliffs (20 per bin) so a per-quintile rate is estimable","0 censored rows: the masked and unmasked P_a are the same 40257 edges, so the clause holds by construction","raw = identity-link additive fit (stats_c2.raw_bundle); eps routes on the y scale with a MAD-matched sigma.  Clause 4 is asymmetric: a raw-only positive is discarded (latent is primary) and does NOT fail the clause; a LATENT_ONLY_POSITIVE does.  Per route: {""L2'"": ""raw_only_positive_discarded"", ""L5"": ""agree""}",,4.0,4.0,,,,39.13,"[20266002, 16]","{""n_eps"": 20041, ""n_eps_bg0"": 20041, ""sigma_eps_used"": 0.124313, ""sigma_provenance"": ""measured_replicate (sigma_eps)"", ""spec_expected_routes"": [""L3"", ""L5""], ""structurally_unidentified"": false, ""tau_used"": 4.0}"
KRAS_RAF1-RBD_norfitness_6VJJ,L2',True,20041,,,,,0.24089223668663373,0.15376264046265112,0.296234559617229,,,,,,,,,,0.3463177792680377,0.362397,0.022727272727272728,0.019128058626257608,False,True,True,INCONCLUSIVE,SUPPORTED,unevaluable:C3L.L1(unavailable),PRIMARY,F2,sitepair_ICC_across_aa_combinations,,median_aa_combos_per_site_pair >= 5 AND n_site_pairs(>=2 combos) >= 20,17.0,5.0,20041,1239,1156,16.175141242937855,,,,,,,,,,,,,,,,,,,-0.0001452085683292829,0.00842333478569572,0.004975124378109453,True,0.5960407418130825,0.24089223668663373,1000,label permutation (N2 cannot move an ICC of eps: N2 permutes e and never touches y),,,,,,,,,,,,,,,,,,,,0.332537739184924,cb_dist,"{""cb_dist"": 0.362397, ""dsasa"": 0.135287, ""min_heavy_dist"": 0.332868}","{""degree_hi"": [11.0, 16.0, 605.0, 850.0, 1872.0], ""degree_lo"": [4.0, 11.0, 16.0, 605.0, 850.0], ""n"": [8052, 8052, 8051, 8051, 8051], ""n_bins"": 5, ""n_cliff"": [183, 197, 121, 127, 154], ""n_cliff_by_tau"": {""2.0"": 4055, ""3.0"": 1493, ""4.0"": 782}, ""n_cliff_by_tau_by_quintile"": {""2.0"": [909, 727, 589, 903, 927], ""3.0"": [361, 351, 220, 278, 283], ""4.0"": [183, 197, 121, 127, 154]}, ""rate"": [0.02272727, 0.02446597, 0.01502919, 0.01577444, 0.01912806], ""rate_N2_mean"": [0.03834513, 0.04545765, 0.03837536, 0.04343249, 0.0417445], ""rate_N2_p95"": [0.04260432, 0.05031669, 0.0869954, 0.10078872, 0.11701652], ""rate_by_tau"": {""2.0"": [0.11289121, 0.09028813, 0.07315861, 0.11215998, 0.11514098], ""3.0"": [0.04483358, 0.04359165, 0.0273258, 0.03452987, 0.03515091], ""4.0"": [0.02272727, 0.02446597, 0.01502919, 0.01577444, 0.01912806]}, ""tau"": 4.0, ""underpowered"": false}",-0.49999999999999994,False,False,"N2 (B=200) per-quintile rate at tau=4; tau is the largest of (4,3,2) with >= 100 cliffs (20 per bin) so a per-quintile rate is estimable","0 censored rows: the masked and unmasked P_a are the same 40257 edges, so the clause holds by construction","raw = identity-link additive fit (stats_c2.raw_bundle); eps routes on the y scale with a MAD-matched sigma.  Clause 4 is asymmetric: a raw-only positive is discarded (latent is primary) and does NOT fail the clause; a LATENT_ONLY_POSITIVE does.  Per route: {""L2'"": ""raw_only_positive_discarded"", ""L5"": ""agree""}",,4.0,4.0,,,,39.13,"[20266002, 16]","{""n_eps"": 20041, ""n_eps_bg0"": 20041, ""sigma_eps_used"": 0.124313, ""sigma_provenance"": ""measured_replicate (sigma_eps)"", ""spec_expected_routes"": [""L3"", ""L5""], ""structurally_unidentified"": false, ""tau_used"": 4.0}"
KRAS_RAF1-RBD_norfitness_6VJJ,L3,True,10868,,,,,,,,,,,,,,,,,0.3463177792680377,0.362397,0.022727272727272728,0.019128058626257608,False,True,True,INCONCLUSIVE,SUPPORTED,unevaluable:C3L.L1(unavailable),PRIMARY,F2,cross_measurement_eps_replication,,n_shared_substitution_pairs_twice_measured,10868.0,1.0,10868,,,,,,,,,,,,,,,,,,,,,,,,,,,,,,,,,,,,,,,,,,0.12431253010008643,"measured_replicate (KRAS twin, contaminated by the construct difference)",,,0.7450052576235542,0.9521556256572029,10868,0.332537739184924,cb_dist,"{""cb_dist"": 0.362397, ""dsasa"": 0.135287, ""min_heavy_dist"": 0.332868}","{""degree_hi"": [11.0, 16.0, 605.0, 850.0, 1872.0], ""degree_lo"": [4.0, 11.0, 16.0, 605.0, 850.0], ""n"": [8052, 8052, 8051, 8051, 8051], ""n_bins"": 5, ""n_cliff"": [183, 197, 121, 127, 154], ""n_cliff_by_tau"": {""2.0"": 4055, ""3.0"": 1493, ""4.0"": 782}, ""n_cliff_by_tau_by_quintile"": {""2.0"": [909, 727, 589, 903, 927], ""3.0"": [361, 351, 220, 278, 283], ""4.0"": [183, 197, 121, 127, 154]}, ""rate"": [0.02272727, 0.02446597, 0.01502919, 0.01577444, 0.01912806], ""rate_N2_mean"": [0.03834513, 0.04545765, 0.03837536, 0.04343249, 0.0417445], ""rate_N2_p95"": [0.04260432, 0.05031669, 0.0869954, 0.10078872, 0.11701652], ""rate_by_tau"": {""2.0"": [0.11289121, 0.09028813, 0.07315861, 0.11215998, 0.11514098], ""3.0"": [0.04483358, 0.04359165, 0.0273258, 0.03452987, 0.03515091], ""4.0"": [0.02272727, 0.02446597, 0.01502919, 0.01577444, 0.01912806]}, ""tau"": 4.0, ""underpowered"": false}",-0.49999999999999994,False,False,"N2 (B=200) per-quintile rate at tau=4; tau is the largest of (4,3,2) with >= 100 cliffs (20 per bin) so a per-quintile rate is estimable","0 censored rows: the masked and unmasked P_a are the same 40257 edges, so the clause holds by construction","raw = identity-link additive fit (stats_c2.raw_bundle); eps routes on the y scale with a MAD-matched sigma.  Clause 4 is asymmetric: a raw-only positive is discarded (latent is primary) and does NOT fail the clause; a LATENT_ONLY_POSITIVE does.  Per route: {""L2'"": ""raw_only_positive_discarded"", ""L5"": ""agree""}",,4.0,4.0,,,,39.13,"[20266002, 16]","{""n_eps"": 20041, ""n_eps_bg0"": 20041, ""sigma_eps_used"": 0.124313, ""sigma_provenance"": ""measured_replicate (sigma_eps)"", ""spec_expected_routes"": [""L3"", ""L5""], ""structurally_unidentified"": false, ""tau_used"": 4.0}"
KRAS_RAF1-RBD_norfitness_6VJJ,L4,False,23162,,,,,,,,,,,,,,,,,0.3463177792680377,0.362397,0.022727272727272728,0.019128058626257608,False,True,True,INCONCLUSIVE,SUPPORTED,unevaluable:C3L.L1(unavailable),PRIMARY,F2,out_of_sample_pairwise_predictability,"mean 1 observations per Z column (gate >= 5): every interaction is seen once, so dR2_oos is identically 0 by construction and reporting it as ""no epistasis"" would be false",mean_obs_per_Z_col,1.0,5.0,,,,,,,,,,,,,,,,,,,,,,,,,,,,,,,,,0,1.0,,,0,,,,,,,,,,,,,0.332537739184924,cb_dist,"{""cb_dist"": 0.362397, ""dsasa"": 0.135287, ""min_heavy_dist"": 0.332868}","{""degree_hi"": [11.0, 16.0, 605.0, 850.0, 1872.0], ""degree_lo"": [4.0, 11.0, 16.0, 605.0, 850.0], ""n"": [8052, 8052, 8051, 8051, 8051], ""n_bins"": 5, ""n_cliff"": [183, 197, 121, 127, 154], ""n_cliff_by_tau"": {""2.0"": 4055, ""3.0"": 1493, ""4.0"": 782}, ""n_cliff_by_tau_by_quintile"": {""2.0"": [909, 727, 589, 903, 927], ""3.0"": [361, 351, 220, 278, 283], ""4.0"": [183, 197, 121, 127, 154]}, ""rate"": [0.02272727, 0.02446597, 0.01502919, 0.01577444, 0.01912806], ""rate_N2_mean"": [0.03834513, 0.04545765, 0.03837536, 0.04343249, 0.0417445], ""rate_N2_p95"": [0.04260432, 0.05031669, 0.0869954, 0.10078872, 0.11701652], ""rate_by_tau"": {""2.0"": [0.11289121, 0.09028813, 0.07315861, 0.11215998, 0.11514098], ""3.0"": [0.04483358, 0.04359165, 0.0273258, 0.03452987, 0.03515091], ""4.0"": [0.02272727, 0.02446597, 0.01502919, 0.01577444, 0.01912806]}, ""tau"": 4.0, ""underpowered"": false}",-0.49999999999999994,False,False,"N2 (B=200) per-quintile rate at tau=4; tau is the largest of (4,3,2) with >= 100 cliffs (20 per bin) so a per-quintile rate is estimable","0 censored rows: the masked and unmasked P_a are the same 40257 edges, so the clause holds by construction","raw = identity-link additive fit (stats_c2.raw_bundle); eps routes on the y scale with a MAD-matched sigma.  Clause 4 is asymmetric: a raw-only positive is discarded (latent is primary) and does NOT fail the clause; a LATENT_ONLY_POSITIVE does.  Per route: {""L2'"": ""raw_only_positive_discarded"", ""L5"": ""agree""}",,4.0,4.0,,,,39.13,"[20266002, 16]","{""n_eps"": 20041, ""n_eps_bg0"": 20041, ""sigma_eps_used"": 0.124313, ""sigma_provenance"": ""measured_replicate (sigma_eps)"", ""spec_expected_routes"": [""L3"", ""L5""], ""structurally_unidentified"": false, ""tau_used"": 4.0}"
KRAS_RAF1-RBD_norfitness_6VJJ,L5,True,17002,,,,,,,,,,,,,,0.6859170342189734,0.6483840578836734,0.0004997501249375312,0.3463177792680377,0.362397,0.022727272727272728,0.019128058626257608,False,True,True,INCONCLUSIVE,SUPPORTED,unevaluable:C3L.L1(unavailable),PRIMARY,F2,eps_3D_localisation,,n_eps_with_both_sites_annotated,20041.0,500.0,20041,,,,,,,,,,,,,,,,,,,,,,,,,,,,,,,,,,,,,0.719164944392412,0.5600024893039655,0.5714491030004017,3887,13115,0.124313,measured_replicate (sigma_eps),0.6859170342189734,0.7555407938644595,,,,0.332537739184924,cb_dist,"{""cb_dist"": 0.362397, ""dsasa"": 0.135287, ""min_heavy_dist"": 0.332868}","{""degree_hi"": [11.0, 16.0, 605.0, 850.0, 1872.0], ""degree_lo"": [4.0, 11.0, 16.0, 605.0, 850.0], ""n"": [8052, 8052, 8051, 8051, 8051], ""n_bins"": 5, ""n_cliff"": [183, 197, 121, 127, 154], ""n_cliff_by_tau"": {""2.0"": 4055, ""3.0"": 1493, ""4.0"": 782}, ""n_cliff_by_tau_by_quintile"": {""2.0"": [909, 727, 589, 903, 927], ""3.0"": [361, 351, 220, 278, 283], ""4.0"": [183, 197, 121, 127, 154]}, ""rate"": [0.02272727, 0.02446597, 0.01502919, 0.01577444, 0.01912806], ""rate_N2_mean"": [0.03834513, 0.04545765, 0.03837536, 0.04343249, 0.0417445], ""rate_N2_p95"": [0.04260432, 0.05031669, 0.0869954, 0.10078872, 0.11701652], ""rate_by_tau"": {""2.0"": [0.11289121, 0.09028813, 0.07315861, 0.11215998, 0.11514098], ""3.0"": [0.04483358, 0.04359165, 0.0273258, 0.03452987, 0.03515091], ""4.0"": [0.02272727, 0.02446597, 0.01502919, 0.01577444, 0.01912806]}, ""tau"": 4.0, ""underpowered"": false}",-0.49999999999999994,False,False,"N2 (B=200) per-quintile rate at tau=4; tau is the largest of (4,3,2) with >= 100 cliffs (20 per bin) so a per-quintile rate is estimable","0 censored rows: the masked and unmasked P_a are the same 40257 edges, so the clause holds by construction","raw = identity-link additive fit (stats_c2.raw_bundle); eps routes on the y scale with a MAD-matched sigma.  Clause 4 is asymmetric: a raw-only positive is discarded (latent is primary) and does NOT fail the clause; a LATENT_ONLY_POSITIVE does.  Per route: {""L2'"": ""raw_only_positive_discarded"", ""L5"": ""agree""}","{""sigma_x0.5"": {""AUROC"": 0.683053, ""feasible"": true, ""n_cliff"": 5597, ""n_noncliff"": 9415, ""sigma"": 0.062157}, ""sigma_x1"": {""AUROC"": 0.685917, ""feasible"": true, ""n_cliff"": 3887, ""n_noncliff"": 13115, ""sigma"": 0.124313}, ""sigma_x2"": {""AUROC"": 0.686081, ""feasible"": true, ""n_cliff"": 2117, ""n_noncliff"": 15178, ""sigma"": 0.248626}}",4.0,4.0,,2000,,39.13,"[20266002, 16]","{""n_eps"": 20041, ""n_eps_bg0"": 20041, ""sigma_eps_used"": 0.124313, ""sigma_provenance"": ""measured_replicate (sigma_eps)"", ""spec_expected_routes"": [""L3"", ""L5""], ""structurally_unidentified"": false, ""tau_used"": 4.0}"
KRAS_RAF1_norfitness_6VJJ,L1,False,0,,,,,,,,,,,,,,,,,-0.06438162591364566,0.190536,0.01918047079337402,0.013516459559625027,False,True,True,INCONCLUSIVE,SUPPORTED,unevaluable:C3L.L1(unavailable),PRIMARY,F2,sibling_corroboration,only 0 edges in P_a have |S| >= 3 (gate: >= 1000) -- the nested backgrounds are too shallow for a sibling to exist,n_edges_with_|S|>=3_in_P_a,0.0,1000.0,1142,,,,,,,,,,,,,,,,0.15317661173778854,-0.008550495182150071,0.03628173549315555,0.005815866587168333,-0.007586228045624197,False,,,,,,,,,,,,,,,,,,,,,,,,,,,,-0.22776484203385533,cb_dist,"{""cb_dist"": 0.190536, ""dsasa"": 0.05068, ""min_heavy_dist"": 0.0932}","{""degree_hi"": [14.0, 16.0, 774.0, 859.0, 939.0], ""degree_lo"": [4.0, 14.0, 16.0, 774.0, 859.0], ""n"": [4588, 4588, 4588, 4587, 4587], ""n_bins"": 5, ""n_cliff"": [88, 61, 57, 42, 62], ""n_cliff_by_tau"": {""2.0"": 3442, ""3.0"": 936, ""4.0"": 310}, ""n_cliff_by_tau_by_quintile"": {""2.0"": [557, 322, 652, 843, 1068], ""3.0"": [206, 132, 168, 178, 252], ""4.0"": [88, 61, 57, 42, 62]}, ""rate"": [0.01918047, 0.01329555, 0.01242371, 0.00915631, 0.01351646], ""rate_N2_mean"": [0.02635789, 0.02846338, 0.02690061, 0.01885873, 0.02802594], ""rate_N2_p95"": [0.03182214, 0.03487358, 0.04386443, 0.04168302, 0.13985175], ""rate_by_tau"": {""2.0"": [0.12140366, 0.07018309, 0.14210985, 0.18378025, 0.23283192], ""3.0"": [0.04489974, 0.02877071, 0.03661726, 0.03880532, 0.05493787], ""4.0"": [0.01918047, 0.01329555, 0.01242371, 0.00915631, 0.01351646]}, ""tau"": 4.0, ""underpowered"": false}",-0.39999999999999997,False,False,"N2 (B=200) per-quintile rate at tau=4; tau is the largest of (4,3,2) with >= 100 cliffs (20 per bin) so a per-quintile rate is estimable","0 censored rows: the masked and unmasked P_a are the same 22938 edges, so the clause holds by construction","raw = identity-link additive fit (stats_c2.raw_bundle); eps routes on the y scale with a MAD-matched sigma.  Clause 4 is asymmetric: a raw-only positive is discarded (latent is primary) and does NOT fail the clause; a LATENT_ONLY_POSITIVE does.  Per route: {""L2'"": ""raw_only_positive_discarded"", ""L5"": ""agree""}",,4.0,4.0,,200,12,22.38,"[20266002, 17]","{""n_eps"": 11462, ""n_eps_bg0"": 11462, ""sigma_eps_used"": 0.124313, ""sigma_provenance"": ""measured_replicate (sigma_eps)"", ""spec_expected_routes"": [""L3"", ""L5""], ""structurally_unidentified"": false, ""tau_used"": 4.0}"
KRAS_RAF1_norfitness_6VJJ,L2,False,11462,,,,,,,,,,,,,,,,,-0.06438162591364566,0.190536,0.01918047079337402,0.013516459559625027,False,True,True,INCONCLUSIVE,SUPPORTED,unevaluable:C3L.L1(unavailable),PRIMARY,F2,sitepair_ICC_across_backgrounds,only 0 substitution pairs carry >= 2 backgrounds and only 0 carry >= 200 (gate: either arm) -- the library has no background depth at this site pair,sub_pairs: n_groups(>=2 members)>=200 OR n_groups(>=200 members)>=2,0.0,200.0,11462,11462,0,1.0,,,,,,,,,,,,,,,,,,,,,,True,0.564110858807341,0.1681323129434273,,label permutation (N2 cannot move an ICC of eps: N2 permutes e and never touches y),,,,,,,,,,,,,,,,,,,,-0.22776484203385533,cb_dist,"{""cb_dist"": 0.190536, ""dsasa"": 0.05068, ""min_heavy_dist"": 0.0932}","{""degree_hi"": [14.0, 16.0, 774.0, 859.0, 939.0], ""degree_lo"": [4.0, 14.0, 16.0, 774.0, 859.0], ""n"": [4588, 4588, 4588, 4587, 4587], ""n_bins"": 5, ""n_cliff"": [88, 61, 57, 42, 62], ""n_cliff_by_tau"": {""2.0"": 3442, ""3.0"": 936, ""4.0"": 310}, ""n_cliff_by_tau_by_quintile"": {""2.0"": [557, 322, 652, 843, 1068], ""3.0"": [206, 132, 168, 178, 252], ""4.0"": [88, 61, 57, 42, 62]}, ""rate"": [0.01918047, 0.01329555, 0.01242371, 0.00915631, 0.01351646], ""rate_N2_mean"": [0.02635789, 0.02846338, 0.02690061, 0.01885873, 0.02802594], ""rate_N2_p95"": [0.03182214, 0.03487358, 0.04386443, 0.04168302, 0.13985175], ""rate_by_tau"": {""2.0"": [0.12140366, 0.07018309, 0.14210985, 0.18378025, 0.23283192], ""3.0"": [0.04489974, 0.02877071, 0.03661726, 0.03880532, 0.05493787], ""4.0"": [0.01918047, 0.01329555, 0.01242371, 0.00915631, 0.01351646]}, ""tau"": 4.0, ""underpowered"": false}",-0.39999999999999997,False,False,"N2 (B=200) per-quintile rate at tau=4; tau is the largest of (4,3,2) with >= 100 cliffs (20 per bin) so a per-quintile rate is estimable","0 censored rows: the masked and unmasked P_a are the same 22938 edges, so the clause holds by construction","raw = identity-link additive fit (stats_c2.raw_bundle); eps routes on the y scale with a MAD-matched sigma.  Clause 4 is asymmetric: a raw-only positive is discarded (latent is primary) and does NOT fail the clause; a LATENT_ONLY_POSITIVE does.  Per route: {""L2'"": ""raw_only_positive_discarded"", ""L5"": ""agree""}",,4.0,4.0,,,,22.38,"[20266002, 17]","{""n_eps"": 11462, ""n_eps_bg0"": 11462, ""sigma_eps_used"": 0.124313, ""sigma_provenance"": ""measured_replicate (sigma_eps)"", ""spec_expected_routes"": [""L3"", ""L5""], ""structurally_unidentified"": false, ""tau_used"": 4.0}"
KRAS_RAF1_norfitness_6VJJ,L2',True,11462,,,,,0.1681323129434273,0.1251012960866605,0.20643322131582129,,,,,,,,,,-0.06438162591364566,0.190536,0.01918047079337402,0.013516459559625027,False,True,True,INCONCLUSIVE,SUPPORTED,unevaluable:C3L.L1(unavailable),PRIMARY,F2,sitepair_ICC_across_aa_combinations,,median_aa_combos_per_site_pair >= 5 AND n_site_pairs(>=2 combos) >= 20,18.0,5.0,11462,615,589,18.63739837398374,,,,,,,,,,,,,,,,,,,0.0003285830865358247,0.00826672051183753,0.004975124378109453,True,0.564110858807341,0.1681323129434273,1000,label permutation (N2 cannot move an ICC of eps: N2 permutes e and never touches y),,,,,,,,,,,,,,,,,,,,-0.22776484203385533,cb_dist,"{""cb_dist"": 0.190536, ""dsasa"": 0.05068, ""min_heavy_dist"": 0.0932}","{""degree_hi"": [14.0, 16.0, 774.0, 859.0, 939.0], ""degree_lo"": [4.0, 14.0, 16.0, 774.0, 859.0], ""n"": [4588, 4588, 4588, 4587, 4587], ""n_bins"": 5, ""n_cliff"": [88, 61, 57, 42, 62], ""n_cliff_by_tau"": {""2.0"": 3442, ""3.0"": 936, ""4.0"": 310}, ""n_cliff_by_tau_by_quintile"": {""2.0"": [557, 322, 652, 843, 1068], ""3.0"": [206, 132, 168, 178, 252], ""4.0"": [88, 61, 57, 42, 62]}, ""rate"": [0.01918047, 0.01329555, 0.01242371, 0.00915631, 0.01351646], ""rate_N2_mean"": [0.02635789, 0.02846338, 0.02690061, 0.01885873, 0.02802594], ""rate_N2_p95"": [0.03182214, 0.03487358, 0.04386443, 0.04168302, 0.13985175], ""rate_by_tau"": {""2.0"": [0.12140366, 0.07018309, 0.14210985, 0.18378025, 0.23283192], ""3.0"": [0.04489974, 0.02877071, 0.03661726, 0.03880532, 0.05493787], ""4.0"": [0.01918047, 0.01329555, 0.01242371, 0.00915631, 0.01351646]}, ""tau"": 4.0, ""underpowered"": false}",-0.39999999999999997,False,False,"N2 (B=200) per-quintile rate at tau=4; tau is the largest of (4,3,2) with >= 100 cliffs (20 per bin) so a per-quintile rate is estimable","0 censored rows: the masked and unmasked P_a are the same 22938 edges, so the clause holds by construction","raw = identity-link additive fit (stats_c2.raw_bundle); eps routes on the y scale with a MAD-matched sigma.  Clause 4 is asymmetric: a raw-only positive is discarded (latent is primary) and does NOT fail the clause; a LATENT_ONLY_POSITIVE does.  Per route: {""L2'"": ""raw_only_positive_discarded"", ""L5"": ""agree""}",,4.0,4.0,,,,22.38,"[20266002, 17]","{""n_eps"": 11462, ""n_eps_bg0"": 11462, ""sigma_eps_used"": 0.124313, ""sigma_provenance"": ""measured_replicate (sigma_eps)"", ""spec_expected_routes"": [""L3"", ""L5""], ""structurally_unidentified"": false, ""tau_used"": 4.0}"
KRAS_RAF1_norfitness_6VJJ,L3,True,10868,,,,,,,,,,,,,,,,,-0.06438162591364566,0.190536,0.01918047079337402,0.013516459559625027,False,True,True,INCONCLUSIVE,SUPPORTED,unevaluable:C3L.L1(unavailable),PRIMARY,F2,cross_measurement_eps_replication,,n_shared_substitution_pairs_twice_measured,10868.0,1.0,10868,,,,,,,,,,,,,,,,,,,,,,,,,,,,,,,,,,,,,,,,,,0.12431253010008643,"measured_replicate (KRAS twin, contaminated by the construct difference)",,,0.7450052576235542,0.9521556256572029,10868,-0.22776484203385533,cb_dist,"{""cb_dist"": 0.190536, ""dsasa"": 0.05068, ""min_heavy_dist"": 0.0932}","{""degree_hi"": [14.0, 16.0, 774.0, 859.0, 939.0], ""degree_lo"": [4.0, 14.0, 16.0, 774.0, 859.0], ""n"": [4588, 4588, 4588, 4587, 4587], ""n_bins"": 5, ""n_cliff"": [88, 61, 57, 42, 62], ""n_cliff_by_tau"": {""2.0"": 3442, ""3.0"": 936, ""4.0"": 310}, ""n_cliff_by_tau_by_quintile"": {""2.0"": [557, 322, 652, 843, 1068], ""3.0"": [206, 132, 168, 178, 252], ""4.0"": [88, 61, 57, 42, 62]}, ""rate"": [0.01918047, 0.01329555, 0.01242371, 0.00915631, 0.01351646], ""rate_N2_mean"": [0.02635789, 0.02846338, 0.02690061, 0.01885873, 0.02802594], ""rate_N2_p95"": [0.03182214, 0.03487358, 0.04386443, 0.04168302, 0.13985175], ""rate_by_tau"": {""2.0"": [0.12140366, 0.07018309, 0.14210985, 0.18378025, 0.23283192], ""3.0"": [0.04489974, 0.02877071, 0.03661726, 0.03880532, 0.05493787], ""4.0"": [0.01918047, 0.01329555, 0.01242371, 0.00915631, 0.01351646]}, ""tau"": 4.0, ""underpowered"": false}",-0.39999999999999997,False,False,"N2 (B=200) per-quintile rate at tau=4; tau is the largest of (4,3,2) with >= 100 cliffs (20 per bin) so a per-quintile rate is estimable","0 censored rows: the masked and unmasked P_a are the same 22938 edges, so the clause holds by construction","raw = identity-link additive fit (stats_c2.raw_bundle); eps routes on the y scale with a MAD-matched sigma.  Clause 4 is asymmetric: a raw-only positive is discarded (latent is primary) and does NOT fail the clause; a LATENT_ONLY_POSITIVE does.  Per route: {""L2'"": ""raw_only_positive_discarded"", ""L5"": ""agree""}",,4.0,4.0,,,,22.38,"[20266002, 17]","{""n_eps"": 11462, ""n_eps_bg0"": 11462, ""sigma_eps_used"": 0.124313, ""sigma_provenance"": ""measured_replicate (sigma_eps)"", ""spec_expected_routes"": [""L3"", ""L5""], ""structurally_unidentified"": false, ""tau_used"": 4.0}"
KRAS_RAF1_norfitness_6VJJ,L4,False,12677,,,,,,,,,,,,,,,,,-0.06438162591364566,0.190536,0.01918047079337402,0.013516459559625027,False,True,True,INCONCLUSIVE,SUPPORTED,unevaluable:C3L.L1(unavailable),PRIMARY,F2,out_of_sample_pairwise_predictability,"mean 1 observations per Z column (gate >= 5): every interaction is seen once, so dR2_oos is identically 0 by construction and reporting it as ""no epistasis"" would be false",mean_obs_per_Z_col,1.0,5.0,,,,,,,,,,,,,,,,,,,,,,,,,,,,,,,,,0,1.0,,,0,,,,,,,,,,,,,-0.22776484203385533,cb_dist,"{""cb_dist"": 0.190536, ""dsasa"": 0.05068, ""min_heavy_dist"": 0.0932}","{""degree_hi"": [14.0, 16.0, 774.0, 859.0, 939.0], ""degree_lo"": [4.0, 14.0, 16.0, 774.0, 859.0], ""n"": [4588, 4588, 4588, 4587, 4587], ""n_bins"": 5, ""n_cliff"": [88, 61, 57, 42, 62], ""n_cliff_by_tau"": {""2.0"": 3442, ""3.0"": 936, ""4.0"": 310}, ""n_cliff_by_tau_by_quintile"": {""2.0"": [557, 322, 652, 843, 1068], ""3.0"": [206, 132, 168, 178, 252], ""4.0"": [88, 61, 57, 42, 62]}, ""rate"": [0.01918047, 0.01329555, 0.01242371, 0.00915631, 0.01351646], ""rate_N2_mean"": [0.02635789, 0.02846338, 0.02690061, 0.01885873, 0.02802594], ""rate_N2_p95"": [0.03182214, 0.03487358, 0.04386443, 0.04168302, 0.13985175], ""rate_by_tau"": {""2.0"": [0.12140366, 0.07018309, 0.14210985, 0.18378025, 0.23283192], ""3.0"": [0.04489974, 0.02877071, 0.03661726, 0.03880532, 0.05493787], ""4.0"": [0.01918047, 0.01329555, 0.01242371, 0.00915631, 0.01351646]}, ""tau"": 4.0, ""underpowered"": false}",-0.39999999999999997,False,False,"N2 (B=200) per-quintile rate at tau=4; tau is the largest of (4,3,2) with >= 100 cliffs (20 per bin) so a per-quintile rate is estimable","0 censored rows: the masked and unmasked P_a are the same 22938 edges, so the clause holds by construction","raw = identity-link additive fit (stats_c2.raw_bundle); eps routes on the y scale with a MAD-matched sigma.  Clause 4 is asymmetric: a raw-only positive is discarded (latent is primary) and does NOT fail the clause; a LATENT_ONLY_POSITIVE does.  Per route: {""L2'"": ""raw_only_positive_discarded"", ""L5"": ""agree""}",,4.0,4.0,,,,22.38,"[20266002, 17]","{""n_eps"": 11462, ""n_eps_bg0"": 11462, ""sigma_eps_used"": 0.124313, ""sigma_provenance"": ""measured_replicate (sigma_eps)"", ""spec_expected_routes"": [""L3"", ""L5""], ""structurally_unidentified"": false, ""tau_used"": 4.0}"
KRAS_RAF1_norfitness_6VJJ,L5,True,8502,,,,,,,,,,,,,,0.6631527376650084,0.6339463144284292,0.0004997501249375312,-0.06438162591364566,0.190536,0.01918047079337402,0.013516459559625027,False,True,True,INCONCLUSIVE,SUPPORTED,unevaluable:C3L.L1(unavailable),PRIMARY,F2,eps_3D_localisation,,n_eps_with_both_sites_annotated,11462.0,500.0,11462,,,,,,,,,,,,,,,,,,,,,,,,,,,,,,,,,,,,,0.696597238729596,0.5461923808272724,0.5602525057459967,2050,6452,0.124313,measured_replicate (sigma_eps),0.6631527376650084,0.7196402837059765,,,,-0.22776484203385533,cb_dist,"{""cb_dist"": 0.190536, ""dsasa"": 0.05068, ""min_heavy_dist"": 0.0932}","{""degree_hi"": [14.0, 16.0, 774.0, 859.0, 939.0], ""degree_lo"": [4.0, 14.0, 16.0, 774.0, 859.0], ""n"": [4588, 4588, 4588, 4587, 4587], ""n_bins"": 5, ""n_cliff"": [88, 61, 57, 42, 62], ""n_cliff_by_tau"": {""2.0"": 3442, ""3.0"": 936, ""4.0"": 310}, ""n_cliff_by_tau_by_quintile"": {""2.0"": [557, 322, 652, 843, 1068], ""3.0"": [206, 132, 168, 178, 252], ""4.0"": [88, 61, 57, 42, 62]}, ""rate"": [0.01918047, 0.01329555, 0.01242371, 0.00915631, 0.01351646], ""rate_N2_mean"": [0.02635789, 0.02846338, 0.02690061, 0.01885873, 0.02802594], ""rate_N2_p95"": [0.03182214, 0.03487358, 0.04386443, 0.04168302, 0.13985175], ""rate_by_tau"": {""2.0"": [0.12140366, 0.07018309, 0.14210985, 0.18378025, 0.23283192], ""3.0"": [0.04489974, 0.02877071, 0.03661726, 0.03880532, 0.05493787], ""4.0"": [0.01918047, 0.01329555, 0.01242371, 0.00915631, 0.01351646]}, ""tau"": 4.0, ""underpowered"": false}",-0.39999999999999997,False,False,"N2 (B=200) per-quintile rate at tau=4; tau is the largest of (4,3,2) with >= 100 cliffs (20 per bin) so a per-quintile rate is estimable","0 censored rows: the masked and unmasked P_a are the same 22938 edges, so the clause holds by construction","raw = identity-link additive fit (stats_c2.raw_bundle); eps routes on the y scale with a MAD-matched sigma.  Clause 4 is asymmetric: a raw-only positive is discarded (latent is primary) and does NOT fail the clause; a LATENT_ONLY_POSITIVE does.  Per route: {""L2'"": ""raw_only_positive_discarded"", ""L5"": ""agree""}","{""sigma_x0.5"": {""AUROC"": 0.646767, ""feasible"": true, ""n_cliff"": 3764, ""n_noncliff"": 4081, ""sigma"": 0.062157}, ""sigma_x1"": {""AUROC"": 0.663153, ""feasible"": true, ""n_cliff"": 2050, ""n_noncliff"": 6452, ""sigma"": 0.124313}, ""sigma_x2"": {""AUROC"": 0.668448, ""feasible"": true, ""n_cliff"": 610, ""n_noncliff"": 8429, ""sigma"": 0.248626}}",4.0,4.0,,2000,,22.38,"[20266002, 17]","{""n_eps"": 11462, ""n_eps_bg0"": 11462, ""sigma_eps_used"": 0.124313, ""sigma_provenance"": ""measured_replicate (sigma_eps)"", ""spec_expected_routes"": [""L3"", ""L5""], ""structurally_unidentified"": false, ""tau_used"": 4.0}"
KRAS_RALGDS-RBD_norfitness_1LFD,L1,False,0,,,,,,,,,,,,,,,,,0.35743070616824446,0.374704,0.03371428571428572,0.023003286183740534,False,True,True,INCONCLUSIVE,SUPPORTED,unevaluable:C3L.L1(unavailable),PRIMARY,F2,sibling_corroboration,only 0 edges in P_a have |S| >= 3 (gate: >= 1000) -- the nested backgrounds are too shallow for a sibling to exist,n_edges_with_|S|>=3_in_P_a,0.0,1000.0,2081,,,,,,,,,,,,,,,,0.03838507912710771,-0.003984211411319955,0.07403428195129555,0.025826552972407733,0.036411237192319826,False,,,,,,,,,,,,,,,,,,,,,,,,,,,,0.22655422639811018,cb_dist,"{""cb_dist"": 0.374704, ""dsasa"": 0.175912, ""min_heavy_dist"": 0.358862}","{""degree_hi"": [12.0, 16.0, 440.0, 847.0, 1703.0], ""degree_lo"": [4.0, 12.0, 16.0, 440.0, 847.0], ""n"": [7000, 7000, 7000, 6999, 6999], ""n_bins"": 5, ""n_cliff"": [236, 158, 136, 104, 161], ""n_cliff_by_tau"": {""2.0"": 3670, ""3.0"": 1502, ""4.0"": 795}, ""n_cliff_by_tau_by_quintile"": {""2.0"": [937, 577, 575, 811, 770], ""3.0"": [432, 253, 270, 229, 318], ""4.0"": [236, 158, 136, 104, 161]}, ""rate"": [0.03371429, 0.02257143, 0.01942857, 0.01485927, 0.02300329], ""rate_N2_mean"": [0.04134786, 0.04283429, 0.03325714, 0.03320546, 0.05039577], ""rate_N2_p95"": [0.04585714, 0.0483, 0.05097143, 0.06593799, 0.11288041], ""rate_by_tau"": {""2.0"": [0.13385714, 0.08242857, 0.08214286, 0.1158737, 0.11001572], ""3.0"": [0.06171429, 0.03614286, 0.03857143, 0.03271896, 0.04543506], ""4.0"": [0.03371429, 0.02257143, 0.01942857, 0.01485927, 0.02300329]}, ""tau"": 4.0, ""underpowered"": false}",-0.39999999999999997,False,False,"N2 (B=200) per-quintile rate at tau=4; tau is the largest of (4,3,2) with >= 100 cliffs (20 per bin) so a per-quintile rate is estimable","0 censored rows: the masked and unmasked P_a are the same 34998 edges, so the clause holds by construction","raw = identity-link additive fit (stats_c2.raw_bundle); eps routes on the y scale with a MAD-matched sigma.  Clause 4 is asymmetric: a raw-only positive is discarded (latent is primary) and does NOT fail the clause; a LATENT_ONLY_POSITIVE does.  Per route: {""L2'"": ""agree"", ""L5"": ""agree""}",,4.0,4.0,,200,12,43.32,"[20266002, 18]","{""n_eps"": 17390, ""n_eps_bg0"": 17390, ""sigma_eps_used"": 0.124313, ""sigma_provenance"": ""measured_replicate (sigma_eps)"", ""spec_expected_routes"": [""L3"", ""L5""], ""structurally_unidentified"": false, ""tau_used"": 4.0}"
KRAS_RALGDS-RBD_norfitness_1LFD,L2,False,17390,,,,,,,,,,,,,,,,,0.35743070616824446,0.374704,0.03371428571428572,0.023003286183740534,False,True,True,INCONCLUSIVE,SUPPORTED,unevaluable:C3L.L1(unavailable),PRIMARY,F2,sitepair_ICC_across_backgrounds,only 0 substitution pairs carry >= 2 backgrounds and only 0 carry >= 200 (gate: either arm) -- the library has no background depth at this site pair,sub_pairs: n_groups(>=2 members)>=200 OR n_groups(>=200 members)>=2,0.0,200.0,17390,17390,0,1.0,,,,,,,,,,,,,,,,,,,,,,True,0.6304894051567997,0.31209686397712877,,label permutation (N2 cannot move an ICC of eps: N2 permutes e and never touches y),,,,,,,,,,,,,,,,,,,,0.22655422639811018,cb_dist,"{""cb_dist"": 0.374704, ""dsasa"": 0.175912, ""min_heavy_dist"": 0.358862}","{""degree_hi"": [12.0, 16.0, 440.0, 847.0, 1703.0], ""degree_lo"": [4.0, 12.0, 16.0, 440.0, 847.0], ""n"": [7000, 7000, 7000, 6999, 6999], ""n_bins"": 5, ""n_cliff"": [236, 158, 136, 104, 161], ""n_cliff_by_tau"": {""2.0"": 3670, ""3.0"": 1502, ""4.0"": 795}, ""n_cliff_by_tau_by_quintile"": {""2.0"": [937, 577, 575, 811, 770], ""3.0"": [432, 253, 270, 229, 318], ""4.0"": [236, 158, 136, 104, 161]}, ""rate"": [0.03371429, 0.02257143, 0.01942857, 0.01485927, 0.02300329], ""rate_N2_mean"": [0.04134786, 0.04283429, 0.03325714, 0.03320546, 0.05039577], ""rate_N2_p95"": [0.04585714, 0.0483, 0.05097143, 0.06593799, 0.11288041], ""rate_by_tau"": {""2.0"": [0.13385714, 0.08242857, 0.08214286, 0.1158737, 0.11001572], ""3.0"": [0.06171429, 0.03614286, 0.03857143, 0.03271896, 0.04543506], ""4.0"": [0.03371429, 0.02257143, 0.01942857, 0.01485927, 0.02300329]}, ""tau"": 4.0, ""underpowered"": false}",-0.39999999999999997,False,False,"N2 (B=200) per-quintile rate at tau=4; tau is the largest of (4,3,2) with >= 100 cliffs (20 per bin) so a per-quintile rate is estimable","0 censored rows: the masked and unmasked P_a are the same 34998 edges, so the clause holds by construction","raw = identity-link additive fit (stats_c2.raw_bundle); eps routes on the y scale with a MAD-matched sigma.  Clause 4 is asymmetric: a raw-only positive is discarded (latent is primary) and does NOT fail the clause; a LATENT_ONLY_POSITIVE does.  Per route: {""L2'"": ""agree"", ""L5"": ""agree""}",,4.0,4.0,,,,43.32,"[20266002, 18]","{""n_eps"": 17390, ""n_eps_bg0"": 17390, ""sigma_eps_used"": 0.124313, ""sigma_provenance"": ""measured_replicate (sigma_eps)"", ""spec_expected_routes"": [""L3"", ""L5""], ""structurally_unidentified"": false, ""tau_used"": 4.0}"
KRAS_RALGDS-RBD_norfitness_1LFD,L2',True,17390,,,,,0.31209686397712877,0.20079502010554515,0.3923170702659871,,,,,,,,,,0.35743070616824446,0.374704,0.03371428571428572,0.023003286183740534,False,True,True,INCONCLUSIVE,SUPPORTED,unevaluable:C3L.L1(unavailable),PRIMARY,F2,sitepair_ICC_across_aa_combinations,,median_aa_combos_per_site_pair >= 5 AND n_site_pairs(>=2 combos) >= 20,16.0,5.0,17390,1166,1065,14.914236706689536,,,,,,,,,,,,,,,,,,,-0.00019307501745401316,0.009025938509074925,0.004975124378109453,True,0.6304894051567997,0.31209686397712877,1000,label permutation (N2 cannot move an ICC of eps: N2 permutes e and never touches y),,,,,,,,,,,,,,,,,,,,0.22655422639811018,cb_dist,"{""cb_dist"": 0.374704, ""dsasa"": 0.175912, ""min_heavy_dist"": 0.358862}","{""degree_hi"": [12.0, 16.0, 440.0, 847.0, 1703.0], ""degree_lo"": [4.0, 12.0, 16.0, 440.0, 847.0], ""n"": [7000, 7000, 7000, 6999, 6999], ""n_bins"": 5, ""n_cliff"": [236, 158, 136, 104, 161], ""n_cliff_by_tau"": {""2.0"": 3670, ""3.0"": 1502, ""4.0"": 795}, ""n_cliff_by_tau_by_quintile"": {""2.0"": [937, 577, 575, 811, 770], ""3.0"": [432, 253, 270, 229, 318], ""4.0"": [236, 158, 136, 104, 161]}, ""rate"": [0.03371429, 0.02257143, 0.01942857, 0.01485927, 0.02300329], ""rate_N2_mean"": [0.04134786, 0.04283429, 0.03325714, 0.03320546, 0.05039577], ""rate_N2_p95"": [0.04585714, 0.0483, 0.05097143, 0.06593799, 0.11288041], ""rate_by_tau"": {""2.0"": [0.13385714, 0.08242857, 0.08214286, 0.1158737, 0.11001572], ""3.0"": [0.06171429, 0.03614286, 0.03857143, 0.03271896, 0.04543506], ""4.0"": [0.03371429, 0.02257143, 0.01942857, 0.01485927, 0.02300329]}, ""tau"": 4.0, ""underpowered"": false}",-0.39999999999999997,False,False,"N2 (B=200) per-quintile rate at tau=4; tau is the largest of (4,3,2) with >= 100 cliffs (20 per bin) so a per-quintile rate is estimable","0 censored rows: the masked and unmasked P_a are the same 34998 edges, so the clause holds by construction","raw = identity-link additive fit (stats_c2.raw_bundle); eps routes on the y scale with a MAD-matched sigma.  Clause 4 is asymmetric: a raw-only positive is discarded (latent is primary) and does NOT fail the clause; a LATENT_ONLY_POSITIVE does.  Per route: {""L2'"": ""agree"", ""L5"": ""agree""}",,4.0,4.0,,,,43.32,"[20266002, 18]","{""n_eps"": 17390, ""n_eps_bg0"": 17390, ""sigma_eps_used"": 0.124313, ""sigma_provenance"": ""measured_replicate (sigma_eps)"", ""spec_expected_routes"": [""L3"", ""L5""], ""structurally_unidentified"": false, ""tau_used"": 4.0}"
KRAS_RALGDS-RBD_norfitness_1LFD,L3,False,0,,,,,,,,,,,,,,,,,0.35743070616824446,0.374704,0.03371428571428572,0.023003286183740534,False,True,True,INCONCLUSIVE,SUPPORTED,unevaluable:C3L.L1(unavailable),PRIMARY,F2,cross_measurement_eps_replication,no independent measurement of the same site pair exists for this assay (the KRAS RAF1 / RAF1-RBD twin is the only one in the benchmark),n_shared_substitution_pairs_twice_measured,0.0,1.0,,,,,,,,,,,,,,,,,,,,,,,,,,,,,,,,,,,,,,,,,,,,,,,,,,0.22655422639811018,cb_dist,"{""cb_dist"": 0.374704, ""dsasa"": 0.175912, ""min_heavy_dist"": 0.358862}","{""degree_hi"": [12.0, 16.0, 440.0, 847.0, 1703.0], ""degree_lo"": [4.0, 12.0, 16.0, 440.0, 847.0], ""n"": [7000, 7000, 7000, 6999, 6999], ""n_bins"": 5, ""n_cliff"": [236, 158, 136, 104, 161], ""n_cliff_by_tau"": {""2.0"": 3670, ""3.0"": 1502, ""4.0"": 795}, ""n_cliff_by_tau_by_quintile"": {""2.0"": [937, 577, 575, 811, 770], ""3.0"": [432, 253, 270, 229, 318], ""4.0"": [236, 158, 136, 104, 161]}, ""rate"": [0.03371429, 0.02257143, 0.01942857, 0.01485927, 0.02300329], ""rate_N2_mean"": [0.04134786, 0.04283429, 0.03325714, 0.03320546, 0.05039577], ""rate_N2_p95"": [0.04585714, 0.0483, 0.05097143, 0.06593799, 0.11288041], ""rate_by_tau"": {""2.0"": [0.13385714, 0.08242857, 0.08214286, 0.1158737, 0.11001572], ""3.0"": [0.06171429, 0.03614286, 0.03857143, 0.03271896, 0.04543506], ""4.0"": [0.03371429, 0.02257143, 0.01942857, 0.01485927, 0.02300329]}, ""tau"": 4.0, ""underpowered"": false}",-0.39999999999999997,False,False,"N2 (B=200) per-quintile rate at tau=4; tau is the largest of (4,3,2) with >= 100 cliffs (20 per bin) so a per-quintile rate is estimable","0 censored rows: the masked and unmasked P_a are the same 34998 edges, so the clause holds by construction","raw = identity-link additive fit (stats_c2.raw_bundle); eps routes on the y scale with a MAD-matched sigma.  Clause 4 is asymmetric: a raw-only positive is discarded (latent is primary) and does NOT fail the clause; a LATENT_ONLY_POSITIVE does.  Per route: {""L2'"": ""agree"", ""L5"": ""agree""}",,4.0,4.0,,,,43.32,"[20266002, 18]","{""n_eps"": 17390, ""n_eps_bg0"": 17390, ""sigma_eps_used"": 0.124313, ""sigma_provenance"": ""measured_replicate (sigma_eps)"", ""spec_expected_routes"": [""L3"", ""L5""], ""structurally_unidentified"": false, ""tau_used"": 4.0}"
KRAS_RALGDS-RBD_norfitness_1LFD,L4,False,20341,,,,,,,,,,,,,,,,,0.35743070616824446,0.374704,0.03371428571428572,0.023003286183740534,False,True,True,INCONCLUSIVE,SUPPORTED,unevaluable:C3L.L1(unavailable),PRIMARY,F2,out_of_sample_pairwise_predictability,"mean 1 observations per Z column (gate >= 5): every interaction is seen once, so dR2_oos is identically 0 by construction and reporting it as ""no epistasis"" would be false",mean_obs_per_Z_col,1.0,5.0,,,,,,,,,,,,,,,,,,,,,,,,,,,,,,,,,0,1.0,,,0,,,,,,,,,,,,,0.22655422639811018,cb_dist,"{""cb_dist"": 0.374704, ""dsasa"": 0.175912, ""min_heavy_dist"": 0.358862}","{""degree_hi"": [12.0, 16.0, 440.0, 847.0, 1703.0], ""degree_lo"": [4.0, 12.0, 16.0, 440.0, 847.0], ""n"": [7000, 7000, 7000, 6999, 6999], ""n_bins"": 5, ""n_cliff"": [236, 158, 136, 104, 161], ""n_cliff_by_tau"": {""2.0"": 3670, ""3.0"": 1502, ""4.0"": 795}, ""n_cliff_by_tau_by_quintile"": {""2.0"": [937, 577, 575, 811, 770], ""3.0"": [432, 253, 270, 229, 318], ""4.0"": [236, 158, 136, 104, 161]}, ""rate"": [0.03371429, 0.02257143, 0.01942857, 0.01485927, 0.02300329], ""rate_N2_mean"": [0.04134786, 0.04283429, 0.03325714, 0.03320546, 0.05039577], ""rate_N2_p95"": [0.04585714, 0.0483, 0.05097143, 0.06593799, 0.11288041], ""rate_by_tau"": {""2.0"": [0.13385714, 0.08242857, 0.08214286, 0.1158737, 0.11001572], ""3.0"": [0.06171429, 0.03614286, 0.03857143, 0.03271896, 0.04543506], ""4.0"": [0.03371429, 0.02257143, 0.01942857, 0.01485927, 0.02300329]}, ""tau"": 4.0, ""underpowered"": false}",-0.39999999999999997,False,False,"N2 (B=200) per-quintile rate at tau=4; tau is the largest of (4,3,2) with >= 100 cliffs (20 per bin) so a per-quintile rate is estimable","0 censored rows: the masked and unmasked P_a are the same 34998 edges, so the clause holds by construction","raw = identity-link additive fit (stats_c2.raw_bundle); eps routes on the y scale with a MAD-matched sigma.  Clause 4 is asymmetric: a raw-only positive is discarded (latent is primary) and does NOT fail the clause; a LATENT_ONLY_POSITIVE does.  Per route: {""L2'"": ""agree"", ""L5"": ""agree""}",,4.0,4.0,,,,43.32,"[20266002, 18]","{""n_eps"": 17390, ""n_eps_bg0"": 17390, ""sigma_eps_used"": 0.124313, ""sigma_provenance"": ""measured_replicate (sigma_eps)"", ""spec_expected_routes"": [""L3"", ""L5""], ""structurally_unidentified"": false, ""tau_used"": 4.0}"
KRAS_RALGDS-RBD_norfitness_1LFD,L5,True,14582,,,,,,,,,,,,,,0.7088265425732179,0.6702741229714811,0.0004997501249375312,0.35743070616824446,0.374704,0.03371428571428572,0.023003286183740534,False,True,True,INCONCLUSIVE,SUPPORTED,unevaluable:C3L.L1(unavailable),PRIMARY,F2,eps_3D_localisation,,n_eps_with_both_sites_annotated,17390.0,500.0,17390,,,,,,,,,,,,,,,,,,,,,,,,,,,,,,,,,,,,,0.748019300895829,0.579609162288762,0.5920897245275956,3169,11413,0.124313,measured_replicate (sigma_eps),0.7088265425732179,0.7922830168361519,,,,0.22655422639811018,cb_dist,"{""cb_dist"": 0.374704, ""dsasa"": 0.175912, ""min_heavy_dist"": 0.358862}","{""degree_hi"": [12.0, 16.0, 440.0, 847.0, 1703.0], ""degree_lo"": [4.0, 12.0, 16.0, 440.0, 847.0], ""n"": [7000, 7000, 7000, 6999, 6999], ""n_bins"": 5, ""n_cliff"": [236, 158, 136, 104, 161], ""n_cliff_by_tau"": {""2.0"": 3670, ""3.0"": 1502, ""4.0"": 795}, ""n_cliff_by_tau_by_quintile"": {""2.0"": [937, 577, 575, 811, 770], ""3.0"": [432, 253, 270, 229, 318], ""4.0"": [236, 158, 136, 104, 161]}, ""rate"": [0.03371429, 0.02257143, 0.01942857, 0.01485927, 0.02300329], ""rate_N2_mean"": [0.04134786, 0.04283429, 0.03325714, 0.03320546, 0.05039577], ""rate_N2_p95"": [0.04585714, 0.0483, 0.05097143, 0.06593799, 0.11288041], ""rate_by_tau"": {""2.0"": [0.13385714, 0.08242857, 0.08214286, 0.1158737, 0.11001572], ""3.0"": [0.06171429, 0.03614286, 0.03857143, 0.03271896, 0.04543506], ""4.0"": [0.03371429, 0.02257143, 0.01942857, 0.01485927, 0.02300329]}, ""tau"": 4.0, ""underpowered"": false}",-0.39999999999999997,False,False,"N2 (B=200) per-quintile rate at tau=4; tau is the largest of (4,3,2) with >= 100 cliffs (20 per bin) so a per-quintile rate is estimable","0 censored rows: the masked and unmasked P_a are the same 34998 edges, so the clause holds by construction","raw = identity-link additive fit (stats_c2.raw_bundle); eps routes on the y scale with a MAD-matched sigma.  Clause 4 is asymmetric: a raw-only positive is discarded (latent is primary) and does NOT fail the clause; a LATENT_ONLY_POSITIVE does.  Per route: {""L2'"": ""agree"", ""L5"": ""agree""}","{""sigma_x0.5"": {""AUROC"": 0.711201, ""feasible"": true, ""n_cliff"": 4780, ""n_noncliff"": 8457, ""sigma"": 0.062157}, ""sigma_x1"": {""AUROC"": 0.708827, ""feasible"": true, ""n_cliff"": 3169, ""n_noncliff"": 11413, ""sigma"": 0.124313}, ""sigma_x2"": {""AUROC"": 0.694631, ""feasible"": true, ""n_cliff"": 1652, ""n_noncliff"": 13304, ""sigma"": 0.248626}}",4.0,4.0,,2000,,43.32,"[20266002, 18]","{""n_eps"": 17390, ""n_eps_bg0"": 17390, ""sigma_eps_used"": 0.124313, ""sigma_provenance"": ""measured_replicate (sigma_eps)"", ""spec_expected_routes"": [""L3"", ""L5""], ""structurally_unidentified"": false, ""tau_used"": 4.0}"
KRAS_SOS1_norfitness_8BE4,L1,False,0,,,,,,,,,,,,,,,,,0.41889043805906345,0.375522,0.028317517698448563,0.02078939439590238,False,True,True,INCONCLUSIVE,SUPPORTED,unevaluable:C3L.L1(unavailable)+C3L.beta_in_N2_band&ICChi<0.15&dR2hi<0.02,PRIMARY,F2,sibling_corroboration,only 0 edges in P_a have |S| >= 3 (gate: >= 1000) -- the nested backgrounds are too shallow for a sibling to exist,n_edges_with_|S|>=3_in_P_a,0.0,1000.0,2035,,,,,,,,,,,,,,,,0.06144080389618529,-0.0012735186258293401,0.04469365426832069,0.01293868887745089,0.014283862254257956,False,,,,,,,,,,,,,,,,,,,,,,,,,,,,0.14879608284011647,cb_dist,"{""cb_dist"": 0.375522, ""dsasa"": 0.258244, ""min_heavy_dist"": 0.36075}","{""degree_hi"": [12.0, 16.0, 445.0, 748.0, 1626.0], ""degree_lo"": [4.0, 12.0, 16.0, 445.0, 748.0], ""n"": [6639, 6639, 6638, 6638, 6638], ""n_bins"": 5, ""n_cliff"": [188, 97, 67, 110, 138], ""n_cliff_by_tau"": {""2.0"": 4683, ""3.0"": 1585, ""4.0"": 600}, ""n_cliff_by_tau_by_quintile"": {""2.0"": [972, 651, 588, 1053, 1419], ""3.0"": [383, 236, 169, 322, 475], ""4.0"": [188, 97, 67, 110, 138]}, ""rate"": [0.02831752, 0.01461063, 0.0100934, 0.01657126, 0.02078939], ""rate_N2_mean"": [0.02735276, 0.0269762, 0.02820654, 0.03096038, 0.028779], ""rate_N2_p95"": [0.03087814, 0.03150324, 0.06194637, 0.084536, 0.08749623], ""rate_by_tau"": {""2.0"": [0.14640759, 0.09805694, 0.0885809, 0.15863212, 0.21376921], ""3.0"": [0.05768941, 0.03554752, 0.02545948, 0.04850859, 0.0715577], ""4.0"": [0.02831752, 0.01461063, 0.0100934, 0.01657126, 0.02078939]}, ""tau"": 4.0, ""underpowered"": false}",-0.09999999999999999,False,False,"N2 (B=200) per-quintile rate at tau=4; tau is the largest of (4,3,2) with >= 100 cliffs (20 per bin) so a per-quintile rate is estimable","0 censored rows: the masked and unmasked P_a are the same 33192 edges, so the clause holds by construction","raw = identity-link additive fit (stats_c2.raw_bundle); eps routes on the y scale with a MAD-matched sigma.  Clause 4 is asymmetric: a raw-only positive is discarded (latent is primary) and does NOT fail the clause; a LATENT_ONLY_POSITIVE does.  Per route: {""L2'"": ""raw_only_positive_discarded"", ""L5"": ""agree""}",,4.0,4.0,,200,12,35.91,"[20266002, 19]","{""n_eps"": 16491, ""n_eps_bg0"": 16491, ""sigma_eps_used"": 0.124313, ""sigma_provenance"": ""measured_replicate (sigma_eps)"", ""spec_expected_routes"": [""L3"", ""L5""], ""structurally_unidentified"": false, ""tau_used"": 4.0}"
KRAS_SOS1_norfitness_8BE4,L2,False,16491,,,,,,,,,,,,,,,,,0.41889043805906345,0.375522,0.028317517698448563,0.02078939439590238,False,True,True,INCONCLUSIVE,SUPPORTED,unevaluable:C3L.L1(unavailable)+C3L.beta_in_N2_band&ICChi<0.15&dR2hi<0.02,PRIMARY,F2,sitepair_ICC_across_backgrounds,only 0 substitution pairs carry >= 2 backgrounds and only 0 carry >= 200 (gate: either arm) -- the library has no background depth at this site pair,sub_pairs: n_groups(>=2 members)>=200 OR n_groups(>=200 members)>=2,0.0,200.0,16491,16491,0,1.0,,,,,,,,,,,,,,,,,,,,,,True,0.4782082303696276,0.11079496784727666,,label permutation (N2 cannot move an ICC of eps: N2 permutes e and never touches y),,,,,,,,,,,,,,,,,,,,0.14879608284011647,cb_dist,"{""cb_dist"": 0.375522, ""dsasa"": 0.258244, ""min_heavy_dist"": 0.36075}","{""degree_hi"": [12.0, 16.0, 445.0, 748.0, 1626.0], ""degree_lo"": [4.0, 12.0, 16.0, 445.0, 748.0], ""n"": [6639, 6639, 6638, 6638, 6638], ""n_bins"": 5, ""n_cliff"": [188, 97, 67, 110, 138], ""n_cliff_by_tau"": {""2.0"": 4683, ""3.0"": 1585, ""4.0"": 600}, ""n_cliff_by_tau_by_quintile"": {""2.0"": [972, 651, 588, 1053, 1419], ""3.0"": [383, 236, 169, 322, 475], ""4.0"": [188, 97, 67, 110, 138]}, ""rate"": [0.02831752, 0.01461063, 0.0100934, 0.01657126, 0.02078939], ""rate_N2_mean"": [0.02735276, 0.0269762, 0.02820654, 0.03096038, 0.028779], ""rate_N2_p95"": [0.03087814, 0.03150324, 0.06194637, 0.084536, 0.08749623], ""rate_by_tau"": {""2.0"": [0.14640759, 0.09805694, 0.0885809, 0.15863212, 0.21376921], ""3.0"": [0.05768941, 0.03554752, 0.02545948, 0.04850859, 0.0715577], ""4.0"": [0.02831752, 0.01461063, 0.0100934, 0.01657126, 0.02078939]}, ""tau"": 4.0, ""underpowered"": false}",-0.09999999999999999,False,False,"N2 (B=200) per-quintile rate at tau=4; tau is the largest of (4,3,2) with >= 100 cliffs (20 per bin) so a per-quintile rate is estimable","0 censored rows: the masked and unmasked P_a are the same 33192 edges, so the clause holds by construction","raw = identity-link additive fit (stats_c2.raw_bundle); eps routes on the y scale with a MAD-matched sigma.  Clause 4 is asymmetric: a raw-only positive is discarded (latent is primary) and does NOT fail the clause; a LATENT_ONLY_POSITIVE does.  Per route: {""L2'"": ""raw_only_positive_discarded"", ""L5"": ""agree""}",,4.0,4.0,,,,35.91,"[20266002, 19]","{""n_eps"": 16491, ""n_eps_bg0"": 16491, ""sigma_eps_used"": 0.124313, ""sigma_provenance"": ""measured_replicate (sigma_eps)"", ""spec_expected_routes"": [""L3"", ""L5""], ""structurally_unidentified"": false, ""tau_used"": 4.0}"
KRAS_SOS1_norfitness_8BE4,L2',True,16491,,,,,0.11079496784727666,0.08531202112656971,0.13964488921363333,,,,,,,,,,0.41889043805906345,0.375522,0.028317517698448563,0.02078939439590238,False,True,True,INCONCLUSIVE,SUPPORTED,unevaluable:C3L.L1(unavailable)+C3L.beta_in_N2_band&ICChi<0.15&dR2hi<0.02,PRIMARY,F2,sitepair_ICC_across_aa_combinations,,median_aa_combos_per_site_pair >= 5 AND n_site_pairs(>=2 combos) >= 20,14.0,5.0,16491,1218,1114,13.539408866995075,,,,,,,,,,,,,,,,,,,0.0004149131016117921,0.00976383569397019,0.004975124378109453,True,0.4782082303696276,0.11079496784727666,1000,label permutation (N2 cannot move an ICC of eps: N2 permutes e and never touches y),,,,,,,,,,,,,,,,,,,,0.14879608284011647,cb_dist,"{""cb_dist"": 0.375522, ""dsasa"": 0.258244, ""min_heavy_dist"": 0.36075}","{""degree_hi"": [12.0, 16.0, 445.0, 748.0, 1626.0], ""degree_lo"": [4.0, 12.0, 16.0, 445.0, 748.0], ""n"": [6639, 6639, 6638, 6638, 6638], ""n_bins"": 5, ""n_cliff"": [188, 97, 67, 110, 138], ""n_cliff_by_tau"": {""2.0"": 4683, ""3.0"": 1585, ""4.0"": 600}, ""n_cliff_by_tau_by_quintile"": {""2.0"": [972, 651, 588, 1053, 1419], ""3.0"": [383, 236, 169, 322, 475], ""4.0"": [188, 97, 67, 110, 138]}, ""rate"": [0.02831752, 0.01461063, 0.0100934, 0.01657126, 0.02078939], ""rate_N2_mean"": [0.02735276, 0.0269762, 0.02820654, 0.03096038, 0.028779], ""rate_N2_p95"": [0.03087814, 0.03150324, 0.06194637, 0.084536, 0.08749623], ""rate_by_tau"": {""2.0"": [0.14640759, 0.09805694, 0.0885809, 0.15863212, 0.21376921], ""3.0"": [0.05768941, 0.03554752, 0.02545948, 0.04850859, 0.0715577], ""4.0"": [0.02831752, 0.01461063, 0.0100934, 0.01657126, 0.02078939]}, ""tau"": 4.0, ""underpowered"": false}",-0.09999999999999999,False,False,"N2 (B=200) per-quintile rate at tau=4; tau is the largest of (4,3,2) with >= 100 cliffs (20 per bin) so a per-quintile rate is estimable","0 censored rows: the masked and unmasked P_a are the same 33192 edges, so the clause holds by construction","raw = identity-link additive fit (stats_c2.raw_bundle); eps routes on the y scale with a MAD-matched sigma.  Clause 4 is asymmetric: a raw-only positive is discarded (latent is primary) and does NOT fail the clause; a LATENT_ONLY_POSITIVE does.  Per route: {""L2'"": ""raw_only_positive_discarded"", ""L5"": ""agree""}",,4.0,4.0,,,,35.91,"[20266002, 19]","{""n_eps"": 16491, ""n_eps_bg0"": 16491, ""sigma_eps_used"": 0.124313, ""sigma_provenance"": ""measured_replicate (sigma_eps)"", ""spec_expected_routes"": [""L3"", ""L5""], ""structurally_unidentified"": false, ""tau_used"": 4.0}"
KRAS_SOS1_norfitness_8BE4,L3,False,0,,,,,,,,,,,,,,,,,0.41889043805906345,0.375522,0.028317517698448563,0.02078939439590238,False,True,True,INCONCLUSIVE,SUPPORTED,unevaluable:C3L.L1(unavailable)+C3L.beta_in_N2_band&ICChi<0.15&dR2hi<0.02,PRIMARY,F2,cross_measurement_eps_replication,no independent measurement of the same site pair exists for this assay (the KRAS RAF1 / RAF1-RBD twin is the only one in the benchmark),n_shared_substitution_pairs_twice_measured,0.0,1.0,,,,,,,,,,,,,,,,,,,,,,,,,,,,,,,,,,,,,,,,,,,,,,,,,,0.14879608284011647,cb_dist,"{""cb_dist"": 0.375522, ""dsasa"": 0.258244, ""min_heavy_dist"": 0.36075}","{""degree_hi"": [12.0, 16.0, 445.0, 748.0, 1626.0], ""degree_lo"": [4.0, 12.0, 16.0, 445.0, 748.0], ""n"": [6639, 6639, 6638, 6638, 6638], ""n_bins"": 5, ""n_cliff"": [188, 97, 67, 110, 138], ""n_cliff_by_tau"": {""2.0"": 4683, ""3.0"": 1585, ""4.0"": 600}, ""n_cliff_by_tau_by_quintile"": {""2.0"": [972, 651, 588, 1053, 1419], ""3.0"": [383, 236, 169, 322, 475], ""4.0"": [188, 97, 67, 110, 138]}, ""rate"": [0.02831752, 0.01461063, 0.0100934, 0.01657126, 0.02078939], ""rate_N2_mean"": [0.02735276, 0.0269762, 0.02820654, 0.03096038, 0.028779], ""rate_N2_p95"": [0.03087814, 0.03150324, 0.06194637, 0.084536, 0.08749623], ""rate_by_tau"": {""2.0"": [0.14640759, 0.09805694, 0.0885809, 0.15863212, 0.21376921], ""3.0"": [0.05768941, 0.03554752, 0.02545948, 0.04850859, 0.0715577], ""4.0"": [0.02831752, 0.01461063, 0.0100934, 0.01657126, 0.02078939]}, ""tau"": 4.0, ""underpowered"": false}",-0.09999999999999999,False,False,"N2 (B=200) per-quintile rate at tau=4; tau is the largest of (4,3,2) with >= 100 cliffs (20 per bin) so a per-quintile rate is estimable","0 censored rows: the masked and unmasked P_a are the same 33192 edges, so the clause holds by construction","raw = identity-link additive fit (stats_c2.raw_bundle); eps routes on the y scale with a MAD-matched sigma.  Clause 4 is asymmetric: a raw-only positive is discarded (latent is primary) and does NOT fail the clause; a LATENT_ONLY_POSITIVE does.  Per route: {""L2'"": ""raw_only_positive_discarded"", ""L5"": ""agree""}",,4.0,4.0,,,,35.91,"[20266002, 19]","{""n_eps"": 16491, ""n_eps_bg0"": 16491, ""sigma_eps_used"": 0.124313, ""sigma_provenance"": ""measured_replicate (sigma_eps)"", ""spec_expected_routes"": [""L3"", ""L5""], ""structurally_unidentified"": false, ""tau_used"": 4.0}"
KRAS_SOS1_norfitness_8BE4,L4,False,19425,,,,,,,,,,,,,,,,,0.41889043805906345,0.375522,0.028317517698448563,0.02078939439590238,False,True,True,INCONCLUSIVE,SUPPORTED,unevaluable:C3L.L1(unavailable)+C3L.beta_in_N2_band&ICChi<0.15&dR2hi<0.02,PRIMARY,F2,out_of_sample_pairwise_predictability,"mean 1 observations per Z column (gate >= 5): every interaction is seen once, so dR2_oos is identically 0 by construction and reporting it as ""no epistasis"" would be false",mean_obs_per_Z_col,1.0,5.0,,,,,,,,,,,,,,,,,,,,,,,,,,,,,,,,,0,1.0,,,0,,,,,,,,,,,,,0.14879608284011647,cb_dist,"{""cb_dist"": 0.375522, ""dsasa"": 0.258244, ""min_heavy_dist"": 0.36075}","{""degree_hi"": [12.0, 16.0, 445.0, 748.0, 1626.0], ""degree_lo"": [4.0, 12.0, 16.0, 445.0, 748.0], ""n"": [6639, 6639, 6638, 6638, 6638], ""n_bins"": 5, ""n_cliff"": [188, 97, 67, 110, 138], ""n_cliff_by_tau"": {""2.0"": 4683, ""3.0"": 1585, ""4.0"": 600}, ""n_cliff_by_tau_by_quintile"": {""2.0"": [972, 651, 588, 1053, 1419], ""3.0"": [383, 236, 169, 322, 475], ""4.0"": [188, 97, 67, 110, 138]}, ""rate"": [0.02831752, 0.01461063, 0.0100934, 0.01657126, 0.02078939], ""rate_N2_mean"": [0.02735276, 0.0269762, 0.02820654, 0.03096038, 0.028779], ""rate_N2_p95"": [0.03087814, 0.03150324, 0.06194637, 0.084536, 0.08749623], ""rate_by_tau"": {""2.0"": [0.14640759, 0.09805694, 0.0885809, 0.15863212, 0.21376921], ""3.0"": [0.05768941, 0.03554752, 0.02545948, 0.04850859, 0.0715577], ""4.0"": [0.02831752, 0.01461063, 0.0100934, 0.01657126, 0.02078939]}, ""tau"": 4.0, ""underpowered"": false}",-0.09999999999999999,False,False,"N2 (B=200) per-quintile rate at tau=4; tau is the largest of (4,3,2) with >= 100 cliffs (20 per bin) so a per-quintile rate is estimable","0 censored rows: the masked and unmasked P_a are the same 33192 edges, so the clause holds by construction","raw = identity-link additive fit (stats_c2.raw_bundle); eps routes on the y scale with a MAD-matched sigma.  Clause 4 is asymmetric: a raw-only positive is discarded (latent is primary) and does NOT fail the clause; a LATENT_ONLY_POSITIVE does.  Per route: {""L2'"": ""raw_only_positive_discarded"", ""L5"": ""agree""}",,4.0,4.0,,,,35.91,"[20266002, 19]","{""n_eps"": 16491, ""n_eps_bg0"": 16491, ""sigma_eps_used"": 0.124313, ""sigma_provenance"": ""measured_replicate (sigma_eps)"", ""spec_expected_routes"": [""L3"", ""L5""], ""structurally_unidentified"": false, ""tau_used"": 4.0}"
KRAS_SOS1_norfitness_8BE4,L5,True,11877,,,,,,,,,,,,,,0.6385808432573861,0.6024628839669673,0.0004997501249375312,0.41889043805906345,0.375522,0.028317517698448563,0.02078939439590238,False,True,True,INCONCLUSIVE,SUPPORTED,unevaluable:C3L.L1(unavailable)+C3L.beta_in_N2_band&ICChi<0.15&dR2hi<0.02,PRIMARY,F2,eps_3D_localisation,,n_eps_with_both_sites_annotated,16491.0,500.0,16491,,,,,,,,,,,,,,,,,,,,,,,,,,,,,,,,,,,,,0.6698715232327489,0.5174327163611524,0.5315690138751514,2765,9112,0.124313,measured_replicate (sigma_eps),0.6385808432573861,0.67853155517236,,,,0.14879608284011647,cb_dist,"{""cb_dist"": 0.375522, ""dsasa"": 0.258244, ""min_heavy_dist"": 0.36075}","{""degree_hi"": [12.0, 16.0, 445.0, 748.0, 1626.0], ""degree_lo"": [4.0, 12.0, 16.0, 445.0, 748.0], ""n"": [6639, 6639, 6638, 6638, 6638], ""n_bins"": 5, ""n_cliff"": [188, 97, 67, 110, 138], ""n_cliff_by_tau"": {""2.0"": 4683, ""3.0"": 1585, ""4.0"": 600}, ""n_cliff_by_tau_by_quintile"": {""2.0"": [972, 651, 588, 1053, 1419], ""3.0"": [383, 236, 169, 322, 475], ""4.0"": [188, 97, 67, 110, 138]}, ""rate"": [0.02831752, 0.01461063, 0.0100934, 0.01657126, 0.02078939], ""rate_N2_mean"": [0.02735276, 0.0269762, 0.02820654, 0.03096038, 0.028779], ""rate_N2_p95"": [0.03087814, 0.03150324, 0.06194637, 0.084536, 0.08749623], ""rate_by_tau"": {""2.0"": [0.14640759, 0.09805694, 0.0885809, 0.15863212, 0.21376921], ""3.0"": [0.05768941, 0.03554752, 0.02545948, 0.04850859, 0.0715577], ""4.0"": [0.02831752, 0.01461063, 0.0100934, 0.01657126, 0.02078939]}, ""tau"": 4.0, ""underpowered"": false}",-0.09999999999999999,False,False,"N2 (B=200) per-quintile rate at tau=4; tau is the largest of (4,3,2) with >= 100 cliffs (20 per bin) so a per-quintile rate is estimable","0 censored rows: the masked and unmasked P_a are the same 33192 edges, so the clause holds by construction","raw = identity-link additive fit (stats_c2.raw_bundle); eps routes on the y scale with a MAD-matched sigma.  Clause 4 is asymmetric: a raw-only positive is discarded (latent is primary) and does NOT fail the clause; a LATENT_ONLY_POSITIVE does.  Per route: {""L2'"": ""raw_only_positive_discarded"", ""L5"": ""agree""}","{""sigma_x0.5"": {""AUROC"": 0.630236, ""feasible"": true, ""n_cliff"": 5306, ""n_noncliff"": 5665, ""sigma"": 0.062157}, ""sigma_x1"": {""AUROC"": 0.638581, ""feasible"": true, ""n_cliff"": 2765, ""n_noncliff"": 9112, ""sigma"": 0.124313}, ""sigma_x2"": {""AUROC"": 0.607832, ""feasible"": true, ""n_cliff"": 1014, ""n_noncliff"": 12400, ""sigma"": 0.248626}}",4.0,4.0,,2000,,35.91,"[20266002, 19]","{""n_eps"": 16491, ""n_eps_bg0"": 16491, ""sigma_eps_used"": 0.124313, ""sigma_provenance"": ""measured_replicate (sigma_eps)"", ""spec_expected_routes"": [""L3"", ""L5""], ""structurally_unidentified"": false, ""tau_used"": 4.0}"
SARS2-RBD_ACE2_deltaKd_6M0J,L1,False,0,,,,,,,,,,,,,,,,,-0.07010443065081634,0.161647,0.012396694214876033,0.0037891836031691355,False,True,True,INCONCLUSIVE,SUPPORTED,support_failed:C3L.recurs(ICC|dR2|AUROC),PRIMARY,F3,sibling_corroboration,only 0 edges in P_a have |S| >= 3 (gate: >= 1000) -- the nested backgrounds are too shallow for a sibling to exist,n_edges_with_|S|>=3_in_P_a,0.0,1000.0,1863,,,,,,,,,,,,,,,,0.3161866729645328,0.00016256241624389815,0.029350156969759483,0.12192464046683285,0.11992223529770019,False,,,,,,,,,,,,,,,,,,,,,,,,,,,,-0.2747721750035243,cb_dist,"{""cb_dist"": 0.161647, ""dsasa"": 0.111284, ""min_heavy_dist"": 0.152962}","{""degree_hi"": [7.0, 10.0, 13.0, 17.0, 42.0], ""degree_lo"": [2.0, 7.0, 10.0, 13.0, 17.0], ""n"": [2904, 2903, 2903, 2903, 2903], ""n_bins"": 5, ""n_cliff"": [36, 21, 21, 22, 11], ""n_cliff_by_tau"": {""2.0"": 423, ""3.0"": 111, ""4.0"": 60}, ""n_cliff_by_tau_by_quintile"": {""2.0"": [132, 85, 84, 68, 54], ""3.0"": [36, 21, 21, 22, 11], ""4.0"": [20, 13, 9, 13, 5]}, ""rate"": [0.01239669, 0.0072339, 0.0072339, 0.00757837, 0.00378918], ""rate_N2_mean"": [0.04511364, 0.03833276, 0.03453669, 0.03517051, 0.02825353], ""rate_N2_p95"": [0.05096419, 0.0458319, 0.04409232, 0.04652084, 0.04102652], ""rate_by_tau"": {""2.0"": [0.04545455, 0.02928006, 0.02893558, 0.02342404, 0.01860145], ""3.0"": [0.01239669, 0.0072339, 0.0072339, 0.00757837, 0.00378918], ""4.0"": [0.00688705, 0.00447813, 0.00310024, 0.00447813, 0.00172236]}, ""tau"": 3.0, ""underpowered"": false}",-0.6668859288553501,False,False,"N2 (B=200) per-quintile rate at tau=3; tau is the largest of (4,3,2) with >= 100 cliffs (20 per bin) so a per-quintile rate is estimable","5216 censored rows; P_a 14516 -> 16279 edges, eps 6974 -> 7797 rows; per-route support conclusion agreement: {""L5"": ""agree""}","raw = identity-link additive fit (stats_c2.raw_bundle); eps routes on the y scale with a MAD-matched sigma.  Clause 4 is asymmetric: a raw-only positive is discarded (latent is primary) and does NOT fail the clause; a LATENT_ONLY_POSITIVE does.  Per route: {""L5"": ""raw_only_positive_discarded""}",,3.0,3.0,,200,12,22.64,"[20266002, 22]","{""n_eps"": 6974, ""n_eps_bg0"": 6974, ""sigma_eps_used"": 1.015747, ""sigma_provenance"": ""sqrt(3)*sigma_y [internal_residual]"", ""spec_expected_routes"": [""L5""], ""structurally_unidentified"": false, ""tau_used"": 3.0}"
SARS2-RBD_ACE2_deltaKd_6M0J,L2,False,6974,,,,,,,,,,,,,,,,,-0.07010443065081634,0.161647,0.012396694214876033,0.0037891836031691355,False,True,True,INCONCLUSIVE,SUPPORTED,support_failed:C3L.recurs(ICC|dR2|AUROC),PRIMARY,F3,sitepair_ICC_across_backgrounds,only 0 substitution pairs carry >= 2 backgrounds and only 0 carry >= 200 (gate: either arm) -- the library has no background depth at this site pair,sub_pairs: n_groups(>=2 members)>=200 OR n_groups(>=200 members)>=2,0.0,200.0,6974,6974,0,1.0,,,,,,,,,,,,,,,,,,,,,,True,,,,label permutation (N2 cannot move an ICC of eps: N2 permutes e and never touches y),,,,,,,,,,,,,,,,,,,,-0.2747721750035243,cb_dist,"{""cb_dist"": 0.161647, ""dsasa"": 0.111284, ""min_heavy_dist"": 0.152962}","{""degree_hi"": [7.0, 10.0, 13.0, 17.0, 42.0], ""degree_lo"": [2.0, 7.0, 10.0, 13.0, 17.0], ""n"": [2904, 2903, 2903, 2903, 2903], ""n_bins"": 5, ""n_cliff"": [36, 21, 21, 22, 11], ""n_cliff_by_tau"": {""2.0"": 423, ""3.0"": 111, ""4.0"": 60}, ""n_cliff_by_tau_by_quintile"": {""2.0"": [132, 85, 84, 68, 54], ""3.0"": [36, 21, 21, 22, 11], ""4.0"": [20, 13, 9, 13, 5]}, ""rate"": [0.01239669, 0.0072339, 0.0072339, 0.00757837, 0.00378918], ""rate_N2_mean"": [0.04511364, 0.03833276, 0.03453669, 0.03517051, 0.02825353], ""rate_N2_p95"": [0.05096419, 0.0458319, 0.04409232, 0.04652084, 0.04102652], ""rate_by_tau"": {""2.0"": [0.04545455, 0.02928006, 0.02893558, 0.02342404, 0.01860145], ""3.0"": [0.01239669, 0.0072339, 0.0072339, 0.00757837, 0.00378918], ""4.0"": [0.00688705, 0.00447813, 0.00310024, 0.00447813, 0.00172236]}, ""tau"": 3.0, ""underpowered"": false}",-0.6668859288553501,False,False,"N2 (B=200) per-quintile rate at tau=3; tau is the largest of (4,3,2) with >= 100 cliffs (20 per bin) so a per-quintile rate is estimable","5216 censored rows; P_a 14516 -> 16279 edges, eps 6974 -> 7797 rows; per-route support conclusion agreement: {""L5"": ""agree""}","raw = identity-link additive fit (stats_c2.raw_bundle); eps routes on the y scale with a MAD-matched sigma.  Clause 4 is asymmetric: a raw-only positive is discarded (latent is primary) and does NOT fail the clause; a LATENT_ONLY_POSITIVE does.  Per route: {""L5"": ""raw_only_positive_discarded""}",,3.0,3.0,,,,22.64,"[20266002, 22]","{""n_eps"": 6974, ""n_eps_bg0"": 6974, ""sigma_eps_used"": 1.015747, ""sigma_provenance"": ""sqrt(3)*sigma_y [internal_residual]"", ""spec_expected_routes"": [""L5""], ""structurally_unidentified"": false, ""tau_used"": 3.0}"
SARS2-RBD_ACE2_deltaKd_6M0J,L2',False,6974,,,,,,,,,,,,,,,,,-0.07010443065081634,0.161647,0.012396694214876033,0.0037891836031691355,False,True,True,INCONCLUSIVE,SUPPORTED,support_failed:C3L.recurs(ICC|dR2|AUROC),PRIMARY,F3,sitepair_ICC_across_aa_combinations,"median 1 amino-acid combinations per site pair (gate >= 5) over 4806 site pairs, 1444 with >= 2 -- the design does not repeat a site pair with different amino acids",median_aa_combos_per_site_pair >= 5 AND n_site_pairs(>=2 combos) >= 20,1.0,5.0,6974,4806,1444,1.4511027881814398,,,,,,,,,,,,,,,,,,,,,,True,,,,label permutation (N2 cannot move an ICC of eps: N2 permutes e and never touches y),,,,,,,,,,,,,,,,,,,,-0.2747721750035243,cb_dist,"{""cb_dist"": 0.161647, ""dsasa"": 0.111284, ""min_heavy_dist"": 0.152962}","{""degree_hi"": [7.0, 10.0, 13.0, 17.0, 42.0], ""degree_lo"": [2.0, 7.0, 10.0, 13.0, 17.0], ""n"": [2904, 2903, 2903, 2903, 2903], ""n_bins"": 5, ""n_cliff"": [36, 21, 21, 22, 11], ""n_cliff_by_tau"": {""2.0"": 423, ""3.0"": 111, ""4.0"": 60}, ""n_cliff_by_tau_by_quintile"": {""2.0"": [132, 85, 84, 68, 54], ""3.0"": [36, 21, 21, 22, 11], ""4.0"": [20, 13, 9, 13, 5]}, ""rate"": [0.01239669, 0.0072339, 0.0072339, 0.00757837, 0.00378918], ""rate_N2_mean"": [0.04511364, 0.03833276, 0.03453669, 0.03517051, 0.02825353], ""rate_N2_p95"": [0.05096419, 0.0458319, 0.04409232, 0.04652084, 0.04102652], ""rate_by_tau"": {""2.0"": [0.04545455, 0.02928006, 0.02893558, 0.02342404, 0.01860145], ""3.0"": [0.01239669, 0.0072339, 0.0072339, 0.00757837, 0.00378918], ""4.0"": [0.00688705, 0.00447813, 0.00310024, 0.00447813, 0.00172236]}, ""tau"": 3.0, ""underpowered"": false}",-0.6668859288553501,False,False,"N2 (B=200) per-quintile rate at tau=3; tau is the largest of (4,3,2) with >= 100 cliffs (20 per bin) so a per-quintile rate is estimable","5216 censored rows; P_a 14516 -> 16279 edges, eps 6974 -> 7797 rows; per-route support conclusion agreement: {""L5"": ""agree""}","raw = identity-link additive fit (stats_c2.raw_bundle); eps routes on the y scale with a MAD-matched sigma.  Clause 4 is asymmetric: a raw-only positive is discarded (latent is primary) and does NOT fail the clause; a LATENT_ONLY_POSITIVE does.  Per route: {""L5"": ""raw_only_positive_discarded""}",,3.0,3.0,,,,22.64,"[20266002, 22]","{""n_eps"": 6974, ""n_eps_bg0"": 6974, ""sigma_eps_used"": 1.015747, ""sigma_provenance"": ""sqrt(3)*sigma_y [internal_residual]"", ""spec_expected_routes"": [""L5""], ""structurally_unidentified"": false, ""tau_used"": 3.0}"
SARS2-RBD_ACE2_deltaKd_6M0J,L3,False,0,,,,,,,,,,,,,,,,,-0.07010443065081634,0.161647,0.012396694214876033,0.0037891836031691355,False,True,True,INCONCLUSIVE,SUPPORTED,support_failed:C3L.recurs(ICC|dR2|AUROC),PRIMARY,F3,cross_measurement_eps_replication,no independent measurement of the same site pair exists for this assay (the KRAS RAF1 / RAF1-RBD twin is the only one in the benchmark),n_shared_substitution_pairs_twice_measured,0.0,1.0,,,,,,,,,,,,,,,,,,,,,,,,,,,,,,,,,,,,,,,,,,,,,,,,,,-0.2747721750035243,cb_dist,"{""cb_dist"": 0.161647, ""dsasa"": 0.111284, ""min_heavy_dist"": 0.152962}","{""degree_hi"": [7.0, 10.0, 13.0, 17.0, 42.0], ""degree_lo"": [2.0, 7.0, 10.0, 13.0, 17.0], ""n"": [2904, 2903, 2903, 2903, 2903], ""n_bins"": 5, ""n_cliff"": [36, 21, 21, 22, 11], ""n_cliff_by_tau"": {""2.0"": 423, ""3.0"": 111, ""4.0"": 60}, ""n_cliff_by_tau_by_quintile"": {""2.0"": [132, 85, 84, 68, 54], ""3.0"": [36, 21, 21, 22, 11], ""4.0"": [20, 13, 9, 13, 5]}, ""rate"": [0.01239669, 0.0072339, 0.0072339, 0.00757837, 0.00378918], ""rate_N2_mean"": [0.04511364, 0.03833276, 0.03453669, 0.03517051, 0.02825353], ""rate_N2_p95"": [0.05096419, 0.0458319, 0.04409232, 0.04652084, 0.04102652], ""rate_by_tau"": {""2.0"": [0.04545455, 0.02928006, 0.02893558, 0.02342404, 0.01860145], ""3.0"": [0.01239669, 0.0072339, 0.0072339, 0.00757837, 0.00378918], ""4.0"": [0.00688705, 0.00447813, 0.00310024, 0.00447813, 0.00172236]}, ""tau"": 3.0, ""underpowered"": false}",-0.6668859288553501,False,False,"N2 (B=200) per-quintile rate at tau=3; tau is the largest of (4,3,2) with >= 100 cliffs (20 per bin) so a per-quintile rate is estimable","5216 censored rows; P_a 14516 -> 16279 edges, eps 6974 -> 7797 rows; per-route support conclusion agreement: {""L5"": ""agree""}","raw = identity-link additive fit (stats_c2.raw_bundle); eps routes on the y scale with a MAD-matched sigma.  Clause 4 is asymmetric: a raw-only positive is discarded (latent is primary) and does NOT fail the clause; a LATENT_ONLY_POSITIVE does.  Per route: {""L5"": ""raw_only_positive_discarded""}",,3.0,3.0,,,,22.64,"[20266002, 22]","{""n_eps"": 6974, ""n_eps_bg0"": 6974, ""sigma_eps_used"": 1.015747, ""sigma_provenance"": ""sqrt(3)*sigma_y [internal_residual]"", ""spec_expected_routes"": [""L5""], ""structurally_unidentified"": false, ""tau_used"": 3.0}"
SARS2-RBD_ACE2_deltaKd_6M0J,L4,False,21872,,,,,,,,,,,,,,,,,-0.07010443065081634,0.161647,0.012396694214876033,0.0037891836031691355,False,True,True,INCONCLUSIVE,SUPPORTED,support_failed:C3L.recurs(ICC|dR2|AUROC),PRIMARY,F3,out_of_sample_pairwise_predictability,"mean 1.014 observations per Z column (gate >= 5): every interaction is seen once, so dR2_oos is identically 0 by construction and reporting it as ""no epistasis"" would be false",mean_obs_per_Z_col,1.014301585066266,5.0,,,,,,,,,,,,,,,,,,,,,,,,,,,,,,,,,0,1.014301585066266,,,0,,,,,,,,,,,,,-0.2747721750035243,cb_dist,"{""cb_dist"": 0.161647, ""dsasa"": 0.111284, ""min_heavy_dist"": 0.152962}","{""degree_hi"": [7.0, 10.0, 13.0, 17.0, 42.0], ""degree_lo"": [2.0, 7.0, 10.0, 13.0, 17.0], ""n"": [2904, 2903, 2903, 2903, 2903], ""n_bins"": 5, ""n_cliff"": [36, 21, 21, 22, 11], ""n_cliff_by_tau"": {""2.0"": 423, ""3.0"": 111, ""4.0"": 60}, ""n_cliff_by_tau_by_quintile"": {""2.0"": [132, 85, 84, 68, 54], ""3.0"": [36, 21, 21, 22, 11], ""4.0"": [20, 13, 9, 13, 5]}, ""rate"": [0.01239669, 0.0072339, 0.0072339, 0.00757837, 0.00378918], ""rate_N2_mean"": [0.04511364, 0.03833276, 0.03453669, 0.03517051, 0.02825353], ""rate_N2_p95"": [0.05096419, 0.0458319, 0.04409232, 0.04652084, 0.04102652], ""rate_by_tau"": {""2.0"": [0.04545455, 0.02928006, 0.02893558, 0.02342404, 0.01860145], ""3.0"": [0.01239669, 0.0072339, 0.0072339, 0.00757837, 0.00378918], ""4.0"": [0.00688705, 0.00447813, 0.00310024, 0.00447813, 0.00172236]}, ""tau"": 3.0, ""underpowered"": false}",-0.6668859288553501,False,False,"N2 (B=200) per-quintile rate at tau=3; tau is the largest of (4,3,2) with >= 100 cliffs (20 per bin) so a per-quintile rate is estimable","5216 censored rows; P_a 14516 -> 16279 edges, eps 6974 -> 7797 rows; per-route support conclusion agreement: {""L5"": ""agree""}","raw = identity-link additive fit (stats_c2.raw_bundle); eps routes on the y scale with a MAD-matched sigma.  Clause 4 is asymmetric: a raw-only positive is discarded (latent is primary) and does NOT fail the clause; a LATENT_ONLY_POSITIVE does.  Per route: {""L5"": ""raw_only_positive_discarded""}",,3.0,3.0,,,,22.64,"[20266002, 22]","{""n_eps"": 6974, ""n_eps_bg0"": 6974, ""sigma_eps_used"": 1.015747, ""sigma_provenance"": ""sqrt(3)*sigma_y [internal_residual]"", ""spec_expected_routes"": [""L5""], ""structurally_unidentified"": false, ""tau_used"": 3.0}"
SARS2-RBD_ACE2_deltaKd_6M0J,L5,True,6349,,,,,,,,,,,,,,0.5741077800583103,0.5314977227734715,0.35782108945527236,-0.07010443065081634,0.161647,0.012396694214876033,0.0037891836031691355,False,True,True,INCONCLUSIVE,SUPPORTED,support_failed:C3L.recurs(ICC|dR2|AUROC),PRIMARY,F3,eps_3D_localisation,,n_eps_with_both_sites_annotated,6974.0,500.0,6974,,,,,,,,,,,,,,,,,,,,,,,,,,,,,,,,,,,,,0.6187004516594178,0.5657548041016391,0.6228058456933894,116,6233,1.0157473396923076,sqrt(3)*sigma_y [internal_residual],0.5741077800583103,0.6122945764223695,,,,-0.2747721750035243,cb_dist,"{""cb_dist"": 0.161647, ""dsasa"": 0.111284, ""min_heavy_dist"": 0.152962}","{""degree_hi"": [7.0, 10.0, 13.0, 17.0, 42.0], ""degree_lo"": [2.0, 7.0, 10.0, 13.0, 17.0], ""n"": [2904, 2903, 2903, 2903, 2903], ""n_bins"": 5, ""n_cliff"": [36, 21, 21, 22, 11], ""n_cliff_by_tau"": {""2.0"": 423, ""3.0"": 111, ""4.0"": 60}, ""n_cliff_by_tau_by_quintile"": {""2.0"": [132, 85, 84, 68, 54], ""3.0"": [36, 21, 21, 22, 11], ""4.0"": [20, 13, 9, 13, 5]}, ""rate"": [0.01239669, 0.0072339, 0.0072339, 0.00757837, 0.00378918], ""rate_N2_mean"": [0.04511364, 0.03833276, 0.03453669, 0.03517051, 0.02825353], ""rate_N2_p95"": [0.05096419, 0.0458319, 0.04409232, 0.04652084, 0.04102652], ""rate_by_tau"": {""2.0"": [0.04545455, 0.02928006, 0.02893558, 0.02342404, 0.01860145], ""3.0"": [0.01239669, 0.0072339, 0.0072339, 0.00757837, 0.00378918], ""4.0"": [0.00688705, 0.00447813, 0.00310024, 0.00447813, 0.00172236]}, ""tau"": 3.0, ""underpowered"": false}",-0.6668859288553501,False,False,"N2 (B=200) per-quintile rate at tau=3; tau is the largest of (4,3,2) with >= 100 cliffs (20 per bin) so a per-quintile rate is estimable","5216 censored rows; P_a 14516 -> 16279 edges, eps 6974 -> 7797 rows; per-route support conclusion agreement: {""L5"": ""agree""}","raw = identity-link additive fit (stats_c2.raw_bundle); eps routes on the y scale with a MAD-matched sigma.  Clause 4 is asymmetric: a raw-only positive is discarded (latent is primary) and does NOT fail the clause; a LATENT_ONLY_POSITIVE does.  Per route: {""L5"": ""raw_only_positive_discarded""}","{""sigma_x0.5"": {""AUROC"": 0.634946, ""feasible"": true, ""n_cliff"": 246, ""n_noncliff"": 4151, ""sigma"": 0.507874}, ""sigma_x1"": {""AUROC"": 0.574108, ""feasible"": true, ""n_cliff"": 116, ""n_noncliff"": 6233, ""sigma"": 1.015747}, ""sigma_x2"": {""AUROC"": 0.617524, ""feasible"": true, ""n_cliff"": 42, ""n_noncliff"": 6806, ""sigma"": 2.031495}}",3.0,3.0,,2000,,22.64,"[20266002, 22]","{""n_eps"": 6974, ""n_eps_bg0"": 6974, ""sigma_eps_used"": 1.015747, ""sigma_provenance"": ""sqrt(3)*sigma_y [internal_residual]"", ""spec_expected_routes"": [""L5""], ""structurally_unidentified"": false, ""tau_used"": 3.0}"
Z-domain_ZpA963_HL1_fitness_2M5A,L1,True,8366,0.9979319007275913,0.017594685452145854,0.40867017592177757,False,,,,,,,,,,,,,-0.6,0.579771,0.002058672156459084,0.044284243048403706,False,True,True,SUPPORTED,SUPPORTED,,PRIMARY,F5,sibling_corroboration,,n_edges_with_|S|>=3_in_P_a,8366.0,1000.0,8390,,,,1.1020079692284352,56.717802852558705,0.0,0.9184811824900734,1.070750990387874,0.2678068448097295,0.05824733961507186,0.14200380890116332,0.38282040014981017,0.004975124378109453,0.9667327511115584,0.9979319007275913,0.01754643198188493,0.006663622724842551,0.011772871253215363,0.0014599867312136254,0.0011773831051004194,False,,,,,,,,,,,,,,,,,,,,,,,,,,,,-0.6,min_heavy_dist,"{""cb_dist"": 0.057977, ""dsasa"": 0.542857, ""min_heavy_dist"": 0.579771}","{""degree_hi"": [11.0, 14.0, 17.0, 21.0, 39.0], ""degree_lo"": [5.0, 11.0, 14.0, 17.0, 21.0], ""n"": [1943, 1943, 1942, 1942, 1942], ""n_bins"": 5, ""n_cliff"": [4, 10, 8, 39, 86], ""n_cliff_by_tau"": {""2.0"": 626, ""3.0"": 147, ""4.0"": 26}, ""n_cliff_by_tau_by_quintile"": {""2.0"": [50, 63, 80, 148, 285], ""3.0"": [4, 10, 8, 39, 86], ""4.0"": [0, 1, 2, 5, 18]}, ""rate"": [0.00205867, 0.00514668, 0.00411946, 0.02008239, 0.04428424], ""rate_N2_mean"": [0.00595214, 0.01056871, 0.01229918, 0.0165654, 0.03440525], ""rate_N2_p95"": [0.00926402, 0.01495111, 0.01750772, 0.0226828, 0.04430999], ""rate_by_tau"": {""2.0"": [0.0257334, 0.03242409, 0.04119464, 0.07621009, 0.14675592], ""3.0"": [0.00205867, 0.00514668, 0.00411946, 0.02008239, 0.04428424], ""4.0"": [0.0, 0.00051467, 0.00102987, 0.00257467, 0.0092688]}, ""tau"": 3.0, ""underpowered"": false}",0.8999999999999998,False,False,"N2 (B=200) per-quintile rate at tau=3; tau is the largest of (4,3,2) with >= 100 cliffs (20 per bin) so a per-quintile rate is estimable","0 censored rows: the masked and unmasked P_a are the same 9712 edges, so the clause holds by construction","raw = identity-link additive fit (stats_c2.raw_bundle); eps routes on the y scale with a MAD-matched sigma.  Clause 4 is asymmetric: a raw-only positive is discarded (latent is primary) and does NOT fail the clause; a LATENT_ONLY_POSITIVE does.  Per route: {""L1"": ""agree"", ""L2"": ""raw_only_positive_discarded"", ""L4"": ""agree""}",,3.0,3.0,0.004975124378109453,200,12,16.0,"[20266002, 25]","{""n_eps"": 12488, ""n_eps_bg0"": 169, ""sigma_eps_used"": 0.37214, ""sigma_provenance"": ""sqrt(3)*sigma_y [internal_residual]"", ""spec_expected_routes"": [""L1"", ""L2"", ""L4""], ""structurally_unidentified"": false, ""tau_used"": 3.0}"
Z-domain_ZpA963_HL1_fitness_2M5A,L2,True,12488,,,,,0.2574328340632599,0.14392215109012013,0.346322562574201,,,,,,,,,,-0.6,0.579771,0.002058672156459084,0.044284243048403706,False,True,True,SUPPORTED,SUPPORTED,,PRIMARY,F5,sitepair_ICC_across_backgrounds,,sub_pairs: n_groups(>=2 members)>=200 OR n_groups(>=200 members)>=2,232.0,200.0,12488,237,232,52.69198312236287,,,,,,,,,,,,,,,,,,,0.00018913693228842144,0.006903086683721492,0.004975124378109453,True,0.4631792583649476,0.2574328340632599,1000,label permutation (N2 cannot move an ICC of eps: N2 permutes e and never touches y),,,,,,,,,,,,,,,,,,,,-0.6,min_heavy_dist,"{""cb_dist"": 0.057977, ""dsasa"": 0.542857, ""min_heavy_dist"": 0.579771}","{""degree_hi"": [11.0, 14.0, 17.0, 21.0, 39.0], ""degree_lo"": [5.0, 11.0, 14.0, 17.0, 21.0], ""n"": [1943, 1943, 1942, 1942, 1942], ""n_bins"": 5, ""n_cliff"": [4, 10, 8, 39, 86], ""n_cliff_by_tau"": {""2.0"": 626, ""3.0"": 147, ""4.0"": 26}, ""n_cliff_by_tau_by_quintile"": {""2.0"": [50, 63, 80, 148, 285], ""3.0"": [4, 10, 8, 39, 86], ""4.0"": [0, 1, 2, 5, 18]}, ""rate"": [0.00205867, 0.00514668, 0.00411946, 0.02008239, 0.04428424], ""rate_N2_mean"": [0.00595214, 0.01056871, 0.01229918, 0.0165654, 0.03440525], ""rate_N2_p95"": [0.00926402, 0.01495111, 0.01750772, 0.0226828, 0.04430999], ""rate_by_tau"": {""2.0"": [0.0257334, 0.03242409, 0.04119464, 0.07621009, 0.14675592], ""3.0"": [0.00205867, 0.00514668, 0.00411946, 0.02008239, 0.04428424], ""4.0"": [0.0, 0.00051467, 0.00102987, 0.00257467, 0.0092688]}, ""tau"": 3.0, ""underpowered"": false}",0.8999999999999998,False,False,"N2 (B=200) per-quintile rate at tau=3; tau is the largest of (4,3,2) with >= 100 cliffs (20 per bin) so a per-quintile rate is estimable","0 censored rows: the masked and unmasked P_a are the same 9712 edges, so the clause holds by construction","raw = identity-link additive fit (stats_c2.raw_bundle); eps routes on the y scale with a MAD-matched sigma.  Clause 4 is asymmetric: a raw-only positive is discarded (latent is primary) and does NOT fail the clause; a LATENT_ONLY_POSITIVE does.  Per route: {""L1"": ""agree"", ""L2"": ""raw_only_positive_discarded"", ""L4"": ""agree""}",,3.0,3.0,,,,16.0,"[20266002, 25]","{""n_eps"": 12488, ""n_eps_bg0"": 169, ""sigma_eps_used"": 0.37214, ""sigma_provenance"": ""sqrt(3)*sigma_y [internal_residual]"", ""spec_expected_routes"": [""L1"", ""L2"", ""L4""], ""structurally_unidentified"": false, ""tau_used"": 3.0}"
Z-domain_ZpA963_HL1_fitness_2M5A,L2',False,169,,,,,,,,,,,,,,,,,-0.6,0.579771,0.002058672156459084,0.044284243048403706,False,True,True,SUPPORTED,SUPPORTED,,PRIMARY,F5,sitepair_ICC_across_aa_combinations,"median 11 amino-acid combinations per site pair (gate >= 5) over 15 site pairs, 15 with >= 2 -- the design does not repeat a site pair with different amino acids",median_aa_combos_per_site_pair >= 5 AND n_site_pairs(>=2 combos) >= 20,11.0,5.0,169,15,15,11.266666666666667,,,,,,,,,,,,,,,,,,,,,,True,0.4631792583649476,0.2574328340632599,,label permutation (N2 cannot move an ICC of eps: N2 permutes e and never touches y),,,,,,,,,,,,,,,,,,,,-0.6,min_heavy_dist,"{""cb_dist"": 0.057977, ""dsasa"": 0.542857, ""min_heavy_dist"": 0.579771}","{""degree_hi"": [11.0, 14.0, 17.0, 21.0, 39.0], ""degree_lo"": [5.0, 11.0, 14.0, 17.0, 21.0], ""n"": [1943, 1943, 1942, 1942, 1942], ""n_bins"": 5, ""n_cliff"": [4, 10, 8, 39, 86], ""n_cliff_by_tau"": {""2.0"": 626, ""3.0"": 147, ""4.0"": 26}, ""n_cliff_by_tau_by_quintile"": {""2.0"": [50, 63, 80, 148, 285], ""3.0"": [4, 10, 8, 39, 86], ""4.0"": [0, 1, 2, 5, 18]}, ""rate"": [0.00205867, 0.00514668, 0.00411946, 0.02008239, 0.04428424], ""rate_N2_mean"": [0.00595214, 0.01056871, 0.01229918, 0.0165654, 0.03440525], ""rate_N2_p95"": [0.00926402, 0.01495111, 0.01750772, 0.0226828, 0.04430999], ""rate_by_tau"": {""2.0"": [0.0257334, 0.03242409, 0.04119464, 0.07621009, 0.14675592], ""3.0"": [0.00205867, 0.00514668, 0.00411946, 0.02008239, 0.04428424], ""4.0"": [0.0, 0.00051467, 0.00102987, 0.00257467, 0.0092688]}, ""tau"": 3.0, ""underpowered"": false}",0.8999999999999998,False,False,"N2 (B=200) per-quintile rate at tau=3; tau is the largest of (4,3,2) with >= 100 cliffs (20 per bin) so a per-quintile rate is estimable","0 censored rows: the masked and unmasked P_a are the same 9712 edges, so the clause holds by construction","raw = identity-link additive fit (stats_c2.raw_bundle); eps routes on the y scale with a MAD-matched sigma.  Clause 4 is asymmetric: a raw-only positive is discarded (latent is primary) and does NOT fail the clause; a LATENT_ONLY_POSITIVE does.  Per route: {""L1"": ""agree"", ""L2"": ""raw_only_positive_discarded"", ""L4"": ""agree""}",,3.0,3.0,,,,16.0,"[20266002, 25]","{""n_eps"": 12488, ""n_eps_bg0"": 169, ""sigma_eps_used"": 0.37214, ""sigma_provenance"": ""sqrt(3)*sigma_y [internal_residual]"", ""spec_expected_routes"": [""L1"", ""L2"", ""L4""], ""structurally_unidentified"": false, ""tau_used"": 3.0}"
Z-domain_ZpA963_HL1_fitness_2M5A,L3,False,0,,,,,,,,,,,,,,,,,-0.6,0.579771,0.002058672156459084,0.044284243048403706,False,True,True,SUPPORTED,SUPPORTED,,PRIMARY,F5,cross_measurement_eps_replication,no independent measurement of the same site pair exists for this assay (the KRAS RAF1 / RAF1-RBD twin is the only one in the benchmark),n_shared_substitution_pairs_twice_measured,0.0,1.0,,,,,,,,,,,,,,,,,,,,,,,,,,,,,,,,,,,,,,,,,,,,,,,,,,-0.6,min_heavy_dist,"{""cb_dist"": 0.057977, ""dsasa"": 0.542857, ""min_heavy_dist"": 0.579771}","{""degree_hi"": [11.0, 14.0, 17.0, 21.0, 39.0], ""degree_lo"": [5.0, 11.0, 14.0, 17.0, 21.0], ""n"": [1943, 1943, 1942, 1942, 1942], ""n_bins"": 5, ""n_cliff"": [4, 10, 8, 39, 86], ""n_cliff_by_tau"": {""2.0"": 626, ""3.0"": 147, ""4.0"": 26}, ""n_cliff_by_tau_by_quintile"": {""2.0"": [50, 63, 80, 148, 285], ""3.0"": [4, 10, 8, 39, 86], ""4.0"": [0, 1, 2, 5, 18]}, ""rate"": [0.00205867, 0.00514668, 0.00411946, 0.02008239, 0.04428424], ""rate_N2_mean"": [0.00595214, 0.01056871, 0.01229918, 0.0165654, 0.03440525], ""rate_N2_p95"": [0.00926402, 0.01495111, 0.01750772, 0.0226828, 0.04430999], ""rate_by_tau"": {""2.0"": [0.0257334, 0.03242409, 0.04119464, 0.07621009, 0.14675592], ""3.0"": [0.00205867, 0.00514668, 0.00411946, 0.02008239, 0.04428424], ""4.0"": [0.0, 0.00051467, 0.00102987, 0.00257467, 0.0092688]}, ""tau"": 3.0, ""underpowered"": false}",0.8999999999999998,False,False,"N2 (B=200) per-quintile rate at tau=3; tau is the largest of (4,3,2) with >= 100 cliffs (20 per bin) so a per-quintile rate is estimable","0 censored rows: the masked and unmasked P_a are the same 9712 edges, so the clause holds by construction","raw = identity-link additive fit (stats_c2.raw_bundle); eps routes on the y scale with a MAD-matched sigma.  Clause 4 is asymmetric: a raw-only positive is discarded (latent is primary) and does NOT fail the clause; a LATENT_ONLY_POSITIVE does.  Per route: {""L1"": ""agree"", ""L2"": ""raw_only_positive_discarded"", ""L4"": ""agree""}",,3.0,3.0,,,,16.0,"[20266002, 25]","{""n_eps"": 12488, ""n_eps_bg0"": 169, ""sigma_eps_used"": 0.37214, ""sigma_provenance"": ""sqrt(3)*sigma_y [internal_residual]"", ""spec_expected_routes"": [""L1"", ""L2"", ""L4""], ""structurally_unidentified"": false, ""tau_used"": 3.0}"
Z-domain_ZpA963_HL1_fitness_2M5A,L4,True,2904,,,,,,,,,0.05650183115681671,0.026664260418449805,0.06687837973492698,0.0156688253372751,0.015784146341463415,,,,-0.6,0.579771,0.002058672156459084,0.044284243048403706,False,True,True,SUPPORTED,SUPPORTED,,PRIMARY,F5,out_of_sample_pairwise_predictability,,mean_obs_per_Z_col,98.25738396624473,5.0,,,,,,,,,,,,,,,,,,,,,,,,,,,,,,,0.8244133746167237,0.8809152057735403,221,98.25738396624473,0.06436307706446126,0.0008853173236323694,2,,,,,,,,,,,,,-0.6,min_heavy_dist,"{""cb_dist"": 0.057977, ""dsasa"": 0.542857, ""min_heavy_dist"": 0.579771}","{""degree_hi"": [11.0, 14.0, 17.0, 21.0, 39.0], ""degree_lo"": [5.0, 11.0, 14.0, 17.0, 21.0], ""n"": [1943, 1943, 1942, 1942, 1942], ""n_bins"": 5, ""n_cliff"": [4, 10, 8, 39, 86], ""n_cliff_by_tau"": {""2.0"": 626, ""3.0"": 147, ""4.0"": 26}, ""n_cliff_by_tau_by_quintile"": {""2.0"": [50, 63, 80, 148, 285], ""3.0"": [4, 10, 8, 39, 86], ""4.0"": [0, 1, 2, 5, 18]}, ""rate"": [0.00205867, 0.00514668, 0.00411946, 0.02008239, 0.04428424], ""rate_N2_mean"": [0.00595214, 0.01056871, 0.01229918, 0.0165654, 0.03440525], ""rate_N2_p95"": [0.00926402, 0.01495111, 0.01750772, 0.0226828, 0.04430999], ""rate_by_tau"": {""2.0"": [0.0257334, 0.03242409, 0.04119464, 0.07621009, 0.14675592], ""3.0"": [0.00205867, 0.00514668, 0.00411946, 0.02008239, 0.04428424], ""4.0"": [0.0, 0.00051467, 0.00102987, 0.00257467, 0.0092688]}, ""tau"": 3.0, ""underpowered"": false}",0.8999999999999998,False,False,"N2 (B=200) per-quintile rate at tau=3; tau is the largest of (4,3,2) with >= 100 cliffs (20 per bin) so a per-quintile rate is estimable","0 censored rows: the masked and unmasked P_a are the same 9712 edges, so the clause holds by construction","raw = identity-link additive fit (stats_c2.raw_bundle); eps routes on the y scale with a MAD-matched sigma.  Clause 4 is asymmetric: a raw-only positive is discarded (latent is primary) and does NOT fail the clause; a LATENT_ONLY_POSITIVE does.  Per route: {""L1"": ""agree"", ""L2"": ""raw_only_positive_discarded"", ""L4"": ""agree""}",,3.0,3.0,,,,16.0,"[20266002, 25]","{""n_eps"": 12488, ""n_eps_bg0"": 169, ""sigma_eps_used"": 0.37214, ""sigma_provenance"": ""sqrt(3)*sigma_y [internal_residual]"", ""spec_expected_routes"": [""L1"", ""L2"", ""L4""], ""structurally_unidentified"": false, ""tau_used"": 3.0}"
Z-domain_ZpA963_HL1_fitness_2M5A,L5,False,101,,,,,,,,,,,,,,,,,-0.6,0.579771,0.002058672156459084,0.044284243048403706,False,True,True,SUPPORTED,SUPPORTED,,PRIMARY,F5,eps_3D_localisation,"only 169 eps have both sites structurally annotated (gate >= 500), with 40 at |eps| >= 3 sigma and 61 at < 1 sigma (>= 10 of each needed for an AUROC)",n_eps_with_both_sites_annotated,169.0,500.0,12488,,,,,,,,,,,,,,,,,,,,,,,,,,,,,,,,,,,,,,,,40,61,0.3721397762602111,sqrt(3)*sigma_y [internal_residual],,,,,,-0.6,min_heavy_dist,"{""cb_dist"": 0.057977, ""dsasa"": 0.542857, ""min_heavy_dist"": 0.579771}","{""degree_hi"": [11.0, 14.0, 17.0, 21.0, 39.0], ""degree_lo"": [5.0, 11.0, 14.0, 17.0, 21.0], ""n"": [1943, 1943, 1942, 1942, 1942], ""n_bins"": 5, ""n_cliff"": [4, 10, 8, 39, 86], ""n_cliff_by_tau"": {""2.0"": 626, ""3.0"": 147, ""4.0"": 26}, ""n_cliff_by_tau_by_quintile"": {""2.0"": [50, 63, 80, 148, 285], ""3.0"": [4, 10, 8, 39, 86], ""4.0"": [0, 1, 2, 5, 18]}, ""rate"": [0.00205867, 0.00514668, 0.00411946, 0.02008239, 0.04428424], ""rate_N2_mean"": [0.00595214, 0.01056871, 0.01229918, 0.0165654, 0.03440525], ""rate_N2_p95"": [0.00926402, 0.01495111, 0.01750772, 0.0226828, 0.04430999], ""rate_by_tau"": {""2.0"": [0.0257334, 0.03242409, 0.04119464, 0.07621009, 0.14675592], ""3.0"": [0.00205867, 0.00514668, 0.00411946, 0.02008239, 0.04428424], ""4.0"": [0.0, 0.00051467, 0.00102987, 0.00257467, 0.0092688]}, ""tau"": 3.0, ""underpowered"": false}",0.8999999999999998,False,False,"N2 (B=200) per-quintile rate at tau=3; tau is the largest of (4,3,2) with >= 100 cliffs (20 per bin) so a per-quintile rate is estimable","0 censored rows: the masked and unmasked P_a are the same 9712 edges, so the clause holds by construction","raw = identity-link additive fit (stats_c2.raw_bundle); eps routes on the y scale with a MAD-matched sigma.  Clause 4 is asymmetric: a raw-only positive is discarded (latent is primary) and does NOT fail the clause; a LATENT_ONLY_POSITIVE does.  Per route: {""L1"": ""agree"", ""L2"": ""raw_only_positive_discarded"", ""L4"": ""agree""}","{""sigma_x0.5"": {""AUROC"": null, ""feasible"": false, ""n_cliff"": 85, ""n_noncliff"": 39, ""sigma"": 0.18607}, ""sigma_x1"": {""AUROC"": null, ""feasible"": false, ""n_cliff"": 40, ""n_noncliff"": 61, ""sigma"": 0.37214}, ""sigma_x2"": {""AUROC"": null, ""feasible"": false, ""n_cliff"": 0, ""n_noncliff"": 107, ""sigma"": 0.74428}}",3.0,3.0,,,,16.0,"[20266002, 25]","{""n_eps"": 12488, ""n_eps_bg0"": 169, ""sigma_eps_used"": 0.37214, ""sigma_provenance"": ""sqrt(3)*sigma_y [internal_residual]"", ""spec_expected_routes"": [""L1"", ""L2"", ""L4""], ""structurally_unidentified"": false, ""tau_used"": 3.0}"
hYAP65_peptide_FunctioncalScore_1JMQ,L1,True,3060,0.12205592970569318,0.023071302463003613,0.01450510710419261,False,,,,,,,,,,,,,-0.9110771581359814,0.224462,0.017540871934604903,0.012433997615397718,False,True,False,SUPPORTED,REFUTED,,PRIMARY,F6,sibling_corroboration,,n_edges_with_|S|>=3_in_P_a,3060.0,1000.0,3281,,,,0.06772170112022557,5.290378811574166,1.220632797766913e-07,0.053871505434686474,0.21198137653879287,-0.08649347461082886,0.04017023368548119,-0.1567977748762354,0.00043743957983920044,0.004975124378109453,-0.18823433853047475,0.12205592970569318,0.03474657140188981,0.014867847306655062,0.01894318584863373,0.013039364516170788,0.013120140952114424,False,,,,,,,,,,,,,,,,,,,,,,,,,,,,-0.9663865546218486,dsasa,"{""cb_dist"": 0.159358, ""dsasa"": 0.224462, ""min_heavy_dist"": 0.207639}","{""degree_hi"": [9.0, 15.0, 29.0, 87.0, 221.0], ""degree_lo"": [2.0, 9.0, 15.0, 29.0, 87.0], ""n"": [5872, 5871, 5871, 5871, 5871], ""n_bins"": 5, ""n_cliff"": [103, 28, 16, 13, 73], ""n_cliff_by_tau"": {""2.0"": 2792, ""3.0"": 803, ""4.0"": 233}, ""n_cliff_by_tau_by_quintile"": {""2.0"": [817, 544, 412, 325, 694], ""3.0"": [331, 163, 80, 51, 178], ""4.0"": [103, 28, 16, 13, 73]}, ""rate"": [0.01754087, 0.0047692, 0.00272526, 0.00221427, 0.012434], ""rate_N2_mean"": [0.02382493, 0.01141714, 0.0061906, 0.0013192, 0.00492506], ""rate_N2_p95"": [0.02674557, 0.01396696, 0.00868677, 0.00272526, 0.00647249], ""rate_by_tau"": {""2.0"": [0.13913488, 0.09265883, 0.07017544, 0.05535684, 0.11820814], ""3.0"": [0.05636921, 0.02776358, 0.0136263, 0.00868677, 0.03031851], ""4.0"": [0.01754087, 0.0047692, 0.00272526, 0.00221427, 0.012434]}, ""tau"": 4.0, ""underpowered"": false}",-0.39999999999999997,False,True,"N2 (B=200) per-quintile rate at tau=4; tau is the largest of (4,3,2) with >= 100 cliffs (20 per bin) so a per-quintile rate is estimable","0 censored rows: the masked and unmasked P_a are the same 29356 edges, so the clause holds by construction","raw = identity-link additive fit (stats_c2.raw_bundle); eps routes on the y scale with a MAD-matched sigma.  Clause 4 is asymmetric: a raw-only positive is discarded (latent is primary) and does NOT fail the clause; a LATENT_ONLY_POSITIVE does.  Per route: {""L1"": ""LATENT_ONLY_POSITIVE"", ""L2"": ""raw_only_positive_discarded"", ""L2'"": ""agree"", ""L5"": ""agree""}",,4.0,4.0,0.004975124378109453,200,12,7.6,"[20266002, 27]","{""n_eps"": 16760, ""n_eps_bg0"": 4534, ""sigma_eps_used"": 0.721221, ""sigma_provenance"": ""sqrt(3)*sigma_y [internal_residual]"", ""spec_expected_routes"": [""L1""], ""structurally_unidentified"": false, ""tau_used"": 4.0}"
hYAP65_peptide_FunctioncalScore_1JMQ,L2,True,16760,,,,,0.12712794850267647,0.08172701426227824,0.19799553409428786,,,,,,,,,,-0.9110771581359814,0.224462,0.017540871934604903,0.012433997615397718,False,True,False,SUPPORTED,REFUTED,,PRIMARY,F6,sitepair_ICC_across_backgrounds,,sub_pairs: n_groups(>=2 members)>=200 OR n_groups(>=200 members)>=2,2779.0,200.0,16760,6833,2779,2.4528025757354017,,,,,,,,,,,,,,,,,,,-0.0009764244448916236,0.030106536473243174,0.004975124378109453,True,0.2757161612572689,0.16906451211195794,1000,label permutation (N2 cannot move an ICC of eps: N2 permutes e and never touches y),,,,,,,,,,,,,,,,,,,,-0.9663865546218486,dsasa,"{""cb_dist"": 0.159358, ""dsasa"": 0.224462, ""min_heavy_dist"": 0.207639}","{""degree_hi"": [9.0, 15.0, 29.0, 87.0, 221.0], ""degree_lo"": [2.0, 9.0, 15.0, 29.0, 87.0], ""n"": [5872, 5871, 5871, 5871, 5871], ""n_bins"": 5, ""n_cliff"": [103, 28, 16, 13, 73], ""n_cliff_by_tau"": {""2.0"": 2792, ""3.0"": 803, ""4.0"": 233}, ""n_cliff_by_tau_by_quintile"": {""2.0"": [817, 544, 412, 325, 694], ""3.0"": [331, 163, 80, 51, 178], ""4.0"": [103, 28, 16, 13, 73]}, ""rate"": [0.01754087, 0.0047692, 0.00272526, 0.00221427, 0.012434], ""rate_N2_mean"": [0.02382493, 0.01141714, 0.0061906, 0.0013192, 0.00492506], ""rate_N2_p95"": [0.02674557, 0.01396696, 0.00868677, 0.00272526, 0.00647249], ""rate_by_tau"": {""2.0"": [0.13913488, 0.09265883, 0.07017544, 0.05535684, 0.11820814], ""3.0"": [0.05636921, 0.02776358, 0.0136263, 0.00868677, 0.03031851], ""4.0"": [0.01754087, 0.0047692, 0.00272526, 0.00221427, 0.012434]}, ""tau"": 4.0, ""underpowered"": false}",-0.39999999999999997,False,True,"N2 (B=200) per-quintile rate at tau=4; tau is the largest of (4,3,2) with >= 100 cliffs (20 per bin) so a per-quintile rate is estimable","0 censored rows: the masked and unmasked P_a are the same 29356 edges, so the clause holds by construction","raw = identity-link additive fit (stats_c2.raw_bundle); eps routes on the y scale with a MAD-matched sigma.  Clause 4 is asymmetric: a raw-only positive is discarded (latent is primary) and does NOT fail the clause; a LATENT_ONLY_POSITIVE does.  Per route: {""L1"": ""LATENT_ONLY_POSITIVE"", ""L2"": ""raw_only_positive_discarded"", ""L2'"": ""agree"", ""L5"": ""agree""}",,4.0,4.0,,,,7.6,"[20266002, 27]","{""n_eps"": 16760, ""n_eps_bg0"": 4534, ""sigma_eps_used"": 0.721221, ""sigma_provenance"": ""sqrt(3)*sigma_y [internal_residual]"", ""spec_expected_routes"": [""L1""], ""structurally_unidentified"": false, ""tau_used"": 4.0}"
hYAP65_peptide_FunctioncalScore_1JMQ,L2',True,4534,,,,,0.16906451211195794,0.12375882639871987,0.20869555099752,,,,,,,,,,-0.9110771581359814,0.224462,0.017540871934604903,0.012433997615397718,False,True,False,SUPPORTED,REFUTED,,PRIMARY,F6,sitepair_ICC_across_aa_combinations,,median_aa_combos_per_site_pair >= 5 AND n_site_pairs(>=2 combos) >= 20,6.0,5.0,4534,502,462,9.03187250996016,,,,,,,,,,,,,,,,,,,0.0008254544550411494,0.0246811562945915,0.004975124378109453,True,0.2757161612572689,0.16906451211195794,1000,label permutation (N2 cannot move an ICC of eps: N2 permutes e and never touches y),,,,,,,,,,,,,,,,,,,,-0.9663865546218486,dsasa,"{""cb_dist"": 0.159358, ""dsasa"": 0.224462, ""min_heavy_dist"": 0.207639}","{""degree_hi"": [9.0, 15.0, 29.0, 87.0, 221.0], ""degree_lo"": [2.0, 9.0, 15.0, 29.0, 87.0], ""n"": [5872, 5871, 5871, 5871, 5871], ""n_bins"": 5, ""n_cliff"": [103, 28, 16, 13, 73], ""n_cliff_by_tau"": {""2.0"": 2792, ""3.0"": 803, ""4.0"": 233}, ""n_cliff_by_tau_by_quintile"": {""2.0"": [817, 544, 412, 325, 694], ""3.0"": [331, 163, 80, 51, 178], ""4.0"": [103, 28, 16, 13, 73]}, ""rate"": [0.01754087, 0.0047692, 0.00272526, 0.00221427, 0.012434], ""rate_N2_mean"": [0.02382493, 0.01141714, 0.0061906, 0.0013192, 0.00492506], ""rate_N2_p95"": [0.02674557, 0.01396696, 0.00868677, 0.00272526, 0.00647249], ""rate_by_tau"": {""2.0"": [0.13913488, 0.09265883, 0.07017544, 0.05535684, 0.11820814], ""3.0"": [0.05636921, 0.02776358, 0.0136263, 0.00868677, 0.03031851], ""4.0"": [0.01754087, 0.0047692, 0.00272526, 0.00221427, 0.012434]}, ""tau"": 4.0, ""underpowered"": false}",-0.39999999999999997,False,True,"N2 (B=200) per-quintile rate at tau=4; tau is the largest of (4,3,2) with >= 100 cliffs (20 per bin) so a per-quintile rate is estimable","0 censored rows: the masked and unmasked P_a are the same 29356 edges, so the clause holds by construction","raw = identity-link additive fit (stats_c2.raw_bundle); eps routes on the y scale with a MAD-matched sigma.  Clause 4 is asymmetric: a raw-only positive is discarded (latent is primary) and does NOT fail the clause; a LATENT_ONLY_POSITIVE does.  Per route: {""L1"": ""LATENT_ONLY_POSITIVE"", ""L2"": ""raw_only_positive_discarded"", ""L2'"": ""agree"", ""L5"": ""agree""}",,4.0,4.0,,,,7.6,"[20266002, 27]","{""n_eps"": 16760, ""n_eps_bg0"": 4534, ""sigma_eps_used"": 0.721221, ""sigma_provenance"": ""sqrt(3)*sigma_y [internal_residual]"", ""spec_expected_routes"": [""L1""], ""structurally_unidentified"": false, ""tau_used"": 4.0}"
hYAP65_peptide_FunctioncalScore_1JMQ,L3,False,0,,,,,,,,,,,,,,,,,-0.9110771581359814,0.224462,0.017540871934604903,0.012433997615397718,False,True,False,SUPPORTED,REFUTED,,PRIMARY,F6,cross_measurement_eps_replication,no independent measurement of the same site pair exists for this assay (the KRAS RAF1 / RAF1-RBD twin is the only one in the benchmark),n_shared_substitution_pairs_twice_measured,0.0,1.0,,,,,,,,,,,,,,,,,,,,,,,,,,,,,,,,,,,,,,,,,,,,,,,,,,-0.9663865546218486,dsasa,"{""cb_dist"": 0.159358, ""dsasa"": 0.224462, ""min_heavy_dist"": 0.207639}","{""degree_hi"": [9.0, 15.0, 29.0, 87.0, 221.0], ""degree_lo"": [2.0, 9.0, 15.0, 29.0, 87.0], ""n"": [5872, 5871, 5871, 5871, 5871], ""n_bins"": 5, ""n_cliff"": [103, 28, 16, 13, 73], ""n_cliff_by_tau"": {""2.0"": 2792, ""3.0"": 803, ""4.0"": 233}, ""n_cliff_by_tau_by_quintile"": {""2.0"": [817, 544, 412, 325, 694], ""3.0"": [331, 163, 80, 51, 178], ""4.0"": [103, 28, 16, 13, 73]}, ""rate"": [0.01754087, 0.0047692, 0.00272526, 0.00221427, 0.012434], ""rate_N2_mean"": [0.02382493, 0.01141714, 0.0061906, 0.0013192, 0.00492506], ""rate_N2_p95"": [0.02674557, 0.01396696, 0.00868677, 0.00272526, 0.00647249], ""rate_by_tau"": {""2.0"": [0.13913488, 0.09265883, 0.07017544, 0.05535684, 0.11820814], ""3.0"": [0.05636921, 0.02776358, 0.0136263, 0.00868677, 0.03031851], ""4.0"": [0.01754087, 0.0047692, 0.00272526, 0.00221427, 0.012434]}, ""tau"": 4.0, ""underpowered"": false}",-0.39999999999999997,False,True,"N2 (B=200) per-quintile rate at tau=4; tau is the largest of (4,3,2) with >= 100 cliffs (20 per bin) so a per-quintile rate is estimable","0 censored rows: the masked and unmasked P_a are the same 29356 edges, so the clause holds by construction","raw = identity-link additive fit (stats_c2.raw_bundle); eps routes on the y scale with a MAD-matched sigma.  Clause 4 is asymmetric: a raw-only positive is discarded (latent is primary) and does NOT fail the clause; a LATENT_ONLY_POSITIVE does.  Per route: {""L1"": ""LATENT_ONLY_POSITIVE"", ""L2"": ""raw_only_positive_discarded"", ""L2'"": ""agree"", ""L5"": ""agree""}",,4.0,4.0,,,,7.6,"[20266002, 27]","{""n_eps"": 16760, ""n_eps_bg0"": 4534, ""sigma_eps_used"": 0.721221, ""sigma_provenance"": ""sqrt(3)*sigma_y [internal_residual]"", ""spec_expected_routes"": [""L1""], ""structurally_unidentified"": false, ""tau_used"": 4.0}"
hYAP65_peptide_FunctioncalScore_1JMQ,L4,False,18407,,,,,,,,,,,,,,,,,-0.9110771581359814,0.224462,0.017540871934604903,0.012433997615397718,False,True,False,SUPPORTED,REFUTED,,PRIMARY,F6,out_of_sample_pairwise_predictability,"mean 3.105 observations per Z column (gate >= 5): every interaction is seen once, so dR2_oos is identically 0 by construction and reporting it as ""no epistasis"" would be false",mean_obs_per_Z_col,3.1052127595906396,5.0,,,,,,,,,,,,,,,,,,,,,,,,,,,,,,,,,0,3.1052127595906396,,,0,,,,,,,,,,,,,-0.9663865546218486,dsasa,"{""cb_dist"": 0.159358, ""dsasa"": 0.224462, ""min_heavy_dist"": 0.207639}","{""degree_hi"": [9.0, 15.0, 29.0, 87.0, 221.0], ""degree_lo"": [2.0, 9.0, 15.0, 29.0, 87.0], ""n"": [5872, 5871, 5871, 5871, 5871], ""n_bins"": 5, ""n_cliff"": [103, 28, 16, 13, 73], ""n_cliff_by_tau"": {""2.0"": 2792, ""3.0"": 803, ""4.0"": 233}, ""n_cliff_by_tau_by_quintile"": {""2.0"": [817, 544, 412, 325, 694], ""3.0"": [331, 163, 80, 51, 178], ""4.0"": [103, 28, 16, 13, 73]}, ""rate"": [0.01754087, 0.0047692, 0.00272526, 0.00221427, 0.012434], ""rate_N2_mean"": [0.02382493, 0.01141714, 0.0061906, 0.0013192, 0.00492506], ""rate_N2_p95"": [0.02674557, 0.01396696, 0.00868677, 0.00272526, 0.00647249], ""rate_by_tau"": {""2.0"": [0.13913488, 0.09265883, 0.07017544, 0.05535684, 0.11820814], ""3.0"": [0.05636921, 0.02776358, 0.0136263, 0.00868677, 0.03031851], ""4.0"": [0.01754087, 0.0047692, 0.00272526, 0.00221427, 0.012434]}, ""tau"": 4.0, ""underpowered"": false}",-0.39999999999999997,False,True,"N2 (B=200) per-quintile rate at tau=4; tau is the largest of (4,3,2) with >= 100 cliffs (20 per bin) so a per-quintile rate is estimable","0 censored rows: the masked and unmasked P_a are the same 29356 edges, so the clause holds by construction","raw = identity-link additive fit (stats_c2.raw_bundle); eps routes on the y scale with a MAD-matched sigma.  Clause 4 is asymmetric: a raw-only positive is discarded (latent is primary) and does NOT fail the clause; a LATENT_ONLY_POSITIVE does.  Per route: {""L1"": ""LATENT_ONLY_POSITIVE"", ""L2"": ""raw_only_positive_discarded"", ""L2'"": ""agree"", ""L5"": ""agree""}",,4.0,4.0,,,,7.6,"[20266002, 27]","{""n_eps"": 16760, ""n_eps_bg0"": 4534, ""sigma_eps_used"": 0.721221, ""sigma_provenance"": ""sqrt(3)*sigma_y [internal_residual]"", ""spec_expected_routes"": [""L1""], ""structurally_unidentified"": false, ""tau_used"": 4.0}"
hYAP65_peptide_FunctioncalScore_1JMQ,L5,True,3641,,,,,,,,,,,,,,0.7546015198380877,0.6796775573976118,0.0014992503748125937,-0.9110771581359814,0.224462,0.017540871934604903,0.012433997615397718,False,True,False,SUPPORTED,REFUTED,,PRIMARY,F6,eps_3D_localisation,,n_eps_with_both_sites_annotated,4534.0,500.0,16760,,,,,,,,,,,,,,,,,,,,,,,,,,,,,,,,,,,,,0.8306827260666125,0.6617608928094093,0.7421417831366708,29,3612,0.7212207601192577,sqrt(3)*sigma_y [internal_residual],0.6093158199127049,0.7191383953728768,,,,-0.9663865546218486,dsasa,"{""cb_dist"": 0.159358, ""dsasa"": 0.224462, ""min_heavy_dist"": 0.207639}","{""degree_hi"": [9.0, 15.0, 29.0, 87.0, 221.0], ""degree_lo"": [2.0, 9.0, 15.0, 29.0, 87.0], ""n"": [5872, 5871, 5871, 5871, 5871], ""n_bins"": 5, ""n_cliff"": [103, 28, 16, 13, 73], ""n_cliff_by_tau"": {""2.0"": 2792, ""3.0"": 803, ""4.0"": 233}, ""n_cliff_by_tau_by_quintile"": {""2.0"": [817, 544, 412, 325, 694], ""3.0"": [331, 163, 80, 51, 178], ""4.0"": [103, 28, 16, 13, 73]}, ""rate"": [0.01754087, 0.0047692, 0.00272526, 0.00221427, 0.012434], ""rate_N2_mean"": [0.02382493, 0.01141714, 0.0061906, 0.0013192, 0.00492506], ""rate_N2_p95"": [0.02674557, 0.01396696, 0.00868677, 0.00272526, 0.00647249], ""rate_by_tau"": {""2.0"": [0.13913488, 0.09265883, 0.07017544, 0.05535684, 0.11820814], ""3.0"": [0.05636921, 0.02776358, 0.0136263, 0.00868677, 0.03031851], ""4.0"": [0.01754087, 0.0047692, 0.00272526, 0.00221427, 0.012434]}, ""tau"": 4.0, ""underpowered"": false}",-0.39999999999999997,False,True,"N2 (B=200) per-quintile rate at tau=4; tau is the largest of (4,3,2) with >= 100 cliffs (20 per bin) so a per-quintile rate is estimable","0 censored rows: the masked and unmasked P_a are the same 29356 edges, so the clause holds by construction","raw = identity-link additive fit (stats_c2.raw_bundle); eps routes on the y scale with a MAD-matched sigma.  Clause 4 is asymmetric: a raw-only positive is discarded (latent is primary) and does NOT fail the clause; a LATENT_ONLY_POSITIVE does.  Per route: {""L1"": ""LATENT_ONLY_POSITIVE"", ""L2"": ""raw_only_positive_discarded"", ""L2'"": ""agree"", ""L5"": ""agree""}","{""sigma_x0.5"": {""AUROC"": 0.571736, ""feasible"": true, ""n_cliff"": 679, ""n_noncliff"": 3001, ""sigma"": 0.36061}, ""sigma_x1"": {""AUROC"": 0.754602, ""feasible"": true, ""n_cliff"": 29, ""n_noncliff"": 3612, ""sigma"": 0.721221}, ""sigma_x2"": {""AUROC"": null, ""feasible"": false, ""n_cliff"": 0, ""n_noncliff"": 4093, ""sigma"": 1.442442}}",4.0,4.0,,2000,,7.6,"[20266002, 27]","{""n_eps"": 16760, ""n_eps_bg0"": 4534, ""sigma_eps_used"": 0.721221, ""sigma_provenance"": ""sqrt(3)*sigma_y [internal_residual]"", ""spec_expected_routes"": [""L1""], ""structurally_unidentified"": false, ""tau_used"": 4.0}"
CR6261_FluAH1_logKd_3GBN,L1,True,8329,1.2971701702590046,0.01438037349320452,0.4498065487513736,False,,,,,,,,,,,,,-0.8747175313501542,,0.047362110311750596,0.041991601679664065,False,True,True,SUPPORTED,SUPPORTED,,ARM,F8,sibling_corroboration,,n_edges_with_|S|>=3_in_P_a,8329.0,1000.0,9319,,,,1.3110588951017363,90.2042058137075,0.0,1.250051192017369,1.3282860660180427,0.21795275781477372,0.10622885969920859,-0.007277624376748034,0.4293779642958753,0.004975124378109453,1.3517872937105189,1.3529244569359136,0.006884029096338649,0.0005671100771864026,0.002361373408602422,0.0025638917701889313,0.003116362050206021,False,,,,,,,,,,,,,,,,,,,,,,,,,,,,-0.8515981735159819,,{},"{""degree_hi"": [20.0, 21.0, 22.0, 22.0, 22.0], ""degree_lo"": [10.0, 20.0, 21.0, 22.0, 22.0], ""n"": [1668, 1668, 1668, 1668, 1667], ""n_bins"": 5, ""n_cliff"": [79, 29, 54, 31, 70], ""n_cliff_by_tau"": {""2.0"": 263, ""3.0"": 50, ""4.0"": 10}, ""n_cliff_by_tau_by_quintile"": {""2.0"": [79, 29, 54, 31, 70], ""3.0"": [25, 6, 4, 5, 10], ""4.0"": [7, 0, 1, 0, 2]}, ""rate"": [0.04736211, 0.01738609, 0.0323741, 0.01858513, 0.0419916], ""rate_N2_mean"": [0.07711631, 0.06660671, 0.06634892, 0.06521882, 0.0725135], ""rate_N2_p95"": [0.0911271, 0.07916667, 0.08096523, 0.07859712, 0.09118176], ""rate_by_tau"": {""2.0"": [0.04736211, 0.01738609, 0.0323741, 0.01858513, 0.0419916], ""3.0"": [0.01498801, 0.00359712, 0.00239808, 0.0029976, 0.0059988], ""4.0"": [0.00419664, 0.0, 0.00059952, 0.0, 0.00119976]}, ""tau"": 2.0, ""underpowered"": false}",-0.09999999999999999,False,False,"N2 (B=200) per-quintile rate at tau=2; tau is the largest of (4,3,2) with >= 100 cliffs (20 per bin) so a per-quintile rate is estimable","214 censored rows; P_a 8339 -> 9851 edges, eps 18156 -> 22857 rows; per-route support conclusion agreement: {""L1"": ""agree"", ""L2"": ""agree"", ""L4"": ""agree""}","raw = identity-link additive fit (stats_c2.raw_bundle); eps routes on the y scale with a MAD-matched sigma.  Clause 4 is asymmetric: a raw-only positive is discarded (latent is primary) and does NOT fail the clause; a LATENT_ONLY_POSITIVE does.  Per route: {""L1"": ""agree"", ""L2"": ""raw_only_positive_discarded"", ""L4"": ""agree""}",,2.0,2.0,0.004975124378109453,200,12,9.66,"[20266002, 7]","{""n_eps"": 18156, ""n_eps_bg0"": 0, ""sigma_eps_used"": 0.40243, ""sigma_provenance"": ""sqrt(3)*sigma_y [internal_residual]"", ""spec_expected_routes"": [""L1"", ""L2"", ""L4""], ""structurally_unidentified"": false, ""tau_used"": 2.0}"
CR6261_FluAH1_logKd_3GBN,L2,True,18156,,,,,0.16929894307819404,0.0647429414696939,0.24748170715557177,,,,,,,,,,-0.8747175313501542,,0.047362110311750596,0.041991601679664065,False,True,True,SUPPORTED,SUPPORTED,,ARM,F8,sitepair_ICC_across_backgrounds,,sub_pairs: n_groups(>=2 members)>=200 OR n_groups(>=200 members)>=2,55.0,200.0,18156,55,55,330.1090909090909,,,,,,,,,,,,,,,,,,,3.358587913529791e-05,0.001367446456106937,0.004975124378109453,True,0.33882673776269506,0.12851052893808773,1000,label permutation (N2 cannot move an ICC of eps: N2 permutes e and never touches y),,,,,,,,,,,,,,,,,,,,-0.8515981735159819,,{},"{""degree_hi"": [20.0, 21.0, 22.0, 22.0, 22.0], ""degree_lo"": [10.0, 20.0, 21.0, 22.0, 22.0], ""n"": [1668, 1668, 1668, 1668, 1667], ""n_bins"": 5, ""n_cliff"": [79, 29, 54, 31, 70], ""n_cliff_by_tau"": {""2.0"": 263, ""3.0"": 50, ""4.0"": 10}, ""n_cliff_by_tau_by_quintile"": {""2.0"": [79, 29, 54, 31, 70], ""3.0"": [25, 6, 4, 5, 10], ""4.0"": [7, 0, 1, 0, 2]}, ""rate"": [0.04736211, 0.01738609, 0.0323741, 0.01858513, 0.0419916], ""rate_N2_mean"": [0.07711631, 0.06660671, 0.06634892, 0.06521882, 0.0725135], ""rate_N2_p95"": [0.0911271, 0.07916667, 0.08096523, 0.07859712, 0.09118176], ""rate_by_tau"": {""2.0"": [0.04736211, 0.01738609, 0.0323741, 0.01858513, 0.0419916], ""3.0"": [0.01498801, 0.00359712, 0.00239808, 0.0029976, 0.0059988], ""4.0"": [0.00419664, 0.0, 0.00059952, 0.0, 0.00119976]}, ""tau"": 2.0, ""underpowered"": false}",-0.09999999999999999,False,False,"N2 (B=200) per-quintile rate at tau=2; tau is the largest of (4,3,2) with >= 100 cliffs (20 per bin) so a per-quintile rate is estimable","214 censored rows; P_a 8339 -> 9851 edges, eps 18156 -> 22857 rows; per-route support conclusion agreement: {""L1"": ""agree"", ""L2"": ""agree"", ""L4"": ""agree""}","raw = identity-link additive fit (stats_c2.raw_bundle); eps routes on the y scale with a MAD-matched sigma.  Clause 4 is asymmetric: a raw-only positive is discarded (latent is primary) and does NOT fail the clause; a LATENT_ONLY_POSITIVE does.  Per route: {""L1"": ""agree"", ""L2"": ""raw_only_positive_discarded"", ""L4"": ""agree""}",,2.0,2.0,,,,9.66,"[20266002, 7]","{""n_eps"": 18156, ""n_eps_bg0"": 0, ""sigma_eps_used"": 0.40243, ""sigma_provenance"": ""sqrt(3)*sigma_y [internal_residual]"", ""spec_expected_routes"": [""L1"", ""L2"", ""L4""], ""structurally_unidentified"": false, ""tau_used"": 2.0}"
CR6261_FluAH1_logKd_3GBN,L2',False,0,,,,,,,,,,,,,,,,,-0.8747175313501542,,0.047362110311750596,0.041991601679664065,False,True,True,SUPPORTED,SUPPORTED,,ARM,F8,sitepair_ICC_across_aa_combinations,no double whose two singles are both observed and uncensored (bg_order 0 is empty),median_aa_combos_per_site_pair,,5.0,,,,,,,,,,,,,,,,,,,,,,,,,,True,0.33882673776269506,0.12851052893808773,,label permutation (N2 cannot move an ICC of eps: N2 permutes e and never touches y),,,,,,,,,,,,,,,,,,,,-0.8515981735159819,,{},"{""degree_hi"": [20.0, 21.0, 22.0, 22.0, 22.0], ""degree_lo"": [10.0, 20.0, 21.0, 22.0, 22.0], ""n"": [1668, 1668, 1668, 1668, 1667], ""n_bins"": 5, ""n_cliff"": [79, 29, 54, 31, 70], ""n_cliff_by_tau"": {""2.0"": 263, ""3.0"": 50, ""4.0"": 10}, ""n_cliff_by_tau_by_quintile"": {""2.0"": [79, 29, 54, 31, 70], ""3.0"": [25, 6, 4, 5, 10], ""4.0"": [7, 0, 1, 0, 2]}, ""rate"": [0.04736211, 0.01738609, 0.0323741, 0.01858513, 0.0419916], ""rate_N2_mean"": [0.07711631, 0.06660671, 0.06634892, 0.06521882, 0.0725135], ""rate_N2_p95"": [0.0911271, 0.07916667, 0.08096523, 0.07859712, 0.09118176], ""rate_by_tau"": {""2.0"": [0.04736211, 0.01738609, 0.0323741, 0.01858513, 0.0419916], ""3.0"": [0.01498801, 0.00359712, 0.00239808, 0.0029976, 0.0059988], ""4.0"": [0.00419664, 0.0, 0.00059952, 0.0, 0.00119976]}, ""tau"": 2.0, ""underpowered"": false}",-0.09999999999999999,False,False,"N2 (B=200) per-quintile rate at tau=2; tau is the largest of (4,3,2) with >= 100 cliffs (20 per bin) so a per-quintile rate is estimable","214 censored rows; P_a 8339 -> 9851 edges, eps 18156 -> 22857 rows; per-route support conclusion agreement: {""L1"": ""agree"", ""L2"": ""agree"", ""L4"": ""agree""}","raw = identity-link additive fit (stats_c2.raw_bundle); eps routes on the y scale with a MAD-matched sigma.  Clause 4 is asymmetric: a raw-only positive is discarded (latent is primary) and does NOT fail the clause; a LATENT_ONLY_POSITIVE does.  Per route: {""L1"": ""agree"", ""L2"": ""raw_only_positive_discarded"", ""L4"": ""agree""}",,2.0,2.0,,,,9.66,"[20266002, 7]","{""n_eps"": 18156, ""n_eps_bg0"": 0, ""sigma_eps_used"": 0.40243, ""sigma_provenance"": ""sqrt(3)*sigma_y [internal_residual]"", ""spec_expected_routes"": [""L1"", ""L2"", ""L4""], ""structurally_unidentified"": false, ""tau_used"": 2.0}"
CR6261_FluAH1_logKd_3GBN,L3,False,0,,,,,,,,,,,,,,,,,-0.8747175313501542,,0.047362110311750596,0.041991601679664065,False,True,True,SUPPORTED,SUPPORTED,,ARM,F8,cross_measurement_eps_replication,no independent measurement of the same site pair exists for this assay (the KRAS RAF1 / RAF1-RBD twin is the only one in the benchmark),n_shared_substitution_pairs_twice_measured,0.0,1.0,,,,,,,,,,,,,,,,,,,,,,,,,,,,,,,,,,,,,,,,,,,,,,,,,,-0.8515981735159819,,{},"{""degree_hi"": [20.0, 21.0, 22.0, 22.0, 22.0], ""degree_lo"": [10.0, 20.0, 21.0, 22.0, 22.0], ""n"": [1668, 1668, 1668, 1668, 1667], ""n_bins"": 5, ""n_cliff"": [79, 29, 54, 31, 70], ""n_cliff_by_tau"": {""2.0"": 263, ""3.0"": 50, ""4.0"": 10}, ""n_cliff_by_tau_by_quintile"": {""2.0"": [79, 29, 54, 31, 70], ""3.0"": [25, 6, 4, 5, 10], ""4.0"": [7, 0, 1, 0, 2]}, ""rate"": [0.04736211, 0.01738609, 0.0323741, 0.01858513, 0.0419916], ""rate_N2_mean"": [0.07711631, 0.06660671, 0.06634892, 0.06521882, 0.0725135], ""rate_N2_p95"": [0.0911271, 0.07916667, 0.08096523, 0.07859712, 0.09118176], ""rate_by_tau"": {""2.0"": [0.04736211, 0.01738609, 0.0323741, 0.01858513, 0.0419916], ""3.0"": [0.01498801, 0.00359712, 0.00239808, 0.0029976, 0.0059988], ""4.0"": [0.00419664, 0.0, 0.00059952, 0.0, 0.00119976]}, ""tau"": 2.0, ""underpowered"": false}",-0.09999999999999999,False,False,"N2 (B=200) per-quintile rate at tau=2; tau is the largest of (4,3,2) with >= 100 cliffs (20 per bin) so a per-quintile rate is estimable","214 censored rows; P_a 8339 -> 9851 edges, eps 18156 -> 22857 rows; per-route support conclusion agreement: {""L1"": ""agree"", ""L2"": ""agree"", ""L4"": ""agree""}","raw = identity-link additive fit (stats_c2.raw_bundle); eps routes on the y scale with a MAD-matched sigma.  Clause 4 is asymmetric: a raw-only positive is discarded (latent is primary) and does NOT fail the clause; a LATENT_ONLY_POSITIVE does.  Per route: {""L1"": ""agree"", ""L2"": ""raw_only_positive_discarded"", ""L4"": ""agree""}",,2.0,2.0,,,,9.66,"[20266002, 7]","{""n_eps"": 18156, ""n_eps_bg0"": 0, ""sigma_eps_used"": 0.40243, ""sigma_provenance"": ""sqrt(3)*sigma_y [internal_residual]"", ""spec_expected_routes"": [""L1"", ""L2"", ""L4""], ""structurally_unidentified"": false, ""tau_used"": 2.0}"
CR6261_FluAH1_logKd_3GBN,L4,True,1887,,,,,,,,,0.051295135587404145,0.007630126370848204,0.19004959632913532,0.4430484812162376,0.0569089552238806,,,,-0.8747175313501542,,0.047362110311750596,0.041991601679664065,False,True,True,SUPPORTED,SUPPORTED,,ARM,F8,out_of_sample_pairwise_predictability,,mean_obs_per_Z_col,470.3454545454546,5.0,,,,,,,,,,,,,,,,,,,,,,,,,,,,,,,0.8436412431679574,0.8772612883572344,55,470.3454545454546,0.09185330985248095,0.022726231915780385,1,,,,,,,,,,,,,-0.8515981735159819,,{},"{""degree_hi"": [20.0, 21.0, 22.0, 22.0, 22.0], ""degree_lo"": [10.0, 20.0, 21.0, 22.0, 22.0], ""n"": [1668, 1668, 1668, 1668, 1667], ""n_bins"": 5, ""n_cliff"": [79, 29, 54, 31, 70], ""n_cliff_by_tau"": {""2.0"": 263, ""3.0"": 50, ""4.0"": 10}, ""n_cliff_by_tau_by_quintile"": {""2.0"": [79, 29, 54, 31, 70], ""3.0"": [25, 6, 4, 5, 10], ""4.0"": [7, 0, 1, 0, 2]}, ""rate"": [0.04736211, 0.01738609, 0.0323741, 0.01858513, 0.0419916], ""rate_N2_mean"": [0.07711631, 0.06660671, 0.06634892, 0.06521882, 0.0725135], ""rate_N2_p95"": [0.0911271, 0.07916667, 0.08096523, 0.07859712, 0.09118176], ""rate_by_tau"": {""2.0"": [0.04736211, 0.01738609, 0.0323741, 0.01858513, 0.0419916], ""3.0"": [0.01498801, 0.00359712, 0.00239808, 0.0029976, 0.0059988], ""4.0"": [0.00419664, 0.0, 0.00059952, 0.0, 0.00119976]}, ""tau"": 2.0, ""underpowered"": false}",-0.09999999999999999,False,False,"N2 (B=200) per-quintile rate at tau=2; tau is the largest of (4,3,2) with >= 100 cliffs (20 per bin) so a per-quintile rate is estimable","214 censored rows; P_a 8339 -> 9851 edges, eps 18156 -> 22857 rows; per-route support conclusion agreement: {""L1"": ""agree"", ""L2"": ""agree"", ""L4"": ""agree""}","raw = identity-link additive fit (stats_c2.raw_bundle); eps routes on the y scale with a MAD-matched sigma.  Clause 4 is asymmetric: a raw-only positive is discarded (latent is primary) and does NOT fail the clause; a LATENT_ONLY_POSITIVE does.  Per route: {""L1"": ""agree"", ""L2"": ""raw_only_positive_discarded"", ""L4"": ""agree""}",,2.0,2.0,,,,9.66,"[20266002, 7]","{""n_eps"": 18156, ""n_eps_bg0"": 0, ""sigma_eps_used"": 0.40243, ""sigma_provenance"": ""sqrt(3)*sigma_y [internal_residual]"", ""spec_expected_routes"": [""L1"", ""L2"", ""L4""], ""structurally_unidentified"": false, ""tau_used"": 2.0}"
CR6261_FluAH1_logKd_3GBN,L5,False,0,,,,,,,,,,,,,,,,,-0.8747175313501542,,0.047362110311750596,0.041991601679664065,False,True,True,SUPPORTED,SUPPORTED,,ARM,F8,eps_3D_localisation,"CR6261_FluAH1_logKd_3GBN has no row in T09: no usable PDB, so no site is structurally annotated",n_eps_with_both_sites_annotated,0.0,500.0,18156,,,,,,,,,,,,,,,,,,,,,,,,,,,,,,,,,,,,,,,,0,0,0.40242988078297565,sqrt(3)*sigma_y [internal_residual],,,,,,-0.8515981735159819,,{},"{""degree_hi"": [20.0, 21.0, 22.0, 22.0, 22.0], ""degree_lo"": [10.0, 20.0, 21.0, 22.0, 22.0], ""n"": [1668, 1668, 1668, 1668, 1667], ""n_bins"": 5, ""n_cliff"": [79, 29, 54, 31, 70], ""n_cliff_by_tau"": {""2.0"": 263, ""3.0"": 50, ""4.0"": 10}, ""n_cliff_by_tau_by_quintile"": {""2.0"": [79, 29, 54, 31, 70], ""3.0"": [25, 6, 4, 5, 10], ""4.0"": [7, 0, 1, 0, 2]}, ""rate"": [0.04736211, 0.01738609, 0.0323741, 0.01858513, 0.0419916], ""rate_N2_mean"": [0.07711631, 0.06660671, 0.06634892, 0.06521882, 0.0725135], ""rate_N2_p95"": [0.0911271, 0.07916667, 0.08096523, 0.07859712, 0.09118176], ""rate_by_tau"": {""2.0"": [0.04736211, 0.01738609, 0.0323741, 0.01858513, 0.0419916], ""3.0"": [0.01498801, 0.00359712, 0.00239808, 0.0029976, 0.0059988], ""4.0"": [0.00419664, 0.0, 0.00059952, 0.0, 0.00119976]}, ""tau"": 2.0, ""underpowered"": false}",-0.09999999999999999,False,False,"N2 (B=200) per-quintile rate at tau=2; tau is the largest of (4,3,2) with >= 100 cliffs (20 per bin) so a per-quintile rate is estimable","214 censored rows; P_a 8339 -> 9851 edges, eps 18156 -> 22857 rows; per-route support conclusion agreement: {""L1"": ""agree"", ""L2"": ""agree"", ""L4"": ""agree""}","raw = identity-link additive fit (stats_c2.raw_bundle); eps routes on the y scale with a MAD-matched sigma.  Clause 4 is asymmetric: a raw-only positive is discarded (latent is primary) and does NOT fail the clause; a LATENT_ONLY_POSITIVE does.  Per route: {""L1"": ""agree"", ""L2"": ""raw_only_positive_discarded"", ""L4"": ""agree""}","{""sigma_x0.5"": {""AUROC"": null, ""feasible"": false, ""n_cliff"": 0, ""n_noncliff"": 0, ""sigma"": 0.201215}, ""sigma_x1"": {""AUROC"": null, ""feasible"": false, ""n_cliff"": 0, ""n_noncliff"": 0, ""sigma"": 0.40243}, ""sigma_x2"": {""AUROC"": null, ""feasible"": false, ""n_cliff"": 0, ""n_noncliff"": 0, ""sigma"": 0.80486}}",2.0,2.0,,,,9.66,"[20266002, 7]","{""n_eps"": 18156, ""n_eps_bg0"": 0, ""sigma_eps_used"": 0.40243, ""sigma_provenance"": ""sqrt(3)*sigma_y [internal_residual]"", ""spec_expected_routes"": [""L1"", ""L2"", ""L4""], ""structurally_unidentified"": false, ""tau_used"": 2.0}"
CR9114_FluAH1_logKd_4FQI,L1,True,498561,1.1219947272613475,0.002794734787689238,0.3505385080498127,False,,,,,,,,,,,,,-0.19573220898699903,,0.005194909389949154,0.009497352374839538,False,True,True,SUPPORTED,SUPPORTED,,ARM,F8,sibling_corroboration,,n_edges_with_|S|>=3_in_P_a,498561.0,1000.0,517511,,,,1.156923092111837,401.46733500571014,0.0,1.0059977712411894,1.1715950384665077,0.30001766904083754,0.02058402534560047,0.26386588426499746,0.3413230729918472,0.004975124378109453,1.1923353157149117,1.130560518982305,0.00500124051367838,0.0015084414520728324,0.0017485413333036362,0.0033657838019390193,0.003248865327135757,False,,,,,,,,,,,,,,,,,,,,,,,,,,,,-0.20897724568536738,,{},"{""degree_hi"": [32.0, 32.0, 32.0, 32.0, 32.0], ""degree_lo"": [23.0, 32.0, 32.0, 32.0, 32.0], ""n"": [99713, 99712, 99712, 99712, 99712], ""n_bins"": 5, ""n_cliff"": [518, 430, 608, 1030, 947], ""n_cliff_by_tau"": {""2.0"": 42501, ""3.0"": 13110, ""4.0"": 3533}, ""n_cliff_by_tau_by_quintile"": {""2.0"": [6693, 7255, 8776, 10162, 9615], ""3.0"": [2041, 2057, 2599, 3357, 3056], ""4.0"": [518, 430, 608, 1030, 947]}, ""rate"": [0.00519491, 0.00431242, 0.00609756, 0.01032975, 0.00949735], ""rate_N2_mean"": [0.01735406, 0.01991556, 0.02243536, 0.0239578, 0.02472135], ""rate_N2_p95"": [0.01854322, 0.02118401, 0.02370928, 0.02533396, 0.02586499], ""rate_by_tau"": {""2.0"": [0.06712264, 0.07275955, 0.08801348, 0.10191351, 0.09642771], ""3.0"": [0.02046875, 0.02062941, 0.02606507, 0.03366696, 0.03064827], ""4.0"": [0.00519491, 0.00431242, 0.00609756, 0.01032975, 0.00949735]}, ""tau"": 4.0, ""underpowered"": false}",0.7999999999999999,False,False,"N2 (B=200) per-quintile rate at tau=4; tau is the largest of (4,3,2) with >= 100 cliffs (20 per bin) so a per-quintile rate is estimable","1675 censored rows; P_a 498561 -> 517528 edges, eps 1826390 -> 1918962 rows; per-route support conclusion agreement: {""L1"": ""agree"", ""L2"": ""agree"", ""L4"": ""agree""}","raw = identity-link additive fit (stats_c2.raw_bundle); eps routes on the y scale with a MAD-matched sigma.  Clause 4 is asymmetric: a raw-only positive is discarded (latent is primary) and does NOT fail the clause; a LATENT_ONLY_POSITIVE does.  Per route: {""L1"": ""agree"", ""L2"": ""agree"", ""L4"": ""agree""}",,4.0,4.0,0.004975124378109453,200,12,255.5,"[20266002, 8]","{""n_eps"": 1826390, ""n_eps_bg0"": 116, ""sigma_eps_used"": 0.449311, ""sigma_provenance"": ""sqrt(3)*sigma_y [internal_residual]"", ""spec_expected_routes"": [""L1"", ""L2"", ""L4""], ""structurally_unidentified"": false, ""tau_used"": 4.0}"
CR9114_FluAH1_logKd_4FQI,L2,True,1826390,,,,,0.06001622584813731,0.011554500904262032,0.10316783900184542,,,,,,,,,,-0.19573220898699903,,0.005194909389949154,0.009497352374839538,False,True,True,SUPPORTED,SUPPORTED,,ARM,F8,sitepair_ICC_across_backgrounds,,sub_pairs: n_groups(>=2 members)>=200 OR n_groups(>=200 members)>=2,120.0,200.0,1826390,120,120,15219.916666666666,,,,,,,,,,,,,,,,,,,-2.3760035453868156e-08,2.389511110882765e-05,0.004975124378109453,True,0.21149638496802942,0.05365659014354643,1000,label permutation (N2 cannot move an ICC of eps: N2 permutes e and never touches y),,,,,,,,,,,,,,,,,,,,-0.20897724568536738,,{},"{""degree_hi"": [32.0, 32.0, 32.0, 32.0, 32.0], ""degree_lo"": [23.0, 32.0, 32.0, 32.0, 32.0], ""n"": [99713, 99712, 99712, 99712, 99712], ""n_bins"": 5, ""n_cliff"": [518, 430, 608, 1030, 947], ""n_cliff_by_tau"": {""2.0"": 42501, ""3.0"": 13110, ""4.0"": 3533}, ""n_cliff_by_tau_by_quintile"": {""2.0"": [6693, 7255, 8776, 10162, 9615], ""3.0"": [2041, 2057, 2599, 3357, 3056], ""4.0"": [518, 430, 608, 1030, 947]}, ""rate"": [0.00519491, 0.00431242, 0.00609756, 0.01032975, 0.00949735], ""rate_N2_mean"": [0.01735406, 0.01991556, 0.02243536, 0.0239578, 0.02472135], ""rate_N2_p95"": [0.01854322, 0.02118401, 0.02370928, 0.02533396, 0.02586499], ""rate_by_tau"": {""2.0"": [0.06712264, 0.07275955, 0.08801348, 0.10191351, 0.09642771], ""3.0"": [0.02046875, 0.02062941, 0.02606507, 0.03366696, 0.03064827], ""4.0"": [0.00519491, 0.00431242, 0.00609756, 0.01032975, 0.00949735]}, ""tau"": 4.0, ""underpowered"": false}",0.7999999999999999,False,False,"N2 (B=200) per-quintile rate at tau=4; tau is the largest of (4,3,2) with >= 100 cliffs (20 per bin) so a per-quintile rate is estimable","1675 censored rows; P_a 498561 -> 517528 edges, eps 1826390 -> 1918962 rows; per-route support conclusion agreement: {""L1"": ""agree"", ""L2"": ""agree"", ""L4"": ""agree""}","raw = identity-link additive fit (stats_c2.raw_bundle); eps routes on the y scale with a MAD-matched sigma.  Clause 4 is asymmetric: a raw-only positive is discarded (latent is primary) and does NOT fail the clause; a LATENT_ONLY_POSITIVE does.  Per route: {""L1"": ""agree"", ""L2"": ""agree"", ""L4"": ""agree""}",,4.0,4.0,,,,255.5,"[20266002, 8]","{""n_eps"": 1826390, ""n_eps_bg0"": 116, ""sigma_eps_used"": 0.449311, ""sigma_provenance"": ""sqrt(3)*sigma_y [internal_residual]"", ""spec_expected_routes"": [""L1"", ""L2"", ""L4""], ""structurally_unidentified"": false, ""tau_used"": 4.0}"
CR9114_FluAH1_logKd_4FQI,L2',False,116,,,,,,,,,,,,,,,,,-0.19573220898699903,,0.005194909389949154,0.009497352374839538,False,True,True,SUPPORTED,SUPPORTED,,ARM,F8,sitepair_ICC_across_aa_combinations,"median 1 amino-acid combinations per site pair (gate >= 5) over 116 site pairs, 0 with >= 2 -- the design does not repeat a site pair with different amino acids",median_aa_combos_per_site_pair >= 5 AND n_site_pairs(>=2 combos) >= 20,1.0,5.0,116,116,0,1.0,,,,,,,,,,,,,,,,,,,,,,True,0.21149638496802942,0.05365659014354643,,label permutation (N2 cannot move an ICC of eps: N2 permutes e and never touches y),,,,,,,,,,,,,,,,,,,,-0.20897724568536738,,{},"{""degree_hi"": [32.0, 32.0, 32.0, 32.0, 32.0], ""degree_lo"": [23.0, 32.0, 32.0, 32.0, 32.0], ""n"": [99713, 99712, 99712, 99712, 99712], ""n_bins"": 5, ""n_cliff"": [518, 430, 608, 1030, 947], ""n_cliff_by_tau"": {""2.0"": 42501, ""3.0"": 13110, ""4.0"": 3533}, ""n_cliff_by_tau_by_quintile"": {""2.0"": [6693, 7255, 8776, 10162, 9615], ""3.0"": [2041, 2057, 2599, 3357, 3056], ""4.0"": [518, 430, 608, 1030, 947]}, ""rate"": [0.00519491, 0.00431242, 0.00609756, 0.01032975, 0.00949735], ""rate_N2_mean"": [0.01735406, 0.01991556, 0.02243536, 0.0239578, 0.02472135], ""rate_N2_p95"": [0.01854322, 0.02118401, 0.02370928, 0.02533396, 0.02586499], ""rate_by_tau"": {""2.0"": [0.06712264, 0.07275955, 0.08801348, 0.10191351, 0.09642771], ""3.0"": [0.02046875, 0.02062941, 0.02606507, 0.03366696, 0.03064827], ""4.0"": [0.00519491, 0.00431242, 0.00609756, 0.01032975, 0.00949735]}, ""tau"": 4.0, ""underpowered"": false}",0.7999999999999999,False,False,"N2 (B=200) per-quintile rate at tau=4; tau is the largest of (4,3,2) with >= 100 cliffs (20 per bin) so a per-quintile rate is estimable","1675 censored rows; P_a 498561 -> 517528 edges, eps 1826390 -> 1918962 rows; per-route support conclusion agreement: {""L1"": ""agree"", ""L2"": ""agree"", ""L4"": ""agree""}","raw = identity-link additive fit (stats_c2.raw_bundle); eps routes on the y scale with a MAD-matched sigma.  Clause 4 is asymmetric: a raw-only positive is discarded (latent is primary) and does NOT fail the clause; a LATENT_ONLY_POSITIVE does.  Per route: {""L1"": ""agree"", ""L2"": ""agree"", ""L4"": ""agree""}",,4.0,4.0,,,,255.5,"[20266002, 8]","{""n_eps"": 1826390, ""n_eps_bg0"": 116, ""sigma_eps_used"": 0.449311, ""sigma_provenance"": ""sqrt(3)*sigma_y [internal_residual]"", ""spec_expected_routes"": [""L1"", ""L2"", ""L4""], ""structurally_unidentified"": false, ""tau_used"": 4.0}"
CR9114_FluAH1_logKd_4FQI,L3,False,0,,,,,,,,,,,,,,,,,-0.19573220898699903,,0.005194909389949154,0.009497352374839538,False,True,True,SUPPORTED,SUPPORTED,,ARM,F8,cross_measurement_eps_replication,no independent measurement of the same site pair exists for this assay (the KRAS RAF1 / RAF1-RBD twin is the only one in the benchmark),n_shared_substitution_pairs_twice_measured,0.0,1.0,,,,,,,,,,,,,,,,,,,,,,,,,,,,,,,,,,,,,,,,,,,,,,,,,,-0.20897724568536738,,{},"{""degree_hi"": [32.0, 32.0, 32.0, 32.0, 32.0], ""degree_lo"": [23.0, 32.0, 32.0, 32.0, 32.0], ""n"": [99713, 99712, 99712, 99712, 99712], ""n_bins"": 5, ""n_cliff"": [518, 430, 608, 1030, 947], ""n_cliff_by_tau"": {""2.0"": 42501, ""3.0"": 13110, ""4.0"": 3533}, ""n_cliff_by_tau_by_quintile"": {""2.0"": [6693, 7255, 8776, 10162, 9615], ""3.0"": [2041, 2057, 2599, 3357, 3056], ""4.0"": [518, 430, 608, 1030, 947]}, ""rate"": [0.00519491, 0.00431242, 0.00609756, 0.01032975, 0.00949735], ""rate_N2_mean"": [0.01735406, 0.01991556, 0.02243536, 0.0239578, 0.02472135], ""rate_N2_p95"": [0.01854322, 0.02118401, 0.02370928, 0.02533396, 0.02586499], ""rate_by_tau"": {""2.0"": [0.06712264, 0.07275955, 0.08801348, 0.10191351, 0.09642771], ""3.0"": [0.02046875, 0.02062941, 0.02606507, 0.03366696, 0.03064827], ""4.0"": [0.00519491, 0.00431242, 0.00609756, 0.01032975, 0.00949735]}, ""tau"": 4.0, ""underpowered"": false}",0.7999999999999999,False,False,"N2 (B=200) per-quintile rate at tau=4; tau is the largest of (4,3,2) with >= 100 cliffs (20 per bin) so a per-quintile rate is estimable","1675 censored rows; P_a 498561 -> 517528 edges, eps 1826390 -> 1918962 rows; per-route support conclusion agreement: {""L1"": ""agree"", ""L2"": ""agree"", ""L4"": ""agree""}","raw = identity-link additive fit (stats_c2.raw_bundle); eps routes on the y scale with a MAD-matched sigma.  Clause 4 is asymmetric: a raw-only positive is discarded (latent is primary) and does NOT fail the clause; a LATENT_ONLY_POSITIVE does.  Per route: {""L1"": ""agree"", ""L2"": ""agree"", ""L4"": ""agree""}",,4.0,4.0,,,,255.5,"[20266002, 8]","{""n_eps"": 1826390, ""n_eps_bg0"": 116, ""sigma_eps_used"": 0.449311, ""sigma_provenance"": ""sqrt(3)*sigma_y [internal_residual]"", ""spec_expected_routes"": [""L1"", ""L2"", ""L4""], ""structurally_unidentified"": false, ""tau_used"": 4.0}"
CR9114_FluAH1_logKd_4FQI,L4,True,65094,,,,,,,,,0.38786171713182366,0.2997808340800843,0.42004463489146376,0.23239296414965108,1.8562401459854017,,,,-0.19573220898699903,,0.005194909389949154,0.009497352374839538,False,True,True,SUPPORTED,SUPPORTED,,ARM,F8,out_of_sample_pairwise_predictability,,mean_obs_per_Z_col,16305.658333333333,5.0,,,,,,,,,,,,,,,,,,,,,,,,,,,,,,,0.2769016007133115,0.6722903229707486,120,16305.658333333333,0.32588636356543943,0.090136334124438,1,,,,,,,,,,,,,-0.20897724568536738,,{},"{""degree_hi"": [32.0, 32.0, 32.0, 32.0, 32.0], ""degree_lo"": [23.0, 32.0, 32.0, 32.0, 32.0], ""n"": [99713, 99712, 99712, 99712, 99712], ""n_bins"": 5, ""n_cliff"": [518, 430, 608, 1030, 947], ""n_cliff_by_tau"": {""2.0"": 42501, ""3.0"": 13110, ""4.0"": 3533}, ""n_cliff_by_tau_by_quintile"": {""2.0"": [6693, 7255, 8776, 10162, 9615], ""3.0"": [2041, 2057, 2599, 3357, 3056], ""4.0"": [518, 430, 608, 1030, 947]}, ""rate"": [0.00519491, 0.00431242, 0.00609756, 0.01032975, 0.00949735], ""rate_N2_mean"": [0.01735406, 0.01991556, 0.02243536, 0.0239578, 0.02472135], ""rate_N2_p95"": [0.01854322, 0.02118401, 0.02370928, 0.02533396, 0.02586499], ""rate_by_tau"": {""2.0"": [0.06712264, 0.07275955, 0.08801348, 0.10191351, 0.09642771], ""3.0"": [0.02046875, 0.02062941, 0.02606507, 0.03366696, 0.03064827], ""4.0"": [0.00519491, 0.00431242, 0.00609756, 0.01032975, 0.00949735]}, ""tau"": 4.0, ""underpowered"": false}",0.7999999999999999,False,False,"N2 (B=200) per-quintile rate at tau=4; tau is the largest of (4,3,2) with >= 100 cliffs (20 per bin) so a per-quintile rate is estimable","1675 censored rows; P_a 498561 -> 517528 edges, eps 1826390 -> 1918962 rows; per-route support conclusion agreement: {""L1"": ""agree"", ""L2"": ""agree"", ""L4"": ""agree""}","raw = identity-link additive fit (stats_c2.raw_bundle); eps routes on the y scale with a MAD-matched sigma.  Clause 4 is asymmetric: a raw-only positive is discarded (latent is primary) and does NOT fail the clause; a LATENT_ONLY_POSITIVE does.  Per route: {""L1"": ""agree"", ""L2"": ""agree"", ""L4"": ""agree""}",,4.0,4.0,,,,255.5,"[20266002, 8]","{""n_eps"": 1826390, ""n_eps_bg0"": 116, ""sigma_eps_used"": 0.449311, ""sigma_provenance"": ""sqrt(3)*sigma_y [internal_residual]"", ""spec_expected_routes"": [""L1"", ""L2"", ""L4""], ""structurally_unidentified"": false, ""tau_used"": 4.0}"
CR9114_FluAH1_logKd_4FQI,L5,False,0,,,,,,,,,,,,,,,,,-0.19573220898699903,,0.005194909389949154,0.009497352374839538,False,True,True,SUPPORTED,SUPPORTED,,ARM,F8,eps_3D_localisation,"CR9114_FluAH1_logKd_4FQI has no row in T09: no usable PDB, so no site is structurally annotated",n_eps_with_both_sites_annotated,0.0,500.0,1826390,,,,,,,,,,,,,,,,,,,,,,,,,,,,,,,,,,,,,,,,0,0,0.44931129999144237,sqrt(3)*sigma_y [internal_residual],,,,,,-0.20897724568536738,,{},"{""degree_hi"": [32.0, 32.0, 32.0, 32.0, 32.0], ""degree_lo"": [23.0, 32.0, 32.0, 32.0, 32.0], ""n"": [99713, 99712, 99712, 99712, 99712], ""n_bins"": 5, ""n_cliff"": [518, 430, 608, 1030, 947], ""n_cliff_by_tau"": {""2.0"": 42501, ""3.0"": 13110, ""4.0"": 3533}, ""n_cliff_by_tau_by_quintile"": {""2.0"": [6693, 7255, 8776, 10162, 9615], ""3.0"": [2041, 2057, 2599, 3357, 3056], ""4.0"": [518, 430, 608, 1030, 947]}, ""rate"": [0.00519491, 0.00431242, 0.00609756, 0.01032975, 0.00949735], ""rate_N2_mean"": [0.01735406, 0.01991556, 0.02243536, 0.0239578, 0.02472135], ""rate_N2_p95"": [0.01854322, 0.02118401, 0.02370928, 0.02533396, 0.02586499], ""rate_by_tau"": {""2.0"": [0.06712264, 0.07275955, 0.08801348, 0.10191351, 0.09642771], ""3.0"": [0.02046875, 0.02062941, 0.02606507, 0.03366696, 0.03064827], ""4.0"": [0.00519491, 0.00431242, 0.00609756, 0.01032975, 0.00949735]}, ""tau"": 4.0, ""underpowered"": false}",0.7999999999999999,False,False,"N2 (B=200) per-quintile rate at tau=4; tau is the largest of (4,3,2) with >= 100 cliffs (20 per bin) so a per-quintile rate is estimable","1675 censored rows; P_a 498561 -> 517528 edges, eps 1826390 -> 1918962 rows; per-route support conclusion agreement: {""L1"": ""agree"", ""L2"": ""agree"", ""L4"": ""agree""}","raw = identity-link additive fit (stats_c2.raw_bundle); eps routes on the y scale with a MAD-matched sigma.  Clause 4 is asymmetric: a raw-only positive is discarded (latent is primary) and does NOT fail the clause; a LATENT_ONLY_POSITIVE does.  Per route: {""L1"": ""agree"", ""L2"": ""agree"", ""L4"": ""agree""}","{""sigma_x0.5"": {""AUROC"": null, ""feasible"": false, ""n_cliff"": 0, ""n_noncliff"": 0, ""sigma"": 0.224656}, ""sigma_x1"": {""AUROC"": null, ""feasible"": false, ""n_cliff"": 0, ""n_noncliff"": 0, ""sigma"": 0.449311}, ""sigma_x2"": {""AUROC"": null, ""feasible"": false, ""n_cliff"": 0, ""n_noncliff"": 0, ""sigma"": 0.898623}}",4.0,4.0,,,,255.5,"[20266002, 8]","{""n_eps"": 1826390, ""n_eps_bg0"": 116, ""sigma_eps_used"": 0.449311, ""sigma_provenance"": ""sqrt(3)*sigma_y [internal_residual]"", ""spec_expected_routes"": [""L1"", ""L2"", ""L4""], ""structurally_unidentified"": false, ""tau_used"": 4.0}"
CR9114_FluAH3_logKd_4FQY,L1,True,41641,1.1819481999480674,0.008405451577300696,0.20437051048205493,False,,,,,,,,,,,,,-0.12689906765148132,,0.004917246342048453,0.009115988964855463,False,True,True,SUPPORTED,SUPPORTED,,CONTROL,,sibling_corroboration,,n_edges_with_|S|>=3_in_P_a,41641.0,1000.0,54387,,,,1.170130379537943,140.61685907988243,0.0,1.0836687469066841,1.2251056699165366,0.07462082075908642,0.05648534090776118,-0.040469229238203064,0.17406858465285066,0.004975124378109453,1.1500293370048738,1.4737971824552507,0.014027509374462885,0.000409869835061217,0.000881720478362887,0.006882933514879859,0.008302936418478032,False,,,,,,,,,,,,,,,,,,,,,,,,,,,,-0.18409301363524752,,{},"{""degree_hi"": [32.0, 32.0, 32.0, 32.0, 32.0], ""degree_lo"": [31.0, 32.0, 32.0, 32.0, 32.0], ""n"": [8338, 8338, 8338, 8337, 8337], ""n_bins"": 5, ""n_cliff"": [41, 5, 20, 13, 76], ""n_cliff_by_tau"": {""2.0"": 1361, ""3.0"": 451, ""4.0"": 155}, ""n_cliff_by_tau_by_quintile"": {""2.0"": [363, 291, 239, 99, 369], ""3.0"": [128, 40, 59, 46, 178], ""4.0"": [41, 5, 20, 13, 76]}, ""rate"": [0.00491725, 0.00059966, 0.00239866, 0.00155931, 0.00911599], ""rate_N2_mean"": [0.01308467, 0.0119567, 0.01211681, 0.01616169, 0.0093193], ""rate_N2_p95"": [0.01656272, 0.0157172, 0.01547733, 0.02051697, 0.01248651], ""rate_by_tau"": {""2.0"": [0.04353562, 0.03490046, 0.02866395, 0.01187478, 0.04426053], ""3.0"": [0.0153514, 0.00479731, 0.00707604, 0.00551757, 0.02135061], ""4.0"": [0.00491725, 0.00059966, 0.00239866, 0.00155931, 0.00911599]}, ""tau"": 4.0, ""underpowered"": false}",0.3,False,False,"N2 (B=200) per-quintile rate at tau=4; tau is the largest of (4,3,2) with >= 100 cliffs (20 per bin) so a per-quintile rate is estimable","58361 censored rows; P_a 41688 -> 524256 edges, eps 109262 -> 1965960 rows; per-route support conclusion agreement: {""L1"": ""agree"", ""L2"": ""agree"", ""L4"": ""agree""}","raw = identity-link additive fit (stats_c2.raw_bundle); eps routes on the y scale with a MAD-matched sigma.  Clause 4 is asymmetric: a raw-only positive is discarded (latent is primary) and does NOT fail the clause; a LATENT_ONLY_POSITIVE does.  Per route: {""L1"": ""agree"", ""L2"": ""agree"", ""L4"": ""agree""}",,4.0,4.0,0.004975124378109453,200,12,181.43,"[20266002, 9]","{""n_eps"": 109262, ""n_eps_bg0"": 0, ""sigma_eps_used"": 0.503847, ""sigma_provenance"": ""sqrt(3)*sigma_y [internal_residual]"", ""spec_expected_routes"": [], ""structurally_unidentified"": false, ""tau_used"": 4.0}"
CR9114_FluAH3_logKd_4FQY,L2,True,109262,,,,,0.12875268575427942,0.06528546753544044,0.17731653499517397,,,,,,,,,,-0.12689906765148132,,0.004917246342048453,0.009115988964855463,False,True,True,SUPPORTED,SUPPORTED,,CONTROL,,sitepair_ICC_across_backgrounds,,sub_pairs: n_groups(>=2 members)>=200 OR n_groups(>=200 members)>=2,102.0,200.0,109262,104,102,1050.5961538461538,,,,,,,,,,,,,,,,,,,-1.0854054679865182e-05,0.00034299843159645325,0.004975124378109453,True,0.1618554795872188,0.007250944830442264,1000,label permutation (N2 cannot move an ICC of eps: N2 permutes e and never touches y),,,,,,,,,,,,,,,,,,,,-0.18409301363524752,,{},"{""degree_hi"": [32.0, 32.0, 32.0, 32.0, 32.0], ""degree_lo"": [31.0, 32.0, 32.0, 32.0, 32.0], ""n"": [8338, 8338, 8338, 8337, 8337], ""n_bins"": 5, ""n_cliff"": [41, 5, 20, 13, 76], ""n_cliff_by_tau"": {""2.0"": 1361, ""3.0"": 451, ""4.0"": 155}, ""n_cliff_by_tau_by_quintile"": {""2.0"": [363, 291, 239, 99, 369], ""3.0"": [128, 40, 59, 46, 178], ""4.0"": [41, 5, 20, 13, 76]}, ""rate"": [0.00491725, 0.00059966, 0.00239866, 0.00155931, 0.00911599], ""rate_N2_mean"": [0.01308467, 0.0119567, 0.01211681, 0.01616169, 0.0093193], ""rate_N2_p95"": [0.01656272, 0.0157172, 0.01547733, 0.02051697, 0.01248651], ""rate_by_tau"": {""2.0"": [0.04353562, 0.03490046, 0.02866395, 0.01187478, 0.04426053], ""3.0"": [0.0153514, 0.00479731, 0.00707604, 0.00551757, 0.02135061], ""4.0"": [0.00491725, 0.00059966, 0.00239866, 0.00155931, 0.00911599]}, ""tau"": 4.0, ""underpowered"": false}",0.3,False,False,"N2 (B=200) per-quintile rate at tau=4; tau is the largest of (4,3,2) with >= 100 cliffs (20 per bin) so a per-quintile rate is estimable","58361 censored rows; P_a 41688 -> 524256 edges, eps 109262 -> 1965960 rows; per-route support conclusion agreement: {""L1"": ""agree"", ""L2"": ""agree"", ""L4"": ""agree""}","raw = identity-link additive fit (stats_c2.raw_bundle); eps routes on the y scale with a MAD-matched sigma.  Clause 4 is asymmetric: a raw-only positive is discarded (latent is primary) and does NOT fail the clause; a LATENT_ONLY_POSITIVE does.  Per route: {""L1"": ""agree"", ""L2"": ""agree"", ""L4"": ""agree""}",,4.0,4.0,,,,181.43,"[20266002, 9]","{""n_eps"": 109262, ""n_eps_bg0"": 0, ""sigma_eps_used"": 0.503847, ""sigma_provenance"": ""sqrt(3)*sigma_y [internal_residual]"", ""spec_expected_routes"": [], ""structurally_unidentified"": false, ""tau_used"": 4.0}"
CR9114_FluAH3_logKd_4FQY,L2',False,0,,,,,,,,,,,,,,,,,-0.12689906765148132,,0.004917246342048453,0.009115988964855463,False,True,True,SUPPORTED,SUPPORTED,,CONTROL,,sitepair_ICC_across_aa_combinations,no double whose two singles are both observed and uncensored (bg_order 0 is empty),median_aa_combos_per_site_pair,,5.0,,,,,,,,,,,,,,,,,,,,,,,,,,True,0.1618554795872188,0.007250944830442264,,label permutation (N2 cannot move an ICC of eps: N2 permutes e and never touches y),,,,,,,,,,,,,,,,,,,,-0.18409301363524752,,{},"{""degree_hi"": [32.0, 32.0, 32.0, 32.0, 32.0], ""degree_lo"": [31.0, 32.0, 32.0, 32.0, 32.0], ""n"": [8338, 8338, 8338, 8337, 8337], ""n_bins"": 5, ""n_cliff"": [41, 5, 20, 13, 76], ""n_cliff_by_tau"": {""2.0"": 1361, ""3.0"": 451, ""4.0"": 155}, ""n_cliff_by_tau_by_quintile"": {""2.0"": [363, 291, 239, 99, 369], ""3.0"": [128, 40, 59, 46, 178], ""4.0"": [41, 5, 20, 13, 76]}, ""rate"": [0.00491725, 0.00059966, 0.00239866, 0.00155931, 0.00911599], ""rate_N2_mean"": [0.01308467, 0.0119567, 0.01211681, 0.01616169, 0.0093193], ""rate_N2_p95"": [0.01656272, 0.0157172, 0.01547733, 0.02051697, 0.01248651], ""rate_by_tau"": {""2.0"": [0.04353562, 0.03490046, 0.02866395, 0.01187478, 0.04426053], ""3.0"": [0.0153514, 0.00479731, 0.00707604, 0.00551757, 0.02135061], ""4.0"": [0.00491725, 0.00059966, 0.00239866, 0.00155931, 0.00911599]}, ""tau"": 4.0, ""underpowered"": false}",0.3,False,False,"N2 (B=200) per-quintile rate at tau=4; tau is the largest of (4,3,2) with >= 100 cliffs (20 per bin) so a per-quintile rate is estimable","58361 censored rows; P_a 41688 -> 524256 edges, eps 109262 -> 1965960 rows; per-route support conclusion agreement: {""L1"": ""agree"", ""L2"": ""agree"", ""L4"": ""agree""}","raw = identity-link additive fit (stats_c2.raw_bundle); eps routes on the y scale with a MAD-matched sigma.  Clause 4 is asymmetric: a raw-only positive is discarded (latent is primary) and does NOT fail the clause; a LATENT_ONLY_POSITIVE does.  Per route: {""L1"": ""agree"", ""L2"": ""agree"", ""L4"": ""agree""}",,4.0,4.0,,,,181.43,"[20266002, 9]","{""n_eps"": 109262, ""n_eps_bg0"": 0, ""sigma_eps_used"": 0.503847, ""sigma_provenance"": ""sqrt(3)*sigma_y [internal_residual]"", ""spec_expected_routes"": [], ""structurally_unidentified"": false, ""tau_used"": 4.0}"
CR9114_FluAH3_logKd_4FQY,L3,False,0,,,,,,,,,,,,,,,,,-0.12689906765148132,,0.004917246342048453,0.009115988964855463,False,True,True,SUPPORTED,SUPPORTED,,CONTROL,,cross_measurement_eps_replication,no independent measurement of the same site pair exists for this assay (the KRAS RAF1 / RAF1-RBD twin is the only one in the benchmark),n_shared_substitution_pairs_twice_measured,0.0,1.0,,,,,,,,,,,,,,,,,,,,,,,,,,,,,,,,,,,,,,,,,,,,,,,,,,-0.18409301363524752,,{},"{""degree_hi"": [32.0, 32.0, 32.0, 32.0, 32.0], ""degree_lo"": [31.0, 32.0, 32.0, 32.0, 32.0], ""n"": [8338, 8338, 8338, 8337, 8337], ""n_bins"": 5, ""n_cliff"": [41, 5, 20, 13, 76], ""n_cliff_by_tau"": {""2.0"": 1361, ""3.0"": 451, ""4.0"": 155}, ""n_cliff_by_tau_by_quintile"": {""2.0"": [363, 291, 239, 99, 369], ""3.0"": [128, 40, 59, 46, 178], ""4.0"": [41, 5, 20, 13, 76]}, ""rate"": [0.00491725, 0.00059966, 0.00239866, 0.00155931, 0.00911599], ""rate_N2_mean"": [0.01308467, 0.0119567, 0.01211681, 0.01616169, 0.0093193], ""rate_N2_p95"": [0.01656272, 0.0157172, 0.01547733, 0.02051697, 0.01248651], ""rate_by_tau"": {""2.0"": [0.04353562, 0.03490046, 0.02866395, 0.01187478, 0.04426053], ""3.0"": [0.0153514, 0.00479731, 0.00707604, 0.00551757, 0.02135061], ""4.0"": [0.00491725, 0.00059966, 0.00239866, 0.00155931, 0.00911599]}, ""tau"": 4.0, ""underpowered"": false}",0.3,False,False,"N2 (B=200) per-quintile rate at tau=4; tau is the largest of (4,3,2) with >= 100 cliffs (20 per bin) so a per-quintile rate is estimable","58361 censored rows; P_a 41688 -> 524256 edges, eps 109262 -> 1965960 rows; per-route support conclusion agreement: {""L1"": ""agree"", ""L2"": ""agree"", ""L4"": ""agree""}","raw = identity-link additive fit (stats_c2.raw_bundle); eps routes on the y scale with a MAD-matched sigma.  Clause 4 is asymmetric: a raw-only positive is discarded (latent is primary) and does NOT fail the clause; a LATENT_ONLY_POSITIVE does.  Per route: {""L1"": ""agree"", ""L2"": ""agree"", ""L4"": ""agree""}",,4.0,4.0,,,,181.43,"[20266002, 9]","{""n_eps"": 109262, ""n_eps_bg0"": 0, ""sigma_eps_used"": 0.503847, ""sigma_provenance"": ""sqrt(3)*sigma_y [internal_residual]"", ""spec_expected_routes"": [], ""structurally_unidentified"": false, ""tau_used"": 4.0}"
CR9114_FluAH3_logKd_4FQY,L4,True,65535,,,,,,,,,0.5572983465307008,0.5008273500529257,0.569259522479894,0.29120508642523857,1.8655562043795622,,,,-0.12689906765148132,,0.004917246342048453,0.009115988964855463,False,True,True,SUPPORTED,SUPPORTED,,CONTROL,,out_of_sample_pairwise_predictability,,mean_obs_per_Z_col,16383.35,5.0,,,,,,,,,,,,,,,,,,,,,,,,,,,,,,,0.36754955954931756,0.8628474922835498,120,16383.35,0.38836288439077093,0.16228811316611527,1,,,,,,,,,,,,,-0.18409301363524752,,{},"{""degree_hi"": [32.0, 32.0, 32.0, 32.0, 32.0], ""degree_lo"": [31.0, 32.0, 32.0, 32.0, 32.0], ""n"": [8338, 8338, 8338, 8337, 8337], ""n_bins"": 5, ""n_cliff"": [41, 5, 20, 13, 76], ""n_cliff_by_tau"": {""2.0"": 1361, ""3.0"": 451, ""4.0"": 155}, ""n_cliff_by_tau_by_quintile"": {""2.0"": [363, 291, 239, 99, 369], ""3.0"": [128, 40, 59, 46, 178], ""4.0"": [41, 5, 20, 13, 76]}, ""rate"": [0.00491725, 0.00059966, 0.00239866, 0.00155931, 0.00911599], ""rate_N2_mean"": [0.01308467, 0.0119567, 0.01211681, 0.01616169, 0.0093193], ""rate_N2_p95"": [0.01656272, 0.0157172, 0.01547733, 0.02051697, 0.01248651], ""rate_by_tau"": {""2.0"": [0.04353562, 0.03490046, 0.02866395, 0.01187478, 0.04426053], ""3.0"": [0.0153514, 0.00479731, 0.00707604, 0.00551757, 0.02135061], ""4.0"": [0.00491725, 0.00059966, 0.00239866, 0.00155931, 0.00911599]}, ""tau"": 4.0, ""underpowered"": false}",0.3,False,False,"N2 (B=200) per-quintile rate at tau=4; tau is the largest of (4,3,2) with >= 100 cliffs (20 per bin) so a per-quintile rate is estimable","58361 censored rows; P_a 41688 -> 524256 edges, eps 109262 -> 1965960 rows; per-route support conclusion agreement: {""L1"": ""agree"", ""L2"": ""agree"", ""L4"": ""agree""}","raw = identity-link additive fit (stats_c2.raw_bundle); eps routes on the y scale with a MAD-matched sigma.  Clause 4 is asymmetric: a raw-only positive is discarded (latent is primary) and does NOT fail the clause; a LATENT_ONLY_POSITIVE does.  Per route: {""L1"": ""agree"", ""L2"": ""agree"", ""L4"": ""agree""}",,4.0,4.0,,,,181.43,"[20266002, 9]","{""n_eps"": 109262, ""n_eps_bg0"": 0, ""sigma_eps_used"": 0.503847, ""sigma_provenance"": ""sqrt(3)*sigma_y [internal_residual]"", ""spec_expected_routes"": [], ""structurally_unidentified"": false, ""tau_used"": 4.0}"
CR9114_FluAH3_logKd_4FQY,L5,False,0,,,,,,,,,,,,,,,,,-0.12689906765148132,,0.004917246342048453,0.009115988964855463,False,True,True,SUPPORTED,SUPPORTED,,CONTROL,,eps_3D_localisation,"CR9114_FluAH3_logKd_4FQY has no row in T09: no usable PDB, so no site is structurally annotated",n_eps_with_both_sites_annotated,0.0,500.0,109262,,,,,,,,,,,,,,,,,,,,,,,,,,,,,,,,,,,,,,,,0,0,0.503846651718556,sqrt(3)*sigma_y [internal_residual],,,,,,-0.18409301363524752,,{},"{""degree_hi"": [32.0, 32.0, 32.0, 32.0, 32.0], ""degree_lo"": [31.0, 32.0, 32.0, 32.0, 32.0], ""n"": [8338, 8338, 8338, 8337, 8337], ""n_bins"": 5, ""n_cliff"": [41, 5, 20, 13, 76], ""n_cliff_by_tau"": {""2.0"": 1361, ""3.0"": 451, ""4.0"": 155}, ""n_cliff_by_tau_by_quintile"": {""2.0"": [363, 291, 239, 99, 369], ""3.0"": [128, 40, 59, 46, 178], ""4.0"": [41, 5, 20, 13, 76]}, ""rate"": [0.00491725, 0.00059966, 0.00239866, 0.00155931, 0.00911599], ""rate_N2_mean"": [0.01308467, 0.0119567, 0.01211681, 0.01616169, 0.0093193], ""rate_N2_p95"": [0.01656272, 0.0157172, 0.01547733, 0.02051697, 0.01248651], ""rate_by_tau"": {""2.0"": [0.04353562, 0.03490046, 0.02866395, 0.01187478, 0.04426053], ""3.0"": [0.0153514, 0.00479731, 0.00707604, 0.00551757, 0.02135061], ""4.0"": [0.00491725, 0.00059966, 0.00239866, 0.00155931, 0.00911599]}, ""tau"": 4.0, ""underpowered"": false}",0.3,False,False,"N2 (B=200) per-quintile rate at tau=4; tau is the largest of (4,3,2) with >= 100 cliffs (20 per bin) so a per-quintile rate is estimable","58361 censored rows; P_a 41688 -> 524256 edges, eps 109262 -> 1965960 rows; per-route support conclusion agreement: {""L1"": ""agree"", ""L2"": ""agree"", ""L4"": ""agree""}","raw = identity-link additive fit (stats_c2.raw_bundle); eps routes on the y scale with a MAD-matched sigma.  Clause 4 is asymmetric: a raw-only positive is discarded (latent is primary) and does NOT fail the clause; a LATENT_ONLY_POSITIVE does.  Per route: {""L1"": ""agree"", ""L2"": ""agree"", ""L4"": ""agree""}","{""sigma_x0.5"": {""AUROC"": null, ""feasible"": false, ""n_cliff"": 0, ""n_noncliff"": 0, ""sigma"": 0.251923}, ""sigma_x1"": {""AUROC"": null, ""feasible"": false, ""n_cliff"": 0, ""n_noncliff"": 0, ""sigma"": 0.503847}, ""sigma_x2"": {""AUROC"": null, ""feasible"": false, ""n_cliff"": 0, ""n_noncliff"": 0, ""sigma"": 1.007693}}",4.0,4.0,,,,181.43,"[20266002, 9]","{""n_eps"": 109262, ""n_eps_bg0"": 0, ""sigma_eps_used"": 0.503847, ""sigma_provenance"": ""sqrt(3)*sigma_y [internal_residual]"", ""spec_expected_routes"": [], ""structurally_unidentified"": false, ""tau_used"": 4.0}"
Z-domain_ZSPA-1_LL1_fitness_1LP1,L1,True,31812,0.7321848986326496,0.007976162372538485,0.0964455934901012,False,,,,,,,,,,,,,0.39999999999999997,0.487412,0.0002970444081390168,0.0034905310063126625,False,True,True,SUPPORTED,SUPPORTED,,CONTROL,,sibling_corroboration,,n_edges_with_|S|>=3_in_P_a,31812.0,1000.0,31812,,,,0.6108088333310951,91.79663908968608,0.0,0.5574957165587315,0.8237008305281099,0.02627355036827828,0.02605872843939471,-0.023098840614699637,0.07795728905749419,0.004975124378109453,0.9698534113378634,0.7321848986326496,0.07423083926086807,0.0019059219642659575,0.0029109663944237242,0.006462455902553161,0.00576088226831983,False,,,,,,,,,,,,,,,,,,,,,,,,,,,,-0.4666666666666666,cb_dist,"{""cb_dist"": 0.487412, ""dsasa"": 0.016667, ""min_heavy_dist"": 0.48536}","{""degree_hi"": [8.0, 11.0, 14.0, 18.0, 51.0], ""degree_lo"": [2.0, 8.0, 11.0, 14.0, 18.0], ""n"": [13466, 13466, 13466, 13466, 13465], ""n_bins"": 5, ""n_cliff"": [4, 22, 40, 30, 47], ""n_cliff_by_tau"": {""2.0"": 3715, ""3.0"": 756, ""4.0"": 143}, ""n_cliff_by_tau_by_quintile"": {""2.0"": [877, 705, 645, 710, 778], ""3.0"": [129, 138, 165, 174, 150], ""4.0"": [4, 22, 40, 30, 47]}, ""rate"": [0.00029704, 0.00163374, 0.00297044, 0.00222783, 0.00349053], ""rate_N2_mean"": [0.00181494, 0.00252302, 0.00329385, 0.00297341, 0.00279057], ""rate_N2_p95"": [0.00245062, 0.00319323, 0.00423288, 0.00386158, 0.00401411], ""rate_by_tau"": {""2.0"": [0.06512699, 0.05235408, 0.04789841, 0.05272538, 0.05777943], ""3.0"": [0.00957968, 0.01024803, 0.01225308, 0.01292143, 0.01113999], ""4.0"": [0.00029704, 0.00163374, 0.00297044, 0.00222783, 0.00349053]}, ""tau"": 4.0, ""underpowered"": false}",0.8999999999999998,False,False,"N2 (B=200) per-quintile rate at tau=4; tau is the largest of (4,3,2) with >= 100 cliffs (20 per bin) so a per-quintile rate is estimable","0 censored rows: the masked and unmasked P_a are the same 67329 edges, so the clause holds by construction","raw = identity-link additive fit (stats_c2.raw_bundle); eps routes on the y scale with a MAD-matched sigma.  Clause 4 is asymmetric: a raw-only positive is discarded (latent is primary) and does NOT fail the clause; a LATENT_ONLY_POSITIVE does.  Per route: {""L1"": ""agree"", ""L2"": ""raw_only_positive_discarded"", ""L4"": ""agree"", ""L5"": ""agree""}",,4.0,4.0,0.004975124378109453,200,12,154.26,"[20266002, 23]","{""n_eps"": 48769, ""n_eps_bg0"": 0, ""sigma_eps_used"": 0.197009, ""sigma_provenance"": ""sqrt(3)*sigma_y [internal_residual]"", ""spec_expected_routes"": [], ""structurally_unidentified"": false, ""tau_used"": 4.0}"
Z-domain_ZSPA-1_LL1_fitness_1LP1,L2,True,48769,,,,,0.02453642093828095,0.010222305255940303,0.06703592819307715,,,,,,,,,,0.39999999999999997,0.487412,0.0002970444081390168,0.0034905310063126625,False,True,True,SUPPORTED,SUPPORTED,,CONTROL,,sitepair_ICC_across_backgrounds,,sub_pairs: n_groups(>=2 members)>=200 OR n_groups(>=200 members)>=2,669.0,200.0,48769,850,669,57.37529411764706,,,,,,,,,,,,,,,,,,,4.879291876942454e-05,0.00254898536260886,0.004975124378109453,True,0.3464551074899339,0.02453642093828095,1000,label permutation (N2 cannot move an ICC of eps: N2 permutes e and never touches y),,,,,,,,,,,,,,,,,,,,-0.4666666666666666,cb_dist,"{""cb_dist"": 0.487412, ""dsasa"": 0.016667, ""min_heavy_dist"": 0.48536}","{""degree_hi"": [8.0, 11.0, 14.0, 18.0, 51.0], ""degree_lo"": [2.0, 8.0, 11.0, 14.0, 18.0], ""n"": [13466, 13466, 13466, 13466, 13465], ""n_bins"": 5, ""n_cliff"": [4, 22, 40, 30, 47], ""n_cliff_by_tau"": {""2.0"": 3715, ""3.0"": 756, ""4.0"": 143}, ""n_cliff_by_tau_by_quintile"": {""2.0"": [877, 705, 645, 710, 778], ""3.0"": [129, 138, 165, 174, 150], ""4.0"": [4, 22, 40, 30, 47]}, ""rate"": [0.00029704, 0.00163374, 0.00297044, 0.00222783, 0.00349053], ""rate_N2_mean"": [0.00181494, 0.00252302, 0.00329385, 0.00297341, 0.00279057], ""rate_N2_p95"": [0.00245062, 0.00319323, 0.00423288, 0.00386158, 0.00401411], ""rate_by_tau"": {""2.0"": [0.06512699, 0.05235408, 0.04789841, 0.05272538, 0.05777943], ""3.0"": [0.00957968, 0.01024803, 0.01225308, 0.01292143, 0.01113999], ""4.0"": [0.00029704, 0.00163374, 0.00297044, 0.00222783, 0.00349053]}, ""tau"": 4.0, ""underpowered"": false}",0.8999999999999998,False,False,"N2 (B=200) per-quintile rate at tau=4; tau is the largest of (4,3,2) with >= 100 cliffs (20 per bin) so a per-quintile rate is estimable","0 censored rows: the masked and unmasked P_a are the same 67329 edges, so the clause holds by construction","raw = identity-link additive fit (stats_c2.raw_bundle); eps routes on the y scale with a MAD-matched sigma.  Clause 4 is asymmetric: a raw-only positive is discarded (latent is primary) and does NOT fail the clause; a LATENT_ONLY_POSITIVE does.  Per route: {""L1"": ""agree"", ""L2"": ""raw_only_positive_discarded"", ""L4"": ""agree"", ""L5"": ""agree""}",,4.0,4.0,,,,154.26,"[20266002, 23]","{""n_eps"": 48769, ""n_eps_bg0"": 0, ""sigma_eps_used"": 0.197009, ""sigma_provenance"": ""sqrt(3)*sigma_y [internal_residual]"", ""spec_expected_routes"": [], ""structurally_unidentified"": false, ""tau_used"": 4.0}"
Z-domain_ZSPA-1_LL1_fitness_1LP1,L2',False,0,,,,,,,,,,,,,,,,,0.39999999999999997,0.487412,0.0002970444081390168,0.0034905310063126625,False,True,True,SUPPORTED,SUPPORTED,,CONTROL,,sitepair_ICC_across_aa_combinations,no double whose two singles are both observed and uncensored (bg_order 0 is empty),median_aa_combos_per_site_pair,,5.0,,,,,,,,,,,,,,,,,,,,,,,,,,True,0.3464551074899339,0.02453642093828095,,label permutation (N2 cannot move an ICC of eps: N2 permutes e and never touches y),,,,,,,,,,,,,,,,,,,,-0.4666666666666666,cb_dist,"{""cb_dist"": 0.487412, ""dsasa"": 0.016667, ""min_heavy_dist"": 0.48536}","{""degree_hi"": [8.0, 11.0, 14.0, 18.0, 51.0], ""degree_lo"": [2.0, 8.0, 11.0, 14.0, 18.0], ""n"": [13466, 13466, 13466, 13466, 13465], ""n_bins"": 5, ""n_cliff"": [4, 22, 40, 30, 47], ""n_cliff_by_tau"": {""2.0"": 3715, ""3.0"": 756, ""4.0"": 143}, ""n_cliff_by_tau_by_quintile"": {""2.0"": [877, 705, 645, 710, 778], ""3.0"": [129, 138, 165, 174, 150], ""4.0"": [4, 22, 40, 30, 47]}, ""rate"": [0.00029704, 0.00163374, 0.00297044, 0.00222783, 0.00349053], ""rate_N2_mean"": [0.00181494, 0.00252302, 0.00329385, 0.00297341, 0.00279057], ""rate_N2_p95"": [0.00245062, 0.00319323, 0.00423288, 0.00386158, 0.00401411], ""rate_by_tau"": {""2.0"": [0.06512699, 0.05235408, 0.04789841, 0.05272538, 0.05777943], ""3.0"": [0.00957968, 0.01024803, 0.01225308, 0.01292143, 0.01113999], ""4.0"": [0.00029704, 0.00163374, 0.00297044, 0.00222783, 0.00349053]}, ""tau"": 4.0, ""underpowered"": false}",0.8999999999999998,False,False,"N2 (B=200) per-quintile rate at tau=4; tau is the largest of (4,3,2) with >= 100 cliffs (20 per bin) so a per-quintile rate is estimable","0 censored rows: the masked and unmasked P_a are the same 67329 edges, so the clause holds by construction","raw = identity-link additive fit (stats_c2.raw_bundle); eps routes on the y scale with a MAD-matched sigma.  Clause 4 is asymmetric: a raw-only positive is discarded (latent is primary) and does NOT fail the clause; a LATENT_ONLY_POSITIVE does.  Per route: {""L1"": ""agree"", ""L2"": ""raw_only_positive_discarded"", ""L4"": ""agree"", ""L5"": ""agree""}",,4.0,4.0,,,,154.26,"[20266002, 23]","{""n_eps"": 48769, ""n_eps_bg0"": 0, ""sigma_eps_used"": 0.197009, ""sigma_provenance"": ""sqrt(3)*sigma_y [internal_residual]"", ""spec_expected_routes"": [], ""structurally_unidentified"": false, ""tau_used"": 4.0}"
Z-domain_ZSPA-1_LL1_fitness_1LP1,L3,False,0,,,,,,,,,,,,,,,,,0.39999999999999997,0.487412,0.0002970444081390168,0.0034905310063126625,False,True,True,SUPPORTED,SUPPORTED,,CONTROL,,cross_measurement_eps_replication,no independent measurement of the same site pair exists for this assay (the KRAS RAF1 / RAF1-RBD twin is the only one in the benchmark),n_shared_substitution_pairs_twice_measured,0.0,1.0,,,,,,,,,,,,,,,,,,,,,,,,,,,,,,,,,,,,,,,,,,,,,,,,,,-0.4666666666666666,cb_dist,"{""cb_dist"": 0.487412, ""dsasa"": 0.016667, ""min_heavy_dist"": 0.48536}","{""degree_hi"": [8.0, 11.0, 14.0, 18.0, 51.0], ""degree_lo"": [2.0, 8.0, 11.0, 14.0, 18.0], ""n"": [13466, 13466, 13466, 13466, 13465], ""n_bins"": 5, ""n_cliff"": [4, 22, 40, 30, 47], ""n_cliff_by_tau"": {""2.0"": 3715, ""3.0"": 756, ""4.0"": 143}, ""n_cliff_by_tau_by_quintile"": {""2.0"": [877, 705, 645, 710, 778], ""3.0"": [129, 138, 165, 174, 150], ""4.0"": [4, 22, 40, 30, 47]}, ""rate"": [0.00029704, 0.00163374, 0.00297044, 0.00222783, 0.00349053], ""rate_N2_mean"": [0.00181494, 0.00252302, 0.00329385, 0.00297341, 0.00279057], ""rate_N2_p95"": [0.00245062, 0.00319323, 0.00423288, 0.00386158, 0.00401411], ""rate_by_tau"": {""2.0"": [0.06512699, 0.05235408, 0.04789841, 0.05272538, 0.05777943], ""3.0"": [0.00957968, 0.01024803, 0.01225308, 0.01292143, 0.01113999], ""4.0"": [0.00029704, 0.00163374, 0.00297044, 0.00222783, 0.00349053]}, ""tau"": 4.0, ""underpowered"": false}",0.8999999999999998,False,False,"N2 (B=200) per-quintile rate at tau=4; tau is the largest of (4,3,2) with >= 100 cliffs (20 per bin) so a per-quintile rate is estimable","0 censored rows: the masked and unmasked P_a are the same 67329 edges, so the clause holds by construction","raw = identity-link additive fit (stats_c2.raw_bundle); eps routes on the y scale with a MAD-matched sigma.  Clause 4 is asymmetric: a raw-only positive is discarded (latent is primary) and does NOT fail the clause; a LATENT_ONLY_POSITIVE does.  Per route: {""L1"": ""agree"", ""L2"": ""raw_only_positive_discarded"", ""L4"": ""agree"", ""L5"": ""agree""}",,4.0,4.0,,,,154.26,"[20266002, 23]","{""n_eps"": 48769, ""n_eps_bg0"": 0, ""sigma_eps_used"": 0.197009, ""sigma_provenance"": ""sqrt(3)*sigma_y [internal_residual]"", ""spec_expected_routes"": [], ""structurally_unidentified"": false, ""tau_used"": 4.0}"
Z-domain_ZSPA-1_LL1_fitness_1LP1,L4,True,45476,,,,,,,,,0.08689813667207447,0.06306545539865059,0.08914349751270861,0.10835490346465834,0.09646337386018237,,,,0.39999999999999997,0.487412,0.0002970444081390168,0.0034905310063126625,False,True,True,SUPPORTED,SUPPORTED,,CONTROL,,out_of_sample_pairwise_predictability,,mean_obs_per_Z_col,642.5199719691661,5.0,,,,,,,,,,,,,,,,,,,,,,,,,,,,,,,0.44146974836857134,0.5283678850406458,1243,642.5199719691661,0.19084372823685836,0.009415839210361316,12,,,,,,,,,,,,,-0.4666666666666666,cb_dist,"{""cb_dist"": 0.487412, ""dsasa"": 0.016667, ""min_heavy_dist"": 0.48536}","{""degree_hi"": [8.0, 11.0, 14.0, 18.0, 51.0], ""degree_lo"": [2.0, 8.0, 11.0, 14.0, 18.0], ""n"": [13466, 13466, 13466, 13466, 13465], ""n_bins"": 5, ""n_cliff"": [4, 22, 40, 30, 47], ""n_cliff_by_tau"": {""2.0"": 3715, ""3.0"": 756, ""4.0"": 143}, ""n_cliff_by_tau_by_quintile"": {""2.0"": [877, 705, 645, 710, 778], ""3.0"": [129, 138, 165, 174, 150], ""4.0"": [4, 22, 40, 30, 47]}, ""rate"": [0.00029704, 0.00163374, 0.00297044, 0.00222783, 0.00349053], ""rate_N2_mean"": [0.00181494, 0.00252302, 0.00329385, 0.00297341, 0.00279057], ""rate_N2_p95"": [0.00245062, 0.00319323, 0.00423288, 0.00386158, 0.00401411], ""rate_by_tau"": {""2.0"": [0.06512699, 0.05235408, 0.04789841, 0.05272538, 0.05777943], ""3.0"": [0.00957968, 0.01024803, 0.01225308, 0.01292143, 0.01113999], ""4.0"": [0.00029704, 0.00163374, 0.00297044, 0.00222783, 0.00349053]}, ""tau"": 4.0, ""underpowered"": false}",0.8999999999999998,False,False,"N2 (B=200) per-quintile rate at tau=4; tau is the largest of (4,3,2) with >= 100 cliffs (20 per bin) so a per-quintile rate is estimable","0 censored rows: the masked and unmasked P_a are the same 67329 edges, so the clause holds by construction","raw = identity-link additive fit (stats_c2.raw_bundle); eps routes on the y scale with a MAD-matched sigma.  Clause 4 is asymmetric: a raw-only positive is discarded (latent is primary) and does NOT fail the clause; a LATENT_ONLY_POSITIVE does.  Per route: {""L1"": ""agree"", ""L2"": ""raw_only_positive_discarded"", ""L4"": ""agree"", ""L5"": ""agree""}",,4.0,4.0,,,,154.26,"[20266002, 23]","{""n_eps"": 48769, ""n_eps_bg0"": 0, ""sigma_eps_used"": 0.197009, ""sigma_provenance"": ""sqrt(3)*sigma_y [internal_residual]"", ""spec_expected_routes"": [], ""structurally_unidentified"": false, ""tau_used"": 4.0}"
Z-domain_ZSPA-1_LL1_fitness_1LP1,L5,True,38737,,,,,,,,,,,,,,0.532349485034907,0.48983160513098495,0.005997001499250375,0.39999999999999997,0.487412,0.0002970444081390168,0.0034905310063126625,False,True,True,SUPPORTED,SUPPORTED,,CONTROL,,eps_3D_localisation,,n_eps_with_both_sites_annotated,48769.0,500.0,48769,,,,,,,,,,,,,,,,,,,,,,,,,,,,,,,,,,,,,0.6065324979503203,0.5201903755558155,0.5326017458330832,368,38369,0.1970086550053068,sqrt(3)*sigma_y [internal_residual],0.532349485034907,0.5211814204560572,,,,-0.4666666666666666,cb_dist,"{""cb_dist"": 0.487412, ""dsasa"": 0.016667, ""min_heavy_dist"": 0.48536}","{""degree_hi"": [8.0, 11.0, 14.0, 18.0, 51.0], ""degree_lo"": [2.0, 8.0, 11.0, 14.0, 18.0], ""n"": [13466, 13466, 13466, 13466, 13465], ""n_bins"": 5, ""n_cliff"": [4, 22, 40, 30, 47], ""n_cliff_by_tau"": {""2.0"": 3715, ""3.0"": 756, ""4.0"": 143}, ""n_cliff_by_tau_by_quintile"": {""2.0"": [877, 705, 645, 710, 778], ""3.0"": [129, 138, 165, 174, 150], ""4.0"": [4, 22, 40, 30, 47]}, ""rate"": [0.00029704, 0.00163374, 0.00297044, 0.00222783, 0.00349053], ""rate_N2_mean"": [0.00181494, 0.00252302, 0.00329385, 0.00297341, 0.00279057], ""rate_N2_p95"": [0.00245062, 0.00319323, 0.00423288, 0.00386158, 0.00401411], ""rate_by_tau"": {""2.0"": [0.06512699, 0.05235408, 0.04789841, 0.05272538, 0.05777943], ""3.0"": [0.00957968, 0.01024803, 0.01225308, 0.01292143, 0.01113999], ""4.0"": [0.00029704, 0.00163374, 0.00297044, 0.00222783, 0.00349053]}, ""tau"": 4.0, ""underpowered"": false}",0.8999999999999998,False,False,"N2 (B=200) per-quintile rate at tau=4; tau is the largest of (4,3,2) with >= 100 cliffs (20 per bin) so a per-quintile rate is estimable","0 censored rows: the masked and unmasked P_a are the same 67329 edges, so the clause holds by construction","raw = identity-link additive fit (stats_c2.raw_bundle); eps routes on the y scale with a MAD-matched sigma.  Clause 4 is asymmetric: a raw-only positive is discarded (latent is primary) and does NOT fail the clause; a LATENT_ONLY_POSITIVE does.  Per route: {""L1"": ""agree"", ""L2"": ""raw_only_positive_discarded"", ""L4"": ""agree"", ""L5"": ""agree""}","{""sigma_x0.5"": {""AUROC"": 0.511171, ""feasible"": true, ""n_cliff"": 5332, ""n_noncliff"": 26815, ""sigma"": 0.098504}, ""sigma_x1"": {""AUROC"": 0.532349, ""feasible"": true, ""n_cliff"": 368, ""n_noncliff"": 38369, ""sigma"": 0.197009}, ""sigma_x2"": {""AUROC"": null, ""feasible"": false, ""n_cliff"": 0, ""n_noncliff"": 46344, ""sigma"": 0.394017}}",4.0,4.0,,2000,,154.26,"[20266002, 23]","{""n_eps"": 48769, ""n_eps_bg0"": 0, ""sigma_eps_used"": 0.197009, ""sigma_provenance"": ""sqrt(3)*sigma_y [internal_residual]"", ""spec_expected_routes"": [], ""structurally_unidentified"": false, ""tau_used"": 4.0}"
Z-domain_ZSPA-1_LL2_fitness_1LP1,L1,True,3121,0.886273070865956,0.0242668275470067,0.2113282522698075,False,,,,,,,,,,,,,-0.11904761904761905,0.761905,0.06198830409356725,0.04152046783625731,False,True,True,SUPPORTED,SUPPORTED,,CONTROL,,sibling_corroboration,,n_edges_with_|S|>=3_in_P_a,3121.0,1000.0,3121,,,,0.8780456516321034,36.52199980195917,4.963732189152122e-292,0.8162930678136449,0.9208064031055265,0.024156301855595867,0.07443446788516665,-0.13194529529043547,0.15729664400907675,0.004975124378109453,1.0704971094241214,0.886273070865956,0.08979884149977602,0.0030362684116296635,0.00828126573595466,0.009931330492691898,0.006494615339214684,False,,,,,,,,,,,,,,,,,,,,,,,,,,,,-0.3571428571428572,dsasa,"{""cb_dist"": 0.301227, ""dsasa"": 0.761905, ""min_heavy_dist"": 0.02381}","{""degree_hi"": [8.0, 10.0, 13.0, 17.0, 49.0], ""degree_lo"": [2.0, 8.0, 10.0, 13.0, 17.0], ""n"": [1710, 1710, 1710, 1710, 1710], ""n_bins"": 5, ""n_cliff"": [106, 76, 78, 53, 71], ""n_cliff_by_tau"": {""2.0"": 384, ""3.0"": 86, ""4.0"": 21}, ""n_cliff_by_tau_by_quintile"": {""2.0"": [106, 76, 78, 53, 71], ""3.0"": [31, 16, 16, 9, 14], ""4.0"": [10, 3, 2, 3, 3]}, ""rate"": [0.0619883, 0.04444444, 0.04561404, 0.03099415, 0.04152047], ""rate_N2_mean"": [0.10288889, 0.0806345, 0.07202924, 0.07594444, 0.07205556], ""rate_N2_p95"": [0.11289474, 0.09067251, 0.08423977, 0.09008772, 0.08833333], ""rate_by_tau"": {""2.0"": [0.0619883, 0.04444444, 0.04561404, 0.03099415, 0.04152047], ""3.0"": [0.01812865, 0.00935673, 0.00935673, 0.00526316, 0.00818713], ""4.0"": [0.00584795, 0.00175439, 0.00116959, 0.00175439, 0.00175439]}, ""tau"": 2.0, ""underpowered"": false}",-0.7999999999999999,False,False,"N2 (B=200) per-quintile rate at tau=2; tau is the largest of (4,3,2) with >= 100 cliffs (20 per bin) so a per-quintile rate is estimable","0 censored rows: the masked and unmasked P_a are the same 8550 edges, so the clause holds by construction","raw = identity-link additive fit (stats_c2.raw_bundle); eps routes on the y scale with a MAD-matched sigma.  Clause 4 is asymmetric: a raw-only positive is discarded (latent is primary) and does NOT fail the clause; a LATENT_ONLY_POSITIVE does.  Per route: {""L1"": ""agree"", ""L2"": ""agree"", ""L4"": ""raw_only_positive_discarded"", ""L5"": ""agree""}",,2.0,2.0,0.004975124378109453,200,12,32.08,"[20266002, 24]","{""n_eps"": 5184, ""n_eps_bg0"": 0, ""sigma_eps_used"": 0.306699, ""sigma_provenance"": ""sqrt(3)*sigma_y [internal_residual]"", ""spec_expected_routes"": [], ""structurally_unidentified"": false, ""tau_used"": 2.0}"
Z-domain_ZSPA-1_LL2_fitness_1LP1,L2,True,5184,,,,,0.31949452313628807,0.19803183138412014,0.45712975711016757,,,,,,,,,,-0.11904761904761905,0.761905,0.06198830409356725,0.04152046783625731,False,True,True,SUPPORTED,SUPPORTED,,CONTROL,,sitepair_ICC_across_backgrounds,,sub_pairs: n_groups(>=2 members)>=200 OR n_groups(>=200 members)>=2,490.0,200.0,5184,626,490,8.281150159744408,,,,,,,,,,,,,,,,,,,-0.0006695119072790847,0.02690708962624364,0.004975124378109453,True,0.40029995032344134,0.31949452313628807,1000,label permutation (N2 cannot move an ICC of eps: N2 permutes e and never touches y),,,,,,,,,,,,,,,,,,,,-0.3571428571428572,dsasa,"{""cb_dist"": 0.301227, ""dsasa"": 0.761905, ""min_heavy_dist"": 0.02381}","{""degree_hi"": [8.0, 10.0, 13.0, 17.0, 49.0], ""degree_lo"": [2.0, 8.0, 10.0, 13.0, 17.0], ""n"": [1710, 1710, 1710, 1710, 1710], ""n_bins"": 5, ""n_cliff"": [106, 76, 78, 53, 71], ""n_cliff_by_tau"": {""2.0"": 384, ""3.0"": 86, ""4.0"": 21}, ""n_cliff_by_tau_by_quintile"": {""2.0"": [106, 76, 78, 53, 71], ""3.0"": [31, 16, 16, 9, 14], ""4.0"": [10, 3, 2, 3, 3]}, ""rate"": [0.0619883, 0.04444444, 0.04561404, 0.03099415, 0.04152047], ""rate_N2_mean"": [0.10288889, 0.0806345, 0.07202924, 0.07594444, 0.07205556], ""rate_N2_p95"": [0.11289474, 0.09067251, 0.08423977, 0.09008772, 0.08833333], ""rate_by_tau"": {""2.0"": [0.0619883, 0.04444444, 0.04561404, 0.03099415, 0.04152047], ""3.0"": [0.01812865, 0.00935673, 0.00935673, 0.00526316, 0.00818713], ""4.0"": [0.00584795, 0.00175439, 0.00116959, 0.00175439, 0.00175439]}, ""tau"": 2.0, ""underpowered"": false}",-0.7999999999999999,False,False,"N2 (B=200) per-quintile rate at tau=2; tau is the largest of (4,3,2) with >= 100 cliffs (20 per bin) so a per-quintile rate is estimable","0 censored rows: the masked and unmasked P_a are the same 8550 edges, so the clause holds by construction","raw = identity-link additive fit (stats_c2.raw_bundle); eps routes on the y scale with a MAD-matched sigma.  Clause 4 is asymmetric: a raw-only positive is discarded (latent is primary) and does NOT fail the clause; a LATENT_ONLY_POSITIVE does.  Per route: {""L1"": ""agree"", ""L2"": ""agree"", ""L4"": ""raw_only_positive_discarded"", ""L5"": ""agree""}",,2.0,2.0,,,,32.08,"[20266002, 24]","{""n_eps"": 5184, ""n_eps_bg0"": 0, ""sigma_eps_used"": 0.306699, ""sigma_provenance"": ""sqrt(3)*sigma_y [internal_residual]"", ""spec_expected_routes"": [], ""structurally_unidentified"": false, ""tau_used"": 2.0}"
Z-domain_ZSPA-1_LL2_fitness_1LP1,L2',False,0,,,,,,,,,,,,,,,,,-0.11904761904761905,0.761905,0.06198830409356725,0.04152046783625731,False,True,True,SUPPORTED,SUPPORTED,,CONTROL,,sitepair_ICC_across_aa_combinations,no double whose two singles are both observed and uncensored (bg_order 0 is empty),median_aa_combos_per_site_pair,,5.0,,,,,,,,,,,,,,,,,,,,,,,,,,True,0.40029995032344134,0.31949452313628807,,label permutation (N2 cannot move an ICC of eps: N2 permutes e and never touches y),,,,,,,,,,,,,,,,,,,,-0.3571428571428572,dsasa,"{""cb_dist"": 0.301227, ""dsasa"": 0.761905, ""min_heavy_dist"": 0.02381}","{""degree_hi"": [8.0, 10.0, 13.0, 17.0, 49.0], ""degree_lo"": [2.0, 8.0, 10.0, 13.0, 17.0], ""n"": [1710, 1710, 1710, 1710, 1710], ""n_bins"": 5, ""n_cliff"": [106, 76, 78, 53, 71], ""n_cliff_by_tau"": {""2.0"": 384, ""3.0"": 86, ""4.0"": 21}, ""n_cliff_by_tau_by_quintile"": {""2.0"": [106, 76, 78, 53, 71], ""3.0"": [31, 16, 16, 9, 14], ""4.0"": [10, 3, 2, 3, 3]}, ""rate"": [0.0619883, 0.04444444, 0.04561404, 0.03099415, 0.04152047], ""rate_N2_mean"": [0.10288889, 0.0806345, 0.07202924, 0.07594444, 0.07205556], ""rate_N2_p95"": [0.11289474, 0.09067251, 0.08423977, 0.09008772, 0.08833333], ""rate_by_tau"": {""2.0"": [0.0619883, 0.04444444, 0.04561404, 0.03099415, 0.04152047], ""3.0"": [0.01812865, 0.00935673, 0.00935673, 0.00526316, 0.00818713], ""4.0"": [0.00584795, 0.00175439, 0.00116959, 0.00175439, 0.00175439]}, ""tau"": 2.0, ""underpowered"": false}",-0.7999999999999999,False,False,"N2 (B=200) per-quintile rate at tau=2; tau is the largest of (4,3,2) with >= 100 cliffs (20 per bin) so a per-quintile rate is estimable","0 censored rows: the masked and unmasked P_a are the same 8550 edges, so the clause holds by construction","raw = identity-link additive fit (stats_c2.raw_bundle); eps routes on the y scale with a MAD-matched sigma.  Clause 4 is asymmetric: a raw-only positive is discarded (latent is primary) and does NOT fail the clause; a LATENT_ONLY_POSITIVE does.  Per route: {""L1"": ""agree"", ""L2"": ""agree"", ""L4"": ""raw_only_positive_discarded"", ""L5"": ""agree""}",,2.0,2.0,,,,32.08,"[20266002, 24]","{""n_eps"": 5184, ""n_eps_bg0"": 0, ""sigma_eps_used"": 0.306699, ""sigma_provenance"": ""sqrt(3)*sigma_y [internal_residual]"", ""spec_expected_routes"": [], ""structurally_unidentified"": false, ""tau_used"": 2.0}"
Z-domain_ZSPA-1_LL2_fitness_1LP1,L3,False,0,,,,,,,,,,,,,,,,,-0.11904761904761905,0.761905,0.06198830409356725,0.04152046783625731,False,True,True,SUPPORTED,SUPPORTED,,CONTROL,,cross_measurement_eps_replication,no independent measurement of the same site pair exists for this assay (the KRAS RAF1 / RAF1-RBD twin is the only one in the benchmark),n_shared_substitution_pairs_twice_measured,0.0,1.0,,,,,,,,,,,,,,,,,,,,,,,,,,,,,,,,,,,,,,,,,,,,,,,,,,-0.3571428571428572,dsasa,"{""cb_dist"": 0.301227, ""dsasa"": 0.761905, ""min_heavy_dist"": 0.02381}","{""degree_hi"": [8.0, 10.0, 13.0, 17.0, 49.0], ""degree_lo"": [2.0, 8.0, 10.0, 13.0, 17.0], ""n"": [1710, 1710, 1710, 1710, 1710], ""n_bins"": 5, ""n_cliff"": [106, 76, 78, 53, 71], ""n_cliff_by_tau"": {""2.0"": 384, ""3.0"": 86, ""4.0"": 21}, ""n_cliff_by_tau_by_quintile"": {""2.0"": [106, 76, 78, 53, 71], ""3.0"": [31, 16, 16, 9, 14], ""4.0"": [10, 3, 2, 3, 3]}, ""rate"": [0.0619883, 0.04444444, 0.04561404, 0.03099415, 0.04152047], ""rate_N2_mean"": [0.10288889, 0.0806345, 0.07202924, 0.07594444, 0.07205556], ""rate_N2_p95"": [0.11289474, 0.09067251, 0.08423977, 0.09008772, 0.08833333], ""rate_by_tau"": {""2.0"": [0.0619883, 0.04444444, 0.04561404, 0.03099415, 0.04152047], ""3.0"": [0.01812865, 0.00935673, 0.00935673, 0.00526316, 0.00818713], ""4.0"": [0.00584795, 0.00175439, 0.00116959, 0.00175439, 0.00175439]}, ""tau"": 2.0, ""underpowered"": false}",-0.7999999999999999,False,False,"N2 (B=200) per-quintile rate at tau=2; tau is the largest of (4,3,2) with >= 100 cliffs (20 per bin) so a per-quintile rate is estimable","0 censored rows: the masked and unmasked P_a are the same 8550 edges, so the clause holds by construction","raw = identity-link additive fit (stats_c2.raw_bundle); eps routes on the y scale with a MAD-matched sigma.  Clause 4 is asymmetric: a raw-only positive is discarded (latent is primary) and does NOT fail the clause; a LATENT_ONLY_POSITIVE does.  Per route: {""L1"": ""agree"", ""L2"": ""agree"", ""L4"": ""raw_only_positive_discarded"", ""L5"": ""agree""}",,2.0,2.0,,,,32.08,"[20266002, 24]","{""n_eps"": 5184, ""n_eps_bg0"": 0, ""sigma_eps_used"": 0.306699, ""sigma_provenance"": ""sqrt(3)*sigma_y [internal_residual]"", ""spec_expected_routes"": [], ""structurally_unidentified"": false, ""tau_used"": 2.0}"
Z-domain_ZSPA-1_LL2_fitness_1LP1,L4,True,5583,,,,,,,,,0.010229815778423012,-0.11320708611011919,0.01961435189046466,0.38886581035558954,0.3919546465570084,,,,-0.11904761904761905,0.761905,0.06198830409356725,0.04152046783625731,False,True,True,SUPPORTED,SUPPORTED,,CONTROL,,out_of_sample_pairwise_predictability,,mean_obs_per_Z_col,35.56665273715002,5.0,,,,,,,,,,,,,,,,,,,,,,,,,,,,,,,0.6255489480715388,0.6357787638499619,1260,35.56665273715002,0.15682407788968672,0.003978025602464861,13,,,,,,,,,,,,,-0.3571428571428572,dsasa,"{""cb_dist"": 0.301227, ""dsasa"": 0.761905, ""min_heavy_dist"": 0.02381}","{""degree_hi"": [8.0, 10.0, 13.0, 17.0, 49.0], ""degree_lo"": [2.0, 8.0, 10.0, 13.0, 17.0], ""n"": [1710, 1710, 1710, 1710, 1710], ""n_bins"": 5, ""n_cliff"": [106, 76, 78, 53, 71], ""n_cliff_by_tau"": {""2.0"": 384, ""3.0"": 86, ""4.0"": 21}, ""n_cliff_by_tau_by_quintile"": {""2.0"": [106, 76, 78, 53, 71], ""3.0"": [31, 16, 16, 9, 14], ""4.0"": [10, 3, 2, 3, 3]}, ""rate"": [0.0619883, 0.04444444, 0.04561404, 0.03099415, 0.04152047], ""rate_N2_mean"": [0.10288889, 0.0806345, 0.07202924, 0.07594444, 0.07205556], ""rate_N2_p95"": [0.11289474, 0.09067251, 0.08423977, 0.09008772, 0.08833333], ""rate_by_tau"": {""2.0"": [0.0619883, 0.04444444, 0.04561404, 0.03099415, 0.04152047], ""3.0"": [0.01812865, 0.00935673, 0.00935673, 0.00526316, 0.00818713], ""4.0"": [0.00584795, 0.00175439, 0.00116959, 0.00175439, 0.00175439]}, ""tau"": 2.0, ""underpowered"": false}",-0.7999999999999999,False,False,"N2 (B=200) per-quintile rate at tau=2; tau is the largest of (4,3,2) with >= 100 cliffs (20 per bin) so a per-quintile rate is estimable","0 censored rows: the masked and unmasked P_a are the same 8550 edges, so the clause holds by construction","raw = identity-link additive fit (stats_c2.raw_bundle); eps routes on the y scale with a MAD-matched sigma.  Clause 4 is asymmetric: a raw-only positive is discarded (latent is primary) and does NOT fail the clause; a LATENT_ONLY_POSITIVE does.  Per route: {""L1"": ""agree"", ""L2"": ""agree"", ""L4"": ""raw_only_positive_discarded"", ""L5"": ""agree""}",,2.0,2.0,,,,32.08,"[20266002, 24]","{""n_eps"": 5184, ""n_eps_bg0"": 0, ""sigma_eps_used"": 0.306699, ""sigma_provenance"": ""sqrt(3)*sigma_y [internal_residual]"", ""spec_expected_routes"": [], ""structurally_unidentified"": false, ""tau_used"": 2.0}"
Z-domain_ZSPA-1_LL2_fitness_1LP1,L5,True,4461,,,,,,,,,,,,,,0.3894961763382816,0.2819274097253675,0.9280359820089955,-0.11904761904761905,0.761905,0.06198830409356725,0.04152046783625731,False,True,True,SUPPORTED,SUPPORTED,,CONTROL,,eps_3D_localisation,,n_eps_with_both_sites_annotated,5184.0,500.0,5184,,,,,,,,,,,,,,,,,,,,,,,,,,,,,,,,,,,,,0.49428058896671045,0.4264885665017244,0.44631129104813316,15,4446,0.3066994326486438,sqrt(3)*sigma_y [internal_residual],0.3894961763382816,0.5907331280703113,,,,-0.3571428571428572,dsasa,"{""cb_dist"": 0.301227, ""dsasa"": 0.761905, ""min_heavy_dist"": 0.02381}","{""degree_hi"": [8.0, 10.0, 13.0, 17.0, 49.0], ""degree_lo"": [2.0, 8.0, 10.0, 13.0, 17.0], ""n"": [1710, 1710, 1710, 1710, 1710], ""n_bins"": 5, ""n_cliff"": [106, 76, 78, 53, 71], ""n_cliff_by_tau"": {""2.0"": 384, ""3.0"": 86, ""4.0"": 21}, ""n_cliff_by_tau_by_quintile"": {""2.0"": [106, 76, 78, 53, 71], ""3.0"": [31, 16, 16, 9, 14], ""4.0"": [10, 3, 2, 3, 3]}, ""rate"": [0.0619883, 0.04444444, 0.04561404, 0.03099415, 0.04152047], ""rate_N2_mean"": [0.10288889, 0.0806345, 0.07202924, 0.07594444, 0.07205556], ""rate_N2_p95"": [0.11289474, 0.09067251, 0.08423977, 0.09008772, 0.08833333], ""rate_by_tau"": {""2.0"": [0.0619883, 0.04444444, 0.04561404, 0.03099415, 0.04152047], ""3.0"": [0.01812865, 0.00935673, 0.00935673, 0.00526316, 0.00818713], ""4.0"": [0.00584795, 0.00175439, 0.00116959, 0.00175439, 0.00175439]}, ""tau"": 2.0, ""underpowered"": false}",-0.7999999999999999,False,False,"N2 (B=200) per-quintile rate at tau=2; tau is the largest of (4,3,2) with >= 100 cliffs (20 per bin) so a per-quintile rate is estimable","0 censored rows: the masked and unmasked P_a are the same 8550 edges, so the clause holds by construction","raw = identity-link additive fit (stats_c2.raw_bundle); eps routes on the y scale with a MAD-matched sigma.  Clause 4 is asymmetric: a raw-only positive is discarded (latent is primary) and does NOT fail the clause; a LATENT_ONLY_POSITIVE does.  Per route: {""L1"": ""agree"", ""L2"": ""agree"", ""L4"": ""raw_only_positive_discarded"", ""L5"": ""agree""}","{""sigma_x0.5"": {""AUROC"": 0.53371, ""feasible"": true, ""n_cliff"": 249, ""n_noncliff"": 3350, ""sigma"": 0.15335}, ""sigma_x1"": {""AUROC"": 0.389496, ""feasible"": true, ""n_cliff"": 15, ""n_noncliff"": 4446, ""sigma"": 0.306699}, ""sigma_x2"": {""AUROC"": null, ""feasible"": false, ""n_cliff"": 1, ""n_noncliff"": 5083, ""sigma"": 0.613399}}",2.0,2.0,,2000,,32.08,"[20266002, 24]","{""n_eps"": 5184, ""n_eps_bg0"": 0, ""sigma_eps_used"": 0.306699, ""sigma_provenance"": ""sqrt(3)*sigma_y [internal_residual]"", ""spec_expected_routes"": [], ""structurally_unidentified"": false, ""tau_used"": 2.0}"
